-- MySQL dump 10.13  Distrib 9.5.0, for Win64 (x86_64)
--
-- Host: localhost    Database: aiops_db
-- ------------------------------------------------------
-- Server version	9.5.0

/*!40101 SET @OLD_CHARACTER_SET_CLIENT=@@CHARACTER_SET_CLIENT */;
/*!40101 SET @OLD_CHARACTER_SET_RESULTS=@@CHARACTER_SET_RESULTS */;
/*!40101 SET @OLD_COLLATION_CONNECTION=@@COLLATION_CONNECTION */;
/*!50503 SET NAMES utf8mb4 */;
/*!40103 SET @OLD_TIME_ZONE=@@TIME_ZONE */;
/*!40103 SET TIME_ZONE='+00:00' */;
/*!40014 SET @OLD_UNIQUE_CHECKS=@@UNIQUE_CHECKS, UNIQUE_CHECKS=0 */;
/*!40014 SET @OLD_FOREIGN_KEY_CHECKS=@@FOREIGN_KEY_CHECKS, FOREIGN_KEY_CHECKS=0 */;
/*!40101 SET @OLD_SQL_MODE=@@SQL_MODE, SQL_MODE='NO_AUTO_VALUE_ON_ZERO' */;
/*!40111 SET @OLD_SQL_NOTES=@@SQL_NOTES, SQL_NOTES=0 */;
SET @MYSQLDUMP_TEMP_LOG_BIN = @@SESSION.SQL_LOG_BIN;
SET @@SESSION.SQL_LOG_BIN= 0;

--
-- GTID state at the beginning of the backup 
--

SET @@GLOBAL.GTID_PURGED=/*!80000 '+'*/ '7ce513ef-cc2d-11f0-b2dd-6c1ff757bb56:1-886';

--
-- Current Database: `aiops_db`
--

CREATE DATABASE /*!32312 IF NOT EXISTS*/ `aiops_db` /*!40100 DEFAULT CHARACTER SET utf8mb4 COLLATE utf8mb4_unicode_ci */ /*!80016 DEFAULT ENCRYPTION='N' */;

USE `aiops_db`;

--
-- Table structure for table `alert`
--

DROP TABLE IF EXISTS `alert`;
/*!40101 SET @saved_cs_client     = @@character_set_client */;
/*!50503 SET character_set_client = utf8mb4 */;
CREATE TABLE `alert` (
  `id` bigint NOT NULL AUTO_INCREMENT,
  `severity` varchar(20) NOT NULL,
  `message` varchar(500) NOT NULL,
  `device_id` bigint DEFAULT NULL,
  `device_name` varchar(100) DEFAULT NULL,
  `device_type` varchar(50) DEFAULT NULL,
  `status` varchar(20) DEFAULT 'active',
  `description` text,
  `metric_name` varchar(100) DEFAULT NULL,
  `metric_value` varchar(50) DEFAULT NULL,
  `threshold` varchar(50) DEFAULT NULL,
  `occurred_time` datetime DEFAULT NULL,
  `acknowledged_time` datetime DEFAULT NULL,
  `resolved_time` datetime DEFAULT NULL,
  `acknowledged_by` varchar(50) DEFAULT NULL,
  `resolved_by` varchar(50) DEFAULT NULL,
  `create_time` datetime DEFAULT CURRENT_TIMESTAMP,
  `update_time` datetime DEFAULT CURRENT_TIMESTAMP ON UPDATE CURRENT_TIMESTAMP,
  `deleted` int DEFAULT '0',
  `alert_category` varchar(50) DEFAULT NULL COMMENT '告警分类：cpu-CPU告警, memory-内存告警, disk-磁盘告警, network-网络告警, service-服务告警, security-安全告警',
  PRIMARY KEY (`id`),
  KEY `idx_device_id` (`device_id`)
) ENGINE=InnoDB AUTO_INCREMENT=73 DEFAULT CHARSET=utf8mb4 COLLATE=utf8mb4_0900_ai_ci;
/*!40101 SET character_set_client = @saved_cs_client */;

--
-- Dumping data for table `alert`
--

LOCK TABLES `alert` WRITE;
/*!40000 ALTER TABLE `alert` DISABLE KEYS */;
INSERT INTO `alert` VALUES (1,'critical','CPU使用率超过90%阈值',1,'web-server-01','server','resolved','服务器CPU负载过高，可能影响业务运行','cpu_usage','95.5%','90%','2025-11-29 14:35:15',NULL,'2025-11-29 14:47:08',NULL,NULL,'2025-11-29 14:45:15','2025-12-01 15:58:50',0,'cpu'),(2,'critical','内存使用率超过95%阈值',2,'db-server-01','server','active','数据库服务器内存即将耗尽','memory_usage','97.2%','95%','2025-11-29 14:15:15',NULL,NULL,NULL,NULL,'2025-11-29 14:45:15','2025-12-01 15:58:50',0,'memory'),(3,'critical','磁盘空间不足',3,'storage-01','storage','acknowledged','存储设备磁盘空间已使用超过95%','disk_usage','96.8%','90%','2025-11-29 12:45:15',NULL,NULL,NULL,NULL,'2025-11-29 14:45:15','2025-12-01 15:58:50',0,'disk'),(4,'warning','网络延迟超过阈值',4,'router-01','network','active','核心路由器网络延迟增加','latency','150ms','100ms','2025-11-29 14:30:15',NULL,NULL,NULL,NULL,'2025-11-29 14:45:15','2025-12-01 15:58:50',0,'network'),(5,'warning','端口流量异常',5,'switch-01','network','active','交换机端口流量突增','port_traffic','850Mbps','800Mbps','2025-11-29 14:00:15',NULL,NULL,NULL,NULL,'2025-11-29 14:45:15','2025-12-01 15:58:50',0,'network'),(6,'warning','服务响应时间增加',1,'web-server-01','server','acknowledged','Web服务响应时间超过正常值','response_time','2.5s','2s','2025-11-29 13:45:15',NULL,NULL,NULL,NULL,'2025-11-29 14:45:15','2025-12-01 15:58:50',0,'service'),(7,'warning','SSL证书即将过期',6,'nginx-01','web','active','SSL证书将在7天内过期','ssl_expiry','7天','30天','2025-11-29 11:45:15',NULL,NULL,NULL,NULL,'2025-11-29 14:45:15','2025-12-01 15:58:50',0,'security'),(8,'info','系统自动备份完成',3,'storage-01','storage','resolved','每日自动备份任务已完成','backup_status','成功','-','2025-11-29 08:45:15',NULL,NULL,NULL,NULL,'2025-11-29 14:45:15','2025-12-01 15:58:50',0,'disk'),(9,'info','新设备上线',7,'camera-01','camera','resolved','新摄像头设备已成功接入网络','device_status','在线','-','2025-11-29 06:45:15',NULL,NULL,NULL,NULL,'2025-11-29 14:45:15','2025-12-01 15:58:50',0,'other'),(10,'info','系统更新通知',2,'db-server-01','server','active','数据库版本有可用更新','update_available','MySQL 8.0.35','-','2025-11-29 02:45:15',NULL,NULL,NULL,NULL,'2025-11-29 14:45:15','2025-12-01 15:58:50',0,'service'),(11,'critical','服务宕机',8,'app-server-01','server','resolved','应用服务器服务异常停止','service_status','停止','运行中','2025-11-28 14:45:15',NULL,NULL,NULL,NULL,'2025-11-29 14:45:15','2025-12-01 15:58:50',0,'service'),(12,'warning','登录失败次数过多',9,'firewall-01','security','acknowledged','检测到多次SSH登录失败尝试','failed_logins','15次','5次','2025-11-29 10:45:15',NULL,NULL,NULL,NULL,'2025-11-29 14:45:15','2025-12-01 15:58:50',0,'security'),(13,'critical','数据库连接池耗尽',2,'db-server-01','server','acknowledged','数据库连接池已达到最大限制','db_connections','500','500','2025-11-29 14:40:15','2025-11-29 14:46:23',NULL,NULL,NULL,'2025-11-29 14:45:15','2025-12-01 15:58:50',0,'service'),(14,'warning','温度告警',10,'rack-sensor-01','sensor','active','机房温度超过正常范围','temperature','32°C','28°C','2025-11-29 14:25:15',NULL,NULL,NULL,NULL,'2025-11-29 14:45:15','2025-12-01 15:58:50',0,'temperature'),(15,'info','定时任务执行完成',1,'web-server-01','server','resolved','数据同步定时任务已完成','cron_job','成功','-','2025-11-27 14:45:15',NULL,NULL,NULL,NULL,'2025-11-29 14:45:15','2025-12-01 15:58:50',0,'service'),(16,'critical','CPU使用率超过90%阈值',1,'web-server-01','server','active','服务器CPU负载过高','cpu_usage','92.3%','90%','2025-12-12 08:15:00',NULL,NULL,NULL,NULL,'2025-12-12 09:23:12','2025-12-12 09:23:12',0,'cpu'),(17,'warning','内存使用率偏高',2,'db-server-01','server','active','数据库服务器内存使用率上升','memory_usage','85.6%','80%','2025-12-12 10:30:00',NULL,NULL,NULL,NULL,'2025-12-12 09:23:12','2025-12-12 09:23:12',0,'memory'),(18,'info','系统备份完成',3,'storage-01','storage','resolved','每日备份任务已完成','backup_status','完成','完成','2025-12-12 03:00:00',NULL,NULL,NULL,NULL,'2025-12-12 09:23:12','2025-12-12 09:23:12',0,'other'),(19,'warning','网络延迟增加',4,'router-01','network','acknowledged','核心路由器延迟上升','latency','120ms','100ms','2025-12-12 14:20:00',NULL,NULL,NULL,NULL,'2025-12-12 09:23:12','2025-12-12 09:23:12',0,'network'),(20,'critical','磁盘空间告警',3,'storage-01','storage','active','存储空间即将耗尽','disk_usage','93.5%','90%','2025-12-12 16:45:00',NULL,NULL,NULL,NULL,'2025-12-12 09:23:12','2025-12-12 09:23:12',0,'disk'),(21,'warning','服务响应时间增加',1,'web-server-01','server','active','Web服务响应变慢','response_time','2.8s','2s','2025-12-13 09:10:00',NULL,NULL,NULL,NULL,'2025-12-12 09:23:12','2025-12-12 09:23:12',0,'service'),(22,'critical','数据库连接池告警',2,'db-server-01','server','acknowledged','连接池使用率过高','db_connections','480','500','2025-12-13 11:25:00',NULL,NULL,NULL,NULL,'2025-12-12 09:23:12','2025-12-12 09:23:12',0,'service'),(23,'info','安全扫描完成',9,'firewall-01','security','resolved','每周安全扫描已完成','scan_status','完成','完成','2025-12-13 02:00:00',NULL,NULL,NULL,NULL,'2025-12-12 09:23:12','2025-12-12 09:23:12',0,'security'),(24,'warning','端口流量异常',5,'switch-01','network','active','交换机端口流量突增','port_traffic','820Mbps','800Mbps','2025-12-13 15:30:00',NULL,NULL,NULL,NULL,'2025-12-12 09:23:12','2025-12-12 09:23:12',0,'network'),(25,'critical','CPU温度过高',8,'app-server-01','server','active','应用服务器CPU温度告警','cpu_temp','78°C','70°C','2025-12-13 17:00:00',NULL,NULL,NULL,NULL,'2025-12-12 09:23:12','2025-12-12 09:23:12',0,'temperature'),(26,'warning','SSL证书即将过期',6,'nginx-01','web','active','SSL证书将在5天内过期','ssl_expiry','5天','7天','2025-12-14 08:00:00',NULL,NULL,NULL,NULL,'2025-12-12 09:23:12','2025-12-12 09:23:12',0,'security'),(27,'critical','内存使用率超过95%',2,'db-server-01','server','active','数据库服务器内存告警','memory_usage','96.1%','95%','2025-12-14 10:45:00',NULL,NULL,NULL,NULL,'2025-12-12 09:23:12','2025-12-12 09:23:12',0,'memory'),(28,'info','系统更新可用',1,'web-server-01','server','active','检测到新的系统更新','update_status','可用','可用','2025-12-14 06:00:00',NULL,NULL,NULL,NULL,'2025-12-12 09:23:12','2025-12-12 09:23:12',0,'other'),(29,'warning','登录失败次数增加',9,'firewall-01','security','acknowledged','检测到多次登录失败','failed_logins','8次','5次','2025-12-14 13:20:00',NULL,NULL,NULL,NULL,'2025-12-12 09:23:12','2025-12-12 09:23:12',0,'security'),(30,'critical','存储IOPS告警',3,'storage-01','storage','active','存储IOPS超过阈值','iops','15000','12000','2025-12-14 16:30:00',NULL,NULL,NULL,NULL,'2025-12-12 09:23:12','2025-12-12 09:23:12',0,'disk'),(31,'warning','网络丢包率上升',4,'router-01','network','active','核心路由器丢包率增加','packet_loss','2.5%','1%','2025-12-15 07:30:00',NULL,NULL,NULL,NULL,'2025-12-12 09:24:01','2025-12-12 09:24:01',0,'network'),(32,'critical','CPU使用率告警',8,'app-server-01','server','acknowledged','应用服务器CPU过载','cpu_usage','94.2%','90%','2025-12-15 09:45:00',NULL,NULL,NULL,NULL,'2025-12-12 09:24:01','2025-12-12 09:24:01',0,'cpu'),(33,'info','定时任务执行完成',2,'db-server-01','server','resolved','数据库维护任务完成','task_status','完成','完成','2025-12-15 04:00:00',NULL,NULL,NULL,NULL,'2025-12-12 09:24:01','2025-12-12 09:24:01',0,'other'),(34,'warning','机房温度偏高',10,'rack-sensor-01','sensor','active','机房温度超过正常范围','temperature','30°C','28°C','2025-12-15 14:15:00',NULL,NULL,NULL,NULL,'2025-12-12 09:24:01','2025-12-12 09:24:01',0,'temperature'),(35,'critical','服务不可用',6,'nginx-01','web','active','Nginx服务异常','service_status','异常','正常','2025-12-15 16:00:00',NULL,NULL,NULL,NULL,'2025-12-12 09:24:01','2025-12-12 09:24:01',0,'service'),(36,'warning','磁盘IO延迟',3,'storage-01','storage','active','存储设备IO延迟增加','io_latency','25ms','20ms','2025-12-16 08:20:00',NULL,NULL,NULL,NULL,'2025-12-12 09:24:01','2025-12-12 09:24:01',0,'disk'),(37,'critical','内存泄漏检测',1,'web-server-01','server','active','检测到可能的内存泄漏','memory_leak','检测到','无','2025-12-16 10:30:00',NULL,NULL,NULL,NULL,'2025-12-12 09:24:01','2025-12-12 09:24:01',0,'memory'),(38,'info','证书更新成功',6,'nginx-01','web','resolved','SSL证书已更新','ssl_status','已更新','已更新','2025-12-16 11:00:00',NULL,NULL,NULL,NULL,'2025-12-12 09:24:01','2025-12-12 09:24:01',0,'security'),(39,'warning','带宽使用率高',5,'switch-01','network','acknowledged','交换机带宽使用率偏高','bandwidth','85%','80%','2025-12-16 15:45:00',NULL,NULL,NULL,NULL,'2025-12-12 09:24:01','2025-12-12 09:24:01',0,'network'),(40,'critical','数据库死锁',2,'db-server-01','server','active','检测到数据库死锁','deadlock','检测到','无','2025-12-16 17:30:00',NULL,NULL,NULL,NULL,'2025-12-12 09:24:01','2025-12-12 09:24:01',0,'service'),(41,'warning','CPU负载波动',8,'app-server-01','server','active','CPU负载出现异常波动','cpu_load','4.5','3.0','2025-12-17 07:00:00',NULL,NULL,NULL,NULL,'2025-12-12 09:24:01','2025-12-12 09:24:01',0,'cpu'),(42,'critical','存储空间严重不足',3,'storage-01','storage','active','存储空间使用率超过95%','disk_usage','96.2%','95%','2025-12-17 09:15:00',NULL,NULL,NULL,NULL,'2025-12-12 09:24:01','2025-12-12 09:24:01',0,'disk'),(43,'info','系统健康检查完成',1,'web-server-01','server','resolved','每日健康检查已完成','health_check','通过','通过','2025-12-17 06:00:00',NULL,NULL,NULL,NULL,'2025-12-12 09:24:01','2025-12-12 09:24:01',0,'other'),(44,'warning','网络抖动',4,'router-01','network','active','网络延迟出现抖动','jitter','15ms','10ms','2025-12-17 13:40:00',NULL,NULL,NULL,NULL,'2025-12-12 09:24:01','2025-12-12 09:24:01',0,'network'),(45,'critical','服务响应超时',6,'nginx-01','web','acknowledged','Web服务响应超时','timeout','30s','10s','2025-12-17 16:20:00',NULL,NULL,NULL,NULL,'2025-12-12 09:24:01','2025-12-12 09:24:01',0,'service'),(46,'warning','内存使用率上升',8,'app-server-01','server','active','应用服务器内存使用增加','memory_usage','82.5%','80%','2025-12-18 08:30:00',NULL,NULL,NULL,NULL,'2025-12-12 09:24:20','2025-12-12 09:24:20',0,'memory'),(47,'critical','网络连接中断',5,'switch-01','network','active','交换机端口连接中断','connection','中断','正常','2025-12-18 10:00:00',NULL,NULL,NULL,NULL,'2025-12-12 09:24:20','2025-12-12 09:24:20',0,'network'),(48,'info','日志轮转完成',2,'db-server-01','server','resolved','数据库日志轮转已完成','log_rotate','完成','完成','2025-12-18 03:00:00',NULL,NULL,NULL,NULL,'2025-12-12 09:24:20','2025-12-12 09:24:20',0,'other'),(49,'warning','安全事件检测',9,'firewall-01','security','acknowledged','检测到可疑网络活动','security_event','检测到','无','2025-12-18 14:50:00',NULL,NULL,NULL,NULL,'2025-12-12 09:24:20','2025-12-12 09:24:20',0,'security'),(50,'critical','CPU使用率持续过高',1,'web-server-01','server','active','CPU使用率持续超过阈值','cpu_usage','93.8%','90%','2025-12-18 17:10:00',NULL,NULL,NULL,NULL,'2025-12-12 09:24:20','2025-12-12 09:24:20',0,'cpu'),(51,'warning','磁盘读写速度下降',3,'storage-01','storage','active','存储设备性能下降','disk_speed','150MB/s','200MB/s','2025-12-19 07:45:00',NULL,NULL,NULL,NULL,'2025-12-12 09:24:20','2025-12-12 09:24:20',0,'disk'),(52,'critical','服务进程异常',8,'app-server-01','server','active','应用服务进程异常退出','process_status','异常','正常','2025-12-19 09:30:00',NULL,NULL,NULL,NULL,'2025-12-12 09:24:20','2025-12-12 09:24:20',0,'service'),(53,'info','备份验证成功',3,'storage-01','storage','resolved','备份数据验证通过','backup_verify','通过','通过','2025-12-19 05:00:00',NULL,NULL,NULL,NULL,'2025-12-12 09:24:20','2025-12-12 09:24:20',0,'other'),(54,'warning','机房湿度偏低',10,'rack-sensor-01','sensor','active','机房湿度低于正常范围','humidity','35%','40%','2025-12-19 12:20:00',NULL,NULL,NULL,NULL,'2025-12-12 09:24:20','2025-12-12 09:24:20',0,'temperature'),(55,'critical','数据库响应慢',2,'db-server-01','server','acknowledged','数据库查询响应时间过长','query_time','5.2s','2s','2025-12-19 15:40:00',NULL,NULL,NULL,NULL,'2025-12-12 09:24:20','2025-12-12 09:24:20',0,'service'),(56,'warning','网络流量异常',4,'router-01','network','active','检测到异常网络流量','traffic','异常','正常','2025-12-20 08:00:00',NULL,NULL,NULL,NULL,'2025-12-12 09:24:20','2025-12-12 09:24:20',0,'network'),(57,'critical','内存溢出风险',1,'web-server-01','server','active','内存使用接近上限','memory_usage','94.5%','90%','2025-12-20 10:15:00',NULL,NULL,NULL,NULL,'2025-12-12 09:24:20','2025-12-12 09:24:20',0,'memory'),(58,'info','系统补丁已安装',8,'app-server-01','server','resolved','安全补丁安装完成','patch_status','已安装','已安装','2025-12-20 04:00:00',NULL,NULL,NULL,NULL,'2025-12-12 09:24:20','2025-12-12 09:24:20',0,'security'),(59,'warning','SSL证书检查',6,'nginx-01','web','active','SSL证书即将到期提醒','ssl_expiry','15天','30天','2025-12-20 13:30:00',NULL,NULL,NULL,NULL,'2025-12-12 09:24:20','2025-12-12 09:24:20',0,'security'),(60,'critical','存储阵列告警',3,'storage-01','storage','active','存储阵列检测到硬盘故障','raid_status','降级','正常','2025-12-20 16:45:00',NULL,NULL,NULL,NULL,'2025-12-12 09:24:20','2025-12-12 09:24:20',0,'disk'),(61,'warning','CPU温度上升',2,'db-server-01','server','active','数据库服务器CPU温度偏高','cpu_temp','72°C','70°C','2025-12-21 07:20:00',NULL,NULL,NULL,NULL,'2025-12-12 09:24:43','2025-12-12 09:24:43',0,'temperature'),(62,'critical','网络带宽饱和',5,'switch-01','network','active','交换机带宽使用率过高','bandwidth','95%','90%','2025-12-21 09:40:00',NULL,NULL,NULL,NULL,'2025-12-12 09:24:43','2025-12-12 09:24:43',0,'network'),(63,'info','安全审计完成',9,'firewall-01','security','resolved','每周安全审计已完成','audit_status','完成','完成','2025-12-21 02:00:00',NULL,NULL,NULL,NULL,'2025-12-12 09:24:43','2025-12-12 09:24:43',0,'security'),(64,'warning','服务队列积压',8,'app-server-01','server','acknowledged','应用服务消息队列积压','queue_size','5000','3000','2025-12-21 11:30:00',NULL,NULL,NULL,NULL,'2025-12-12 09:24:43','2025-12-12 09:24:43',0,'service'),(65,'critical','磁盘故障预警',3,'storage-01','storage','active','检测到磁盘SMART告警','smart_status','告警','正常','2025-12-21 14:00:00',NULL,NULL,NULL,NULL,'2025-12-12 09:24:43','2025-12-12 09:24:43',0,'disk'),(66,'warning','内存碎片化',1,'web-server-01','server','active','内存碎片化程度较高','memory_frag','35%','25%','2025-12-21 16:25:00',NULL,NULL,NULL,NULL,'2025-12-12 09:24:43','2025-12-12 09:24:43',0,'memory'),(67,'critical','CPU使用率峰值',8,'app-server-01','server','active','应用服务器CPU达到峰值','cpu_usage','98.2%','90%','2025-12-22 08:10:00',NULL,NULL,NULL,NULL,'2025-12-12 09:24:43','2025-12-12 09:24:43',0,'cpu'),(68,'warning','网络延迟波动',4,'router-01','network','active','网络延迟出现较大波动','latency','180ms','100ms','2025-12-22 10:25:00',NULL,NULL,NULL,NULL,'2025-12-12 09:24:43','2025-12-12 09:24:43',0,'network'),(69,'info','数据库优化完成',2,'db-server-01','server','resolved','数据库索引优化已完成','optimize_status','完成','完成','2025-12-22 05:00:00',NULL,NULL,NULL,NULL,'2025-12-12 09:24:43','2025-12-12 09:24:43',0,'other'),(70,'warning','机房温度告警',10,'rack-sensor-01','sensor','active','机房温度超过警戒值','temperature','31°C','28°C','2025-12-22 13:15:00',NULL,NULL,NULL,NULL,'2025-12-12 09:24:43','2025-12-12 09:24:43',0,'temperature'),(71,'critical','服务异常重启',6,'nginx-01','web','acknowledged','Nginx服务异常重启','restart_count','3次','1次','2025-12-22 15:30:00',NULL,NULL,NULL,NULL,'2025-12-12 09:24:43','2025-12-12 09:24:43',0,'service'),(72,'warning','存储性能下降',3,'storage-01','storage','active','存储设备IOPS下降','iops','8000','10000','2025-12-22 17:45:00',NULL,NULL,NULL,NULL,'2025-12-12 09:24:43','2025-12-12 09:24:43',0,'disk');
/*!40000 ALTER TABLE `alert` ENABLE KEYS */;
UNLOCK TABLES;

--
-- Table structure for table `asset`
--

DROP TABLE IF EXISTS `asset`;
/*!40101 SET @saved_cs_client     = @@character_set_client */;
/*!50503 SET character_set_client = utf8mb4 */;
CREATE TABLE `asset` (
  `id` bigint NOT NULL AUTO_INCREMENT,
  `asset_code` varchar(50) DEFAULT NULL,
  `asset_name` varchar(100) NOT NULL,
  `device_name` varchar(100) DEFAULT NULL,
  `category_id` bigint DEFAULT NULL,
  `manufacturer` varchar(100) DEFAULT NULL,
  `model` varchar(100) DEFAULT NULL,
  `serial_number` varchar(100) DEFAULT NULL,
  `purchase_date` date DEFAULT NULL,
  `purchase_price` decimal(12,2) DEFAULT NULL,
  `supplier` varchar(100) DEFAULT NULL,
  `warranty_period` int DEFAULT NULL,
  `warranty_expire_date` date DEFAULT NULL,
  `asset_status` varchar(20) DEFAULT 'offline',
  `owner` varchar(50) DEFAULT NULL,
  `department` varchar(100) DEFAULT NULL,
  `location` varchar(255) DEFAULT NULL,
  `ip_address` varchar(50) DEFAULT NULL,
  `mac_address` varchar(50) DEFAULT NULL,
  `depreciation_years` int DEFAULT NULL,
  `current_value` decimal(12,2) DEFAULT NULL,
  `description` text,
  `cpu_usage` decimal(5,2) DEFAULT '0.00' COMMENT 'CPU使用率',
  `cpu_cores` int DEFAULT '0' COMMENT 'CPU核心数',
  `cpu_load` decimal(5,2) DEFAULT '0.00' COMMENT 'CPU负载',
  `memory_usage` decimal(5,2) DEFAULT '0.00' COMMENT '内存使用率',
  `memory_used` decimal(20,2) DEFAULT '0.00' COMMENT '已用内存(GB)',
  `memory_total` decimal(20,2) DEFAULT '0.00' COMMENT '总内存(GB)',
  `network_usage` decimal(5,2) DEFAULT '0.00' COMMENT '网络使用率',
  `network_in` decimal(20,2) DEFAULT '0.00' COMMENT '网络入流量(Gbps)',
  `network_out` decimal(20,2) DEFAULT '0.00' COMMENT '网络出流量(Gbps)',
  `storage_usage` decimal(5,2) DEFAULT '0.00' COMMENT '存储使用率',
  `storage_used` decimal(20,2) DEFAULT '0.00' COMMENT '已用存储(TB)',
  `storage_total` decimal(20,2) DEFAULT '0.00' COMMENT '总存储(TB)',
  `bandwidth` decimal(10,2) DEFAULT '1.00' COMMENT '带宽(Gbps)',
  `tags` varchar(500) DEFAULT NULL,
  `create_time` datetime DEFAULT CURRENT_TIMESTAMP,
  `update_time` datetime DEFAULT CURRENT_TIMESTAMP ON UPDATE CURRENT_TIMESTAMP,
  `deleted` int DEFAULT '0',
  `datacenter_id` bigint DEFAULT NULL COMMENT '所属机房ID',
  PRIMARY KEY (`id`),
  KEY `idx_category_id` (`category_id`)
) ENGINE=InnoDB AUTO_INCREMENT=36 DEFAULT CHARSET=utf8mb4 COLLATE=utf8mb4_0900_ai_ci;
/*!40101 SET character_set_client = @saved_cs_client */;

--
-- Dumping data for table `asset`
--

LOCK TABLES `asset` WRITE;
/*!40000 ALTER TABLE `asset` DISABLE KEYS */;
INSERT INTO `asset` VALUES (1,'SRV-001','Web服务器-01','web-server-01',5,'Dell','PowerEdge R740','SN-WEB-001',NULL,NULL,NULL,NULL,NULL,'online',NULL,NULL,'机房A-机柜01','192.168.1.10','00:1A:2B:3C:4D:01',NULL,NULL,'Web服务器',42.64,24,0.30,68.76,135.97,274.82,53.12,3.35,2.59,45.54,11.63,27.60,2.47,NULL,'2025-11-29 12:50:55','2025-12-02 16:33:01',0,1),(2,'SRV-002','数据库服务器-01','db-server-01',6,'HP','ProLiant DL380','SN-DB-001',NULL,NULL,NULL,NULL,NULL,'online',NULL,NULL,'机房A-机柜02','192.168.1.11','00:1A:2B:3C:4D:02',NULL,NULL,'数据库服务器',50.73,33,0.14,59.07,190.12,258.18,47.63,0.89,2.46,58.15,5.56,11.86,5.20,NULL,'2025-11-29 12:50:55','2025-12-02 16:33:01',0,1),(3,'SRV-003','应用服务器-01','app-server-01',7,'IBM','System x3650','SN-APP-001',NULL,NULL,NULL,NULL,NULL,'offline',NULL,NULL,'机房A-机柜03','192.168.1.12','00:1A:2B:3C:4D:03',NULL,NULL,'应用服务器',43.75,26,0.62,52.89,120.89,166.18,57.29,2.32,1.57,41.42,7.69,13.23,2.59,NULL,'2025-11-29 12:50:55','2025-12-02 16:33:01',0,1),(4,'NET-001','核心交换机-01','core-switch-01',8,'Cisco','Catalyst 9500','SN-SW-001',NULL,NULL,NULL,NULL,NULL,'online',NULL,NULL,'机房A-网络柜','192.168.1.1','00:1A:2B:3C:4D:04',NULL,NULL,'核心交换机',25.99,4,1.55,70.97,205.92,176.53,54.37,4.89,0.93,60.55,3.29,26.25,1.36,NULL,'2025-11-29 12:50:55','2025-12-02 16:33:01',0,1),(5,'NET-002','路由器-01','router-01',9,'Huawei','NE40E','SN-RT-001',NULL,NULL,NULL,NULL,NULL,'online',NULL,NULL,'机房A-网络柜','192.168.1.2','00:1A:2B:3C:4D:05',NULL,NULL,'核心路由器',60.51,34,1.33,55.61,162.94,137.52,49.67,4.24,0.04,56.01,7.63,15.08,3.01,NULL,'2025-11-29 12:50:55','2025-12-02 16:33:14',0,2),(6,'NET-003','防火墙-01','firewall-01',10,'Fortinet','FortiGate 600E','SN-FW-001',NULL,NULL,NULL,NULL,NULL,'warning',NULL,NULL,'机房A-网络柜','192.168.1.3','00:1A:2B:3C:4D:06',NULL,NULL,'边界防火墙',54.88,8,1.96,53.16,125.52,191.62,34.39,1.51,1.31,43.46,2.39,17.79,4.96,NULL,'2025-11-29 12:50:55','2025-12-03 10:20:32',1,2),(7,'NET-004','无线AP-01','wireless-ap-01',11,'Aruba','AP-505','SN-AP-001',NULL,NULL,NULL,NULL,NULL,'online',NULL,NULL,'办公区-1楼','192.168.1.100','00:1A:2B:3C:4D:07',NULL,NULL,'无线接入点',69.72,35,0.78,31.22,240.38,239.72,43.05,4.11,1.15,52.19,2.73,10.64,4.78,NULL,'2025-11-29 12:50:55','2025-12-02 16:33:14',0,2),(8,'NET-005','网关-01','gateway-01',12,'Cisco','ISR 4451','SN-GW-001',NULL,NULL,NULL,NULL,NULL,'offline',NULL,NULL,'机房A-网络柜','192.168.1.254','00:1A:2B:3C:4D:08',NULL,NULL,'出口网关',76.52,23,0.49,49.10,85.05,250.93,25.01,2.18,2.40,65.07,3.02,18.14,3.02,NULL,'2025-11-29 12:50:55','2025-12-02 16:33:14',0,2),(9,'AST-20251129-125716','nas-storage-01','nas-storage-01',13,'Synology','DS3622xs+','SN-NAS-001',NULL,NULL,NULL,NULL,NULL,'online',NULL,NULL,'机房A-存储柜','192.168.1.50','00:1A:2B:3C:4D:09',NULL,NULL,'NAS存储设备sdf',63.67,17,1.82,44.43,193.41,248.12,37.79,0.33,3.00,69.75,11.78,20.11,4.75,NULL,'2025-11-29 12:50:55','2025-12-02 16:33:14',0,2),(10,'STG-002','SAN存储-01','san-storage-01',14,'NetApp','FAS8300','SN-SAN-001',NULL,NULL,NULL,NULL,NULL,'online',NULL,NULL,'机房A-存储柜','192.168.1.51','00:1A:2B:3C:4D:10',NULL,NULL,'SAN存储设备',55.56,18,0.91,77.29,121.37,306.39,46.54,2.39,1.19,57.29,7.42,11.49,3.70,NULL,'2025-11-29 12:50:55','2025-12-02 16:33:14',0,2),(11,'CAM-001','摄像头-大门','camera-gate',15,'Hikvision','DS-2CD2T87G2-L','SN-CAM-001',NULL,NULL,NULL,NULL,NULL,'online','',NULL,'大门入口-已修改','192.168.2.10','00:2A:2B:3C:4D:01',NULL,NULL,'大门监控摄像头',64.71,20,0.55,73.68,158.02,84.34,51.08,3.23,2.71,58.48,3.42,10.06,3.24,NULL,'2025-11-29 12:51:17','2025-12-02 16:33:14',0,3),(12,'CAM-002','摄像头-大厅','camera-hall',15,'Dahua','IPC-HFW5442E','SN-CAM-002',NULL,NULL,NULL,NULL,NULL,'online',NULL,NULL,'大厅','192.168.2.11','00:2A:2B:3C:4D:02',NULL,NULL,'大厅监控摄像头',55.22,33,1.75,59.19,110.11,256.36,54.21,0.11,1.64,63.06,8.69,17.25,4.11,NULL,'2025-11-29 12:51:17','2025-12-02 16:33:14',0,3),(13,'CAM-003','摄像头-停车场','camera-parking',15,'Hikvision','DS-2CD2T47G2-L','SN-CAM-003',NULL,NULL,NULL,NULL,NULL,'offline',NULL,NULL,'停车场','192.168.2.12','00:2A:2B:3C:4D:03',NULL,NULL,'停车场监控摄像头',68.30,33,0.54,57.04,228.64,279.91,41.50,0.78,0.51,49.36,6.21,28.90,4.82,NULL,'2025-11-29 12:51:17','2025-12-02 16:33:14',0,3),(14,'NVR-001','录像机-主楼','nvr-main',16,'Hikvision','DS-8632N-I8','SN-NVR-001',NULL,NULL,NULL,NULL,NULL,'online',NULL,NULL,'机房','192.168.2.20','00:2A:2B:3C:4D:04',NULL,NULL,'主楼录像机',47.67,19,1.94,51.79,104.12,75.64,36.63,4.71,1.39,54.29,2.42,25.05,5.76,NULL,'2025-11-29 12:51:17','2025-12-02 16:33:14',0,3),(15,'NVR-002','录像机-副楼','nvr-sub',16,'Dahua','NVR608-64-4KS2','SN-NVR-002',NULL,NULL,NULL,NULL,NULL,'warning',NULL,NULL,'机房','192.168.2.21','00:2A:2B:3C:4D:05',NULL,NULL,'副楼录像机',0.00,0,0.00,0.00,0.00,0.00,0.00,0.00,0.00,0.00,0.00,0.00,1.00,NULL,'2025-11-29 12:51:17','2025-11-29 13:25:58',1,NULL),(16,'MON-001','显示器-监控中心','monitor-center',17,'Samsung','QM55R','SN-MON-001',NULL,NULL,NULL,NULL,NULL,'maintenance',NULL,NULL,'监控中心','192.168.2.30','00:2A:2B:3C:4D:06',NULL,NULL,'55寸监控显示器',58.26,33,1.48,74.91,105.63,242.18,45.82,0.70,2.28,49.26,8.44,11.25,3.34,NULL,'2025-11-29 12:51:17','2025-12-08 10:07:46',0,4),(17,'VSW-001','视频交换机-01','video-switch-01',18,'Cisco','Catalyst 2960','SN-VSW-001',NULL,NULL,NULL,NULL,NULL,'online',NULL,NULL,'机房','192.168.2.1','00:2A:2B:3C:4D:07',NULL,NULL,'视频专用交换机',42.86,26,0.89,34.09,63.50,87.57,30.32,0.07,0.88,51.20,4.41,28.70,3.43,NULL,'2025-11-29 12:51:17','2025-12-02 16:33:14',0,4),(18,'VSRV-001','视频服务器-01','video-server-01',19,'Dell','PowerEdge R640','SN-VSRV-001',NULL,NULL,NULL,NULL,NULL,'online',NULL,NULL,'机房','192.168.2.40','00:2A:2B:3C:4D:08',NULL,NULL,'视频流处理服务器',77.08,34,1.81,63.18,171.38,75.19,35.92,4.29,0.29,75.73,4.79,23.03,1.14,NULL,'2025-11-29 12:51:17','2025-12-02 16:33:14',0,4),(19,'VSTG-001','视频存储-01','video-storage-01',20,'Hikvision','DS-A81016S','SN-VSTG-001',NULL,NULL,NULL,NULL,NULL,'online',NULL,NULL,'机房','192.168.2.50','00:2A:2B:3C:4D:09',NULL,NULL,'视频存储设备',45.24,8,0.96,77.77,117.40,273.54,23.26,4.76,1.55,66.46,2.94,15.64,4.41,NULL,'2025-11-29 12:51:17','2025-12-02 16:33:14',0,4),(20,'VGW-001','视频网关-01','video-gateway-01',21,'Huawei','VC8500','SN-VGW-001',NULL,NULL,NULL,NULL,NULL,'online',NULL,NULL,'机房','192.168.2.60','00:2A:2B:3C:4D:10',NULL,NULL,'视频网关',27.64,29,1.15,55.17,208.09,177.09,53.50,4.31,2.40,50.56,8.57,10.99,2.62,NULL,'2025-11-29 12:51:17','2025-12-02 16:33:14',0,4),(21,'VOTH-001','解码器-01','decoder-01',22,'Hikvision','DS-6916UD','SN-VOTH-001',NULL,NULL,NULL,NULL,NULL,'fault',NULL,NULL,'监控中心','192.168.2.70','00:2A:2B:3C:4D:11',NULL,NULL,'视频解码器',0.00,0,0.00,0.00,0.00,0.00,0.00,0.00,0.00,0.00,0.00,0.00,1.00,NULL,'2025-11-29 12:51:17','2025-11-29 13:29:44',1,NULL),(22,'AST-20251129-130941','测试服务器-自动化','test-server-auto',5,NULL,NULL,NULL,NULL,NULL,NULL,NULL,NULL,'online',NULL,NULL,NULL,'192.168.99.99',NULL,NULL,NULL,'自动化测试添加的设备',36.70,11,0.75,37.95,182.65,278.85,28.26,2.57,2.86,41.48,4.83,24.54,3.89,NULL,'2025-11-29 13:09:41','2025-12-02 16:33:04',0,1),(23,'AST-20251129-131245','test-server-auto','test-server-auto',5,'','',NULL,NULL,NULL,NULL,NULL,NULL,'online',NULL,NULL,'','192.168.99.99',NULL,NULL,NULL,'自动化测试添加的设备',67.09,27,0.73,59.18,215.92,165.70,39.90,1.48,2.96,32.33,4.73,14.47,5.58,NULL,'2025-11-29 13:12:45','2025-12-02 16:33:04',0,1),(24,'AST-20251129-131245','nas-storage-01','nas-storage-01',13,'Synology','DS3622xs+',NULL,NULL,NULL,NULL,NULL,NULL,'online',NULL,NULL,'机房A-存储柜','192.168.1.50',NULL,NULL,NULL,'NAS存储设备sdf',37.94,30,0.46,63.24,178.00,116.63,24.32,4.62,0.88,64.75,7.95,27.85,5.22,NULL,'2025-11-29 13:12:45','2025-12-02 16:33:01',0,1),(25,'AST-20251129-131245','web-server-01','web-server-01',5,'Dell','PowerEdge R740',NULL,NULL,NULL,NULL,NULL,NULL,'online',NULL,NULL,'机房A-机柜01','192.168.1.10',NULL,NULL,NULL,'Web服务器',60.57,26,0.98,46.63,89.37,316.62,33.73,3.78,2.25,54.39,3.85,19.25,3.39,NULL,'2025-11-29 13:12:45','2025-12-02 16:33:01',0,1),(26,'AST-20251129-131245','db-server-01','db-server-01',5,'HP','ProLiant DL380',NULL,NULL,NULL,NULL,NULL,NULL,'online',NULL,NULL,'机房A-机柜02','192.168.1.11',NULL,NULL,NULL,'数据库服务器',65.36,16,1.39,45.22,136.46,127.54,57.76,4.88,0.14,45.16,5.78,29.61,5.25,NULL,'2025-11-29 13:12:45','2025-12-02 16:33:01',0,1),(27,'AST-20251129-131245','app-server-01','app-server-01',5,'IBM','System x3650',NULL,NULL,NULL,NULL,NULL,NULL,'offline',NULL,NULL,'机房A-机柜03','192.168.1.12',NULL,NULL,NULL,'应用服务器',66.06,32,0.37,41.29,165.60,118.48,33.20,0.06,0.21,45.51,5.43,25.72,5.11,NULL,'2025-11-29 13:12:45','2025-12-02 16:33:01',0,1),(28,'AST-20251129-131245','core-switch-01','core-switch-01',8,'Cisco','Catalyst 9500',NULL,NULL,NULL,NULL,NULL,NULL,'online',NULL,NULL,'机房A-网络柜','192.168.1.1',NULL,NULL,NULL,'核心交换机',74.01,8,0.03,61.96,81.09,284.09,53.29,2.91,1.24,46.11,5.70,27.69,3.80,NULL,'2025-11-29 13:12:45','2025-12-02 16:33:01',0,1),(29,'AST-20251129-131245','router-01','router-01',8,'Huawei','NE40E',NULL,NULL,NULL,NULL,NULL,NULL,'online',NULL,NULL,'机房A-网络柜','192.168.1.2',NULL,NULL,NULL,'核心路由器',38.69,32,1.17,40.74,113.60,306.07,50.96,0.16,2.53,35.80,2.51,28.14,2.64,NULL,'2025-11-29 13:12:46','2025-12-02 16:33:01',0,1),(30,'AST-20251129-131245','firewall-01','firewall-01',8,'Fortinet','FortiGate 600E',NULL,NULL,NULL,NULL,NULL,NULL,'warning',NULL,NULL,'机房A-网络柜','192.168.1.3',NULL,NULL,NULL,'边界防火墙',0.00,0,0.00,0.00,0.00,0.00,0.00,0.00,0.00,0.00,0.00,0.00,1.00,NULL,'2025-11-29 13:12:46','2025-11-29 13:22:56',1,NULL),(31,'AST-20251129-131245','wireless-ap-01','wireless-ap-01',8,'Aruba','AP-505',NULL,NULL,NULL,NULL,NULL,NULL,'online',NULL,NULL,'办公区-1楼','192.168.1.100',NULL,NULL,NULL,'无线接入点',42.98,10,1.63,55.15,63.17,273.98,56.14,0.28,1.72,64.90,9.69,24.99,5.83,NULL,'2025-11-29 13:12:46','2025-12-02 16:33:04',0,1),(32,'AST-20251129-131245','gateway-01','gateway-01',8,'Cisco','ISR 4451',NULL,NULL,NULL,NULL,NULL,NULL,'offline',NULL,NULL,'机房A-网络柜','192.168.1.254',NULL,NULL,NULL,'出口网关',46.55,34,0.98,57.81,112.63,293.69,41.87,0.21,1.71,66.00,10.93,16.09,5.23,NULL,'2025-11-29 13:12:46','2025-12-02 16:33:01',0,1),(33,'AST-20251129-131245','san-storage-01','san-storage-01',13,'NetApp','FAS8300',NULL,NULL,NULL,NULL,NULL,NULL,'online',NULL,NULL,'机房A-存储柜','192.168.1.51',NULL,NULL,NULL,'SAN存储设备',70.69,13,0.03,36.92,180.32,279.79,30.40,3.85,0.22,32.86,2.64,12.99,2.64,NULL,'2025-11-29 13:12:46','2025-12-02 16:33:01',0,1),(34,'AST-20251129-132719','测试摄像头','test-camera-01',15,NULL,NULL,NULL,NULL,NULL,NULL,NULL,NULL,'online',NULL,NULL,NULL,NULL,NULL,NULL,NULL,NULL,0.00,0,0.00,0.00,0.00,0.00,0.00,0.00,0.00,0.00,0.00,0.00,1.00,NULL,'2025-11-29 13:27:19','2025-11-29 13:27:47',1,NULL),(35,'TEST-ASSET-001','测试资产-从资产管理添加','test-asset-from-asset',5,'TestMfg','','',NULL,NULL,NULL,NULL,NULL,'online','',NULL,'','192.168.100.100','',NULL,NULL,NULL,0.00,0,0.00,0.00,0.00,0.00,0.00,0.00,0.00,0.00,0.00,0.00,1.00,NULL,'2025-11-29 13:41:37','2025-11-29 13:41:54',1,NULL);
/*!40000 ALTER TABLE `asset` ENABLE KEYS */;
UNLOCK TABLES;

--
-- Table structure for table `asset_category`
--

DROP TABLE IF EXISTS `asset_category`;
/*!40101 SET @saved_cs_client     = @@character_set_client */;
/*!50503 SET character_set_client = utf8mb4 */;
CREATE TABLE `asset_category` (
  `id` bigint NOT NULL AUTO_INCREMENT,
  `category_name` varchar(100) NOT NULL,
  `category_code` varchar(50) DEFAULT NULL,
  `resource_type` varchar(20) DEFAULT 'physical' COMMENT '资源类型(physical/virtual/container)',
  `parent_id` bigint DEFAULT '0',
  `level` int DEFAULT '1',
  `sort_order` int DEFAULT '0',
  `icon` varchar(100) DEFAULT NULL,
  `color` varchar(20) DEFAULT NULL,
  `description` varchar(500) DEFAULT NULL,
  `create_time` datetime DEFAULT CURRENT_TIMESTAMP,
  `update_time` datetime DEFAULT CURRENT_TIMESTAMP ON UPDATE CURRENT_TIMESTAMP,
  `deleted` int DEFAULT '0',
  PRIMARY KEY (`id`)
) ENGINE=InnoDB AUTO_INCREMENT=27 DEFAULT CHARSET=utf8mb4 COLLATE=utf8mb4_0900_ai_ci;
/*!40101 SET character_set_client = @saved_cs_client */;

--
-- Dumping data for table `asset_category`
--

LOCK TABLES `asset_category` WRITE;
/*!40000 ALTER TABLE `asset_category` DISABLE KEYS */;
INSERT INTO `asset_category` VALUES (1,'服务器','SERVER','physical',0,1,1,'server','#1890ff','服务器设备','2025-11-29 12:37:48','2025-11-29 12:37:48',0),(2,'网络设备','NETWORK','physical',0,1,2,'network','#52c41a','网络设备','2025-11-29 12:37:48','2025-11-29 12:37:48',0),(3,'存储设备','STORAGE','physical',0,1,3,'storage','#faad14','存储设备','2025-11-29 12:37:48','2025-11-29 12:37:48',0),(4,'视频管理','VIDEO','physical',0,1,4,'video','#722ed1','视频监控设备','2025-11-29 12:37:48','2025-11-29 12:37:48',0),(5,'Web服务器','WEB_SERVER','physical',1,2,1,'server','#1890ff','Web服务器','2025-11-29 12:38:02','2025-11-29 12:38:02',0),(6,'数据库服务器','DB_SERVER','physical',1,2,2,'server','#1890ff','数据库服务器','2025-11-29 12:38:02','2025-11-29 12:38:02',0),(7,'应用服务器','APP_SERVER','physical',1,2,3,'server','#1890ff','应用服务器','2025-11-29 12:38:02','2025-11-29 12:38:02',0),(8,'交换机','SWITCH','physical',2,2,1,'network','#52c41a','交换机','2025-11-29 12:38:02','2025-11-29 12:38:02',0),(9,'路由器','ROUTER','physical',2,2,2,'network','#52c41a','路由器','2025-11-29 12:38:02','2025-11-29 12:38:02',0),(10,'防火墙','FIREWALL','physical',2,2,3,'network','#52c41a','防火墙','2025-11-29 12:38:02','2025-11-29 12:38:02',0),(11,'无线AP','WIRELESS_AP','physical',2,2,4,'network','#52c41a','无线AP','2025-11-29 12:38:02','2025-11-29 12:38:02',0),(12,'网关','GATEWAY','physical',2,2,5,'network','#52c41a','网关','2025-11-29 12:38:02','2025-11-29 12:38:02',0),(13,'NAS存储','NAS','physical',3,2,1,'storage','#faad14','NAS存储','2025-11-29 12:38:02','2025-11-29 12:38:02',0),(14,'SAN存储','SAN','physical',3,2,2,'storage','#faad14','SAN存储','2025-11-29 12:38:02','2025-11-29 12:38:02',0),(15,'摄像头','CAMERA','physical',4,2,1,'camera','#722ed1','监控摄像头','2025-11-29 12:38:02','2025-11-29 12:38:02',0),(16,'录像机','NVR','physical',4,2,2,'video','#722ed1','网络录像机','2025-11-29 12:38:02','2025-11-29 12:38:02',0),(17,'显示器','MONITOR','physical',4,2,3,'monitor','#722ed1','显示器','2025-11-29 12:38:02','2025-11-29 12:38:02',0),(18,'视频交换机','VIDEO_SWITCH','physical',4,2,4,'network','#722ed1','视频交换机','2025-11-29 12:38:02','2025-11-29 12:38:02',0),(19,'视频服务器','VIDEO_SERVER','physical',4,2,5,'server','#722ed1','视频服务器','2025-11-29 12:38:02','2025-11-29 12:38:02',0),(20,'视频存储','VIDEO_STORAGE','physical',4,2,6,'storage','#722ed1','视频存储','2025-11-29 12:38:02','2025-11-29 12:38:02',0),(21,'视频网关','VIDEO_GATEWAY','physical',4,2,7,'gateway','#722ed1','视频网关设备','2025-11-29 12:47:20','2025-11-29 12:47:20',0),(22,'其他视频设备','VIDEO_OTHER','physical',4,2,8,'other','#722ed1','其他视频设备','2025-11-29 12:47:20','2025-11-29 12:47:20',0),(23,'云平台','CLOUD','cloud',0,1,5,'cloud','#00bcd4','云平台资源','2025-12-01 14:21:42','2025-12-01 14:21:42',0),(24,'云主机','CLOUD_HOST','cloud',23,2,1,'cloud-server','#00bcd4','云主机实例','2025-12-01 14:21:42','2025-12-01 14:21:42',0),(25,'虚拟机','VIRTUAL_MACHINE','virtual',23,2,2,'vm','#00bcd4','虚拟机实例','2025-12-01 14:21:42','2025-12-01 14:21:42',0),(26,'容器','CONTAINER','container',23,2,3,'container','#00bcd4','容器实例','2025-12-01 14:21:42','2025-12-01 14:21:42',0);
/*!40000 ALTER TABLE `asset_category` ENABLE KEYS */;
UNLOCK TABLES;

--
-- Table structure for table `business`
--

DROP TABLE IF EXISTS `business`;
/*!40101 SET @saved_cs_client     = @@character_set_client */;
/*!50503 SET character_set_client = utf8mb4 */;
CREATE TABLE `business` (
  `id` bigint NOT NULL AUTO_INCREMENT,
  `name` varchar(100) NOT NULL,
  `code` varchar(50) DEFAULT NULL,
  `parent_id` bigint DEFAULT '0',
  `type` varchar(50) DEFAULT NULL,
  `status` varchar(20) DEFAULT 'active',
  `description` text,
  `owner` varchar(50) DEFAULT NULL,
  `create_time` datetime DEFAULT CURRENT_TIMESTAMP,
  `update_time` datetime DEFAULT CURRENT_TIMESTAMP ON UPDATE CURRENT_TIMESTAMP,
  `deleted` int DEFAULT '0',
  PRIMARY KEY (`id`)
) ENGINE=InnoDB AUTO_INCREMENT=26 DEFAULT CHARSET=utf8mb4 COLLATE=utf8mb4_0900_ai_ci;
/*!40101 SET character_set_client = @saved_cs_client */;

--
-- Dumping data for table `business`
--

LOCK TABLES `business` WRITE;
/*!40000 ALTER TABLE `business` DISABLE KEYS */;
INSERT INTO `business` VALUES (1,'电商平台','ECOMMERCE',0,'platform','active','电商业务平台','张三','2025-11-29 12:30:18','2025-11-29 12:30:18',0),(2,'财务系统','FINANCE',0,'system','active','财务管理系统','李四','2025-11-29 12:30:18','2025-11-29 12:30:18',0),(3,'人力资源','HR',0,'system','active','人力资源管理系统','王五','2025-11-29 12:30:18','2025-11-29 12:30:18',0),(4,'数据平台','DATA',0,'platform','active','大数据分析平台','赵六','2025-11-29 12:30:18','2025-11-29 12:30:18',0),(5,'客户服务','CUSTOMER',0,'service','active','客户服务系统','孙七','2025-11-29 12:30:18','2025-11-29 12:30:18',0),(6,'用户管理','USER_MGMT',1,'module','active','用户注册登录管理','张三','2025-11-29 12:30:18','2025-11-29 12:30:18',0),(7,'订单管理','ORDER_MGMT',1,'module','active','订单处理管理','张三','2025-11-29 12:30:18','2025-11-29 12:30:18',0),(8,'支付管理','PAYMENT_MGMT',1,'module','active','支付处理管理','张三','2025-11-29 12:30:18','2025-11-29 12:30:18',0),(9,'库存管理','INVENTORY_MGMT',1,'module','active','库存管理系统','张三','2025-11-29 12:30:18','2025-11-29 12:30:18',0),(10,'会计核算','ACCOUNTING',2,'module','active','会计核算模块','李四','2025-11-29 12:30:18','2025-11-29 12:30:18',0),(11,'财务报表','FINANCIAL_REPORT',2,'module','active','财务报表生成','李四','2025-11-29 12:30:18','2025-11-29 12:30:18',0),(12,'预算管理','BUDGET_MGMT',2,'module','active','预算编制与控制','李四','2025-11-29 12:30:18','2025-11-29 12:30:18',0),(13,'成本控制','COST_CONTROL',2,'module','active','成本核算与控制','李四','2025-11-29 12:30:18','2025-11-29 12:30:18',0),(14,'员工管理','EMPLOYEE_MGMT',3,'module','active','员工档案管理','王五','2025-11-29 12:30:18','2025-11-29 12:30:18',0),(15,'薪酬管理','PAYROLL_MGMT',3,'module','active','薪酬计算与发放','王五','2025-11-29 12:30:18','2025-11-29 12:30:18',0),(16,'绩效管理','PERFORMANCE_MGMT',3,'module','active','绩效考核管理','王五','2025-11-29 12:30:18','2025-11-29 12:30:18',0),(17,'培训管理','TRAINING_MGMT',3,'module','active','培训计划与管理','王五','2025-11-29 12:30:18','2025-11-29 12:30:18',0),(18,'数据采集','DATA_COLLECTION',4,'module','active','数据采集与处理','赵六','2025-11-29 12:30:18','2025-11-29 12:30:18',0),(19,'数据仓库','DATA_WAREHOUSE',4,'module','active','数据仓库管理','赵六','2025-11-29 12:30:18','2025-11-29 12:30:18',0),(20,'数据分析','DATA_ANALYSIS',4,'module','active','数据分析与挖掘','赵六','2025-11-29 12:30:18','2025-11-29 12:30:18',0),(21,'客户关系','CRM',5,'module','active','客户关系管理','孙七','2025-11-29 12:30:18','2025-11-29 12:30:18',0),(22,'在线客服','ONLINE_SERVICE',5,'module','active','在线客服系统','孙七','2025-11-29 12:30:18','2025-11-29 12:30:18',0),(23,'工单管理','TICKET_MGMT',5,'module','active','工单处理管理','孙七','2025-11-29 12:30:18','2025-11-29 12:30:18',0),(24,'知识库','KNOWLEDGE_BASE',5,'module','active','知识库管理','孙七','2025-11-29 12:30:18','2025-11-29 12:30:18',0),(25,'测试业务','test-business',0,'platform','active','','','2025-11-29 15:01:46','2025-11-29 15:01:46',0);
/*!40000 ALTER TABLE `business` ENABLE KEYS */;
UNLOCK TABLES;

--
-- Table structure for table `business_component`
--

DROP TABLE IF EXISTS `business_component`;
/*!40101 SET @saved_cs_client     = @@character_set_client */;
/*!50503 SET character_set_client = utf8mb4 */;
CREATE TABLE `business_component` (
  `id` bigint NOT NULL AUTO_INCREMENT,
  `business_id` bigint NOT NULL,
  `name` varchar(100) NOT NULL,
  `type` varchar(50) DEFAULT NULL,
  `status` varchar(20) DEFAULT 'running',
  `port` int DEFAULT NULL,
  `url` varchar(500) DEFAULT NULL,
  `environment` varchar(20) DEFAULT NULL,
  `version` varchar(50) DEFAULT NULL,
  `description` text,
  `health_check_url` varchar(500) DEFAULT NULL,
  `monitoring_enabled` tinyint(1) DEFAULT '1',
  `cpu_usage` double DEFAULT NULL,
  `memory_usage` bigint DEFAULT NULL,
  `uptime` varchar(50) DEFAULT NULL,
  `create_time` datetime DEFAULT CURRENT_TIMESTAMP,
  `update_time` datetime DEFAULT CURRENT_TIMESTAMP ON UPDATE CURRENT_TIMESTAMP,
  `deleted` int DEFAULT '0',
  PRIMARY KEY (`id`),
  KEY `idx_business_id` (`business_id`)
) ENGINE=InnoDB AUTO_INCREMENT=17 DEFAULT CHARSET=utf8mb4 COLLATE=utf8mb4_0900_ai_ci;
/*!40101 SET character_set_client = @saved_cs_client */;

--
-- Dumping data for table `business_component`
--

LOCK TABLES `business_component` WRITE;
/*!40000 ALTER TABLE `business_component` DISABLE KEYS */;
INSERT INTO `business_component` VALUES (1,6,'用户认证API','api','running',8080,'http://user-auth:8080','prod','2.1.0','用户登录注册、权限验证','http://user-auth:8080/health',1,12.5,256,'30天 12小时','2025-11-29 12:30:17','2025-11-29 14:54:01',0),(2,6,'用户信息管理','microservice','running',8081,'http://user-info:8081','prod','1.8.2','用户资料管理、偏好设置','http://user-info:8081/health',1,8.3,192,'25天 6小时','2025-11-29 12:30:17','2025-11-29 14:54:01',0),(3,6,'用户权限服务','microservice','running',8082,'http://user-permission:8082','prod','1.5.3','角色权限管理、访问控制','http://user-permission:8082/health',1,6.8,128,'28天 15小时','2025-11-29 12:30:17','2025-11-29 14:54:01',0),(4,6,'用户数据库','database','running',3306,'mysql://user-db:3306/userdb','prod','8.0.32','用户数据存储','mysql://user-db:3306/health',1,15.2,1024,'45天 8小时','2025-11-29 12:30:18','2025-11-29 14:54:01',0),(5,7,'订单管理API','api','running',8090,'http://order-api:8090','prod','3.2.1','订单创建、查询、状态管理','http://order-api:8090/health',1,18.7,512,'28天 14小时','2025-11-29 12:30:18','2025-11-29 14:54:01',0),(6,7,'订单状态机','microservice','running',8091,'http://order-fsm:8091','prod','2.5.0','订单生命周期状态管理','http://order-fsm:8091/health',1,15.2,384,'22天 8小时','2025-11-29 12:30:18','2025-11-29 14:54:01',0),(7,7,'订单数据库','database','running',3307,'mysql://order-db:3307/orderdb','prod','8.0.32','订单数据存储','mysql://order-db:3307/health',1,22.3,2048,'35天 10小时','2025-11-29 12:30:18','2025-11-29 14:54:01',0),(8,7,'订单缓存','cache','running',6379,'redis://order-redis:6379','prod','7.0.5','订单数据缓存','redis://order-redis:6379/ping',1,8.5,512,'30天 5小时','2025-11-29 12:30:18','2025-11-29 14:54:01',0),(9,8,'支付网关','api','running',8100,'http://payment-gateway:8100','prod','4.1.3','统一支付接口，支持多种支付方式','http://payment-gateway:8100/health',1,22.1,768,'35天 18小时','2025-11-29 12:30:18','2025-11-29 14:54:02',0),(10,8,'退款服务','microservice','running',8101,'http://refund-service:8101','prod','1.9.2','处理退款申请和退款流程','http://refund-service:8101/health',1,9.4,256,'20天 12小时','2025-11-29 12:30:18','2025-11-29 14:54:02',0),(11,8,'账单管理','microservice','running',8102,'http://bill-service:8102','prod','2.3.1','账单生成、查询、对账','http://bill-service:8102/health',1,11.7,384,'25天 16小时','2025-11-29 12:30:18','2025-11-29 14:54:02',0),(12,8,'支付数据库','database','running',3308,'mysql://payment-db:3308/paymentdb','prod','8.0.32','支付交易数据存储','mysql://payment-db:3308/health',1,18.9,1536,'40天 12小时','2025-11-29 12:30:18','2025-11-29 14:54:02',0),(13,9,'库存管理API','api','running',8110,'http://inventory-api:8110','prod','2.8.1','商品库存查询、预扣、释放','http://inventory-api:8110/health',1,16.8,512,'40天 6小时','2025-11-29 12:30:18','2025-11-29 14:54:02',0),(14,9,'仓储管理','microservice','running',8111,'http://warehouse-mgmt:8111','prod','3.1.0','仓库管理、货位分配','http://warehouse-mgmt:8111/health',1,11.3,384,'32天 15小时','2025-11-29 12:30:18','2025-11-29 14:54:02',0),(15,9,'库存数据库','database','running',3309,'mysql://inventory-db:3309/inventorydb','prod','8.0.32','库存数据存储','mysql://inventory-db:3309/health',1,14.5,1024,'38天 20小时','2025-11-29 12:30:18','2025-11-29 14:54:02',0),(16,6,'测试API服务','api','stopped',9090,'http://test-api:9090','test',NULL,'',NULL,1,0,0,'未启动','2025-11-29 15:02:24','2025-11-29 15:02:24',0);
/*!40000 ALTER TABLE `business_component` ENABLE KEYS */;
UNLOCK TABLES;

--
-- Table structure for table `cloud_alert`
--

DROP TABLE IF EXISTS `cloud_alert`;
/*!40101 SET @saved_cs_client     = @@character_set_client */;
/*!50503 SET character_set_client = utf8mb4 */;
CREATE TABLE `cloud_alert` (
  `id` bigint NOT NULL AUTO_INCREMENT,
  `alert_id` varchar(100) DEFAULT NULL,
  `provider` varchar(50) DEFAULT NULL,
  `resource_type` varchar(50) DEFAULT NULL,
  `resource_id` varchar(100) DEFAULT NULL,
  `resource_name` varchar(100) DEFAULT NULL,
  `alert_level` varchar(20) DEFAULT NULL,
  `alert_message` text,
  `alert_status` varchar(20) DEFAULT NULL,
  `alert_time` datetime DEFAULT NULL,
  `resolved_time` datetime DEFAULT NULL,
  `created_time` datetime DEFAULT CURRENT_TIMESTAMP,
  PRIMARY KEY (`id`)
) ENGINE=InnoDB AUTO_INCREMENT=10 DEFAULT CHARSET=utf8mb4 COLLATE=utf8mb4_0900_ai_ci;
/*!40101 SET character_set_client = @saved_cs_client */;

--
-- Dumping data for table `cloud_alert`
--

LOCK TABLES `cloud_alert` WRITE;
/*!40000 ALTER TABLE `cloud_alert` DISABLE KEYS */;
INSERT INTO `cloud_alert` VALUES (1,'hw-alert-001','huawei','host','hw-host-002','华为云主机-DB01','警告','CPU使用率持续5分钟超过80%','已解决','2025-11-29 10:30:00','2025-11-29 11:00:00','2025-11-29 23:18:56'),(2,'hw-alert-002','huawei','host','hw-host-001','华为云主机-Web01','严重','磁盘空间使用率超过90%','未解决','2025-11-29 14:20:00',NULL,'2025-11-29 23:18:56'),(3,'hw-alert-003','huawei','vm','hw-vm-003','华为VM-Database01','警告','内存使用率持续10分钟超过85%','已解决','2025-11-29 09:15:00','2025-11-29 09:45:00','2025-11-29 23:18:56'),(4,'hw-alert-004','huawei','storage','hw-disk-002','华为云存储-数据盘01','提示','存储使用率达到64%','已解决','2025-11-28 16:00:00','2025-11-28 16:30:00','2025-11-29 23:18:56'),(5,'hw-alert-005','huawei','host','hw-host-003','华为云主机-App01','警告','网络入流量异常增高','未解决','2025-11-29 18:45:00',NULL,'2025-11-29 23:18:56'),(6,'ali-alert-001','aliyun','host','ali-host-002','阿里云主机-DB01','严重','数据库连接数超过阈值','已解决','2025-11-29 08:00:00','2025-11-29 08:30:00','2025-11-29 23:18:56'),(7,'ali-alert-002','aliyun','vm','ali-vm-003','阿里VM-MySQL01','警告','慢查询数量增多','未解决','2025-11-29 15:30:00',NULL,'2025-11-29 23:18:56'),(8,'ali-alert-003','aliyun','storage','ali-disk-004','阿里云盘-备份01','提示','存储容量使用率达到70%','已解决','2025-11-28 20:00:00','2025-11-28 21:00:00','2025-11-29 23:18:56'),(9,'ali-alert-004','aliyun','host','ali-host-001','阿里云主机-Web01','警告','HTTP请求响应时间增加','未解决','2025-11-29 19:00:00',NULL,'2025-11-29 23:18:56');
/*!40000 ALTER TABLE `cloud_alert` ENABLE KEYS */;
UNLOCK TABLES;

--
-- Table structure for table `cloud_host`
--

DROP TABLE IF EXISTS `cloud_host`;
/*!40101 SET @saved_cs_client     = @@character_set_client */;
/*!50503 SET character_set_client = utf8mb4 */;
CREATE TABLE `cloud_host` (
  `id` bigint NOT NULL AUTO_INCREMENT,
  `host_name` varchar(100) DEFAULT NULL,
  `host_id` varchar(100) DEFAULT NULL,
  `provider` varchar(50) DEFAULT NULL,
  `status` varchar(20) DEFAULT NULL,
  `instance_type` varchar(50) DEFAULT NULL,
  `cpu_cores` int DEFAULT NULL,
  `memory_gb` int DEFAULT NULL,
  `public_ip` varchar(50) DEFAULT NULL,
  `private_ip` varchar(50) DEFAULT NULL,
  `os_type` varchar(50) DEFAULT NULL,
  `region` varchar(50) DEFAULT NULL,
  `created_time` datetime DEFAULT CURRENT_TIMESTAMP,
  `updated_time` datetime DEFAULT CURRENT_TIMESTAMP ON UPDATE CURRENT_TIMESTAMP,
  `cpu_usage` decimal(5,2) DEFAULT '0.00' COMMENT 'CPU使用率',
  `cpu_load` decimal(5,2) DEFAULT '0.00' COMMENT 'CPU负载',
  `memory_usage` decimal(5,2) DEFAULT '0.00' COMMENT '内存使用率',
  `memory_used` decimal(20,2) DEFAULT '0.00' COMMENT '已用内存(GB)',
  `network_usage` decimal(5,2) DEFAULT '0.00' COMMENT '网络使用率',
  `network_in` decimal(20,2) DEFAULT '0.00' COMMENT '网络入流量',
  `network_out` decimal(20,2) DEFAULT '0.00' COMMENT '网络出流量',
  `storage_usage` decimal(5,2) DEFAULT '0.00' COMMENT '存储使用率',
  `storage_used` decimal(20,2) DEFAULT '0.00' COMMENT '已用存储',
  `storage_total` decimal(20,2) DEFAULT '0.00' COMMENT '总存储',
  PRIMARY KEY (`id`)
) ENGINE=InnoDB AUTO_INCREMENT=10 DEFAULT CHARSET=utf8mb4 COLLATE=utf8mb4_0900_ai_ci;
/*!40101 SET character_set_client = @saved_cs_client */;

--
-- Dumping data for table `cloud_host`
--

LOCK TABLES `cloud_host` WRITE;
/*!40000 ALTER TABLE `cloud_host` DISABLE KEYS */;
INSERT INTO `cloud_host` VALUES (1,'华为云主机-Web01','hw-host-001','huawei','running','c6.large.2',4,8,'120.46.172.101','192.168.1.101','CentOS 7.9','华北-北京四','2025-11-29 23:18:18','2025-12-01 14:25:04',53.29,0.65,78.14,5.36,31.98,98.53,2.22,39.15,415.70,1108.11),(2,'华为云主机-DB01','hw-host-002','huawei','running','c6.xlarge.4',8,32,'120.46.172.102','192.168.1.102','CentOS 7.9','华北-北京四','2025-11-29 23:18:18','2025-12-01 14:25:04',52.78,1.82,74.93,19.73,26.28,47.33,71.64,32.88,300.76,1334.74),(3,'华为云主机-App01','hw-host-003','huawei','running','c6.large.2',4,8,'120.46.172.103','192.168.1.103','Ubuntu 20.04','华东-上海一','2025-11-29 23:18:18','2025-12-01 14:25:04',42.15,0.68,60.00,6.24,23.15,46.60,7.52,33.61,39.54,678.68),(4,'华为云主机-Cache01','hw-host-004','huawei','stopped','c6.medium.2',2,4,'120.46.172.104','192.168.1.104','CentOS 7.9','华东-上海一','2025-11-29 23:18:18','2025-12-01 14:25:04',59.37,1.49,67.74,1.73,37.41,55.61,37.99,65.32,53.64,917.13),(5,'华为云主机-Dev01','hw-host-005','huawei','running','c6.large.4',4,16,'120.46.172.105','192.168.1.105','Ubuntu 22.04','华南-广州','2025-11-29 23:18:18','2025-12-01 14:25:04',65.83,1.14,57.39,0.45,41.28,55.52,14.38,41.67,313.73,937.18),(6,'阿里云主机-Web01','ali-host-001','aliyun','running','ecs.c6.large',2,4,'47.95.123.101','172.16.1.101','Alibaba Cloud Linux 3','华北2(北京)','2025-11-29 23:18:18','2025-12-01 14:25:04',38.21,0.41,35.99,3.14,41.80,78.19,21.98,31.41,158.52,1000.33),(7,'阿里云主机-DB01','ali-host-002','aliyun','running','ecs.c6.xlarge',4,16,'47.95.123.102','172.16.1.102','CentOS 7.9','华北2(北京)','2025-11-29 23:18:18','2025-12-01 14:25:04',53.03,0.50,60.33,3.56,42.79,1.50,29.28,69.23,412.79,1273.80),(8,'阿里云主机-App01','ali-host-003','aliyun','running','ecs.c6.large',2,8,'47.95.123.103','172.16.1.103','Ubuntu 20.04','华东1(杭州)','2025-11-29 23:18:18','2025-12-01 14:25:04',43.54,1.28,31.15,1.25,56.31,95.28,3.25,47.23,300.66,1472.72),(9,'阿里云主机-Test01','ali-host-004','aliyun','stopped','ecs.t6-c1m1.large',2,2,'47.95.123.104','172.16.1.104','CentOS 8','华东2(上海)','2025-11-29 23:18:18','2025-12-01 14:25:04',23.58,0.76,66.07,0.75,26.76,44.53,57.57,43.09,75.26,1467.01);
/*!40000 ALTER TABLE `cloud_host` ENABLE KEYS */;
UNLOCK TABLES;

--
-- Table structure for table `cloud_storage`
--

DROP TABLE IF EXISTS `cloud_storage`;
/*!40101 SET @saved_cs_client     = @@character_set_client */;
/*!50503 SET character_set_client = utf8mb4 */;
CREATE TABLE `cloud_storage` (
  `id` bigint NOT NULL AUTO_INCREMENT,
  `storage_name` varchar(100) DEFAULT NULL,
  `storage_id` varchar(100) DEFAULT NULL,
  `provider` varchar(50) DEFAULT NULL,
  `storage_type` varchar(50) DEFAULT NULL,
  `capacity_gb` int DEFAULT NULL,
  `used_gb` int DEFAULT NULL,
  `status` varchar(20) DEFAULT NULL,
  `region` varchar(50) DEFAULT NULL,
  `created_time` datetime DEFAULT CURRENT_TIMESTAMP,
  `updated_time` datetime DEFAULT CURRENT_TIMESTAMP ON UPDATE CURRENT_TIMESTAMP,
  PRIMARY KEY (`id`)
) ENGINE=InnoDB AUTO_INCREMENT=12 DEFAULT CHARSET=utf8mb4 COLLATE=utf8mb4_0900_ai_ci;
/*!40101 SET character_set_client = @saved_cs_client */;

--
-- Dumping data for table `cloud_storage`
--

LOCK TABLES `cloud_storage` WRITE;
/*!40000 ALTER TABLE `cloud_storage` DISABLE KEYS */;
INSERT INTO `cloud_storage` VALUES (1,'华为云存储-系统盘01','hw-disk-001','huawei','SSD',100,45,'in-use','华北-北京四','2025-11-29 23:18:42','2025-11-29 23:18:42'),(2,'华为云存储-数据盘01','hw-disk-002','huawei','SSD',500,320,'in-use','华北-北京四','2025-11-29 23:18:42','2025-11-29 23:18:42'),(3,'华为云存储-备份盘01','hw-disk-003','huawei','HDD',1000,680,'in-use','华东-上海一','2025-11-29 23:18:42','2025-11-29 23:18:42'),(4,'华为云存储-日志盘01','hw-disk-004','huawei','SSD',200,85,'in-use','华东-上海一','2025-11-29 23:18:42','2025-11-29 23:18:42'),(5,'华为云存储-测试盘01','hw-disk-005','huawei','HDD',100,20,'available','华南-广州','2025-11-29 23:18:42','2025-11-29 23:18:42'),(6,'华为对象存储-图片','hw-obs-001','huawei','OBS',2000,1250,'in-use','华北-北京四','2025-11-29 23:18:42','2025-11-29 23:18:42'),(7,'阿里云盘-系统01','ali-disk-001','aliyun','ESSD',80,35,'in-use','华北2(北京)','2025-11-29 23:18:42','2025-11-29 23:29:47'),(8,'阿里云盘-数据01','ali-disk-002','aliyun','ESSD',300,180,'in-use','华北2(北京)','2025-11-29 23:18:42','2025-11-29 23:29:47'),(9,'阿里云盘-日志01','ali-disk-003','aliyun','SSD',200,120,'in-use','华东1(杭州)','2025-11-29 23:18:42','2025-11-29 23:29:47'),(10,'阿里云盘-备份01','ali-disk-004','aliyun','HDD',500,350,'in-use','华东2(上海)','2025-11-29 23:18:42','2025-11-29 23:29:47'),(11,'阿里OSS-文档','ali-oss-001','aliyun','OSS',1000,420,'in-use','华东1(杭州)','2025-11-29 23:18:42','2025-11-29 23:29:47');
/*!40000 ALTER TABLE `cloud_storage` ENABLE KEYS */;
UNLOCK TABLES;

--
-- Table structure for table `cloud_virtual_machine`
--

DROP TABLE IF EXISTS `cloud_virtual_machine`;
/*!40101 SET @saved_cs_client     = @@character_set_client */;
/*!50503 SET character_set_client = utf8mb4 */;
CREATE TABLE `cloud_virtual_machine` (
  `id` bigint NOT NULL AUTO_INCREMENT,
  `vm_name` varchar(100) DEFAULT NULL,
  `vm_id` varchar(100) DEFAULT NULL,
  `provider` varchar(50) DEFAULT NULL,
  `status` varchar(20) DEFAULT NULL,
  `spec_type` varchar(50) DEFAULT NULL,
  `cpu_cores` int DEFAULT NULL,
  `memory_gb` int DEFAULT NULL,
  `disk_gb` int DEFAULT NULL,
  `ip_address` varchar(50) DEFAULT NULL,
  `region` varchar(50) DEFAULT NULL,
  `created_time` datetime DEFAULT CURRENT_TIMESTAMP,
  `updated_time` datetime DEFAULT CURRENT_TIMESTAMP ON UPDATE CURRENT_TIMESTAMP,
  `cpu_usage` decimal(5,2) DEFAULT '0.00' COMMENT 'CPU使用率',
  `cpu_load` decimal(5,2) DEFAULT '0.00' COMMENT 'CPU负载',
  `memory_usage` decimal(5,2) DEFAULT '0.00' COMMENT '内存使用率',
  `memory_used` decimal(20,2) DEFAULT '0.00' COMMENT '已用内存(GB)',
  `network_usage` decimal(5,2) DEFAULT '0.00' COMMENT '网络使用率',
  `network_in` decimal(20,2) DEFAULT '0.00' COMMENT '网络入流量',
  `network_out` decimal(20,2) DEFAULT '0.00' COMMENT '网络出流量',
  `storage_usage` decimal(5,2) DEFAULT '0.00' COMMENT '存储使用率',
  PRIMARY KEY (`id`)
) ENGINE=InnoDB AUTO_INCREMENT=13 DEFAULT CHARSET=utf8mb4 COLLATE=utf8mb4_0900_ai_ci;
/*!40101 SET character_set_client = @saved_cs_client */;

--
-- Dumping data for table `cloud_virtual_machine`
--

LOCK TABLES `cloud_virtual_machine` WRITE;
/*!40000 ALTER TABLE `cloud_virtual_machine` DISABLE KEYS */;
INSERT INTO `cloud_virtual_machine` VALUES (1,'华为VM-Frontend01','hw-vm-001','huawei','running','s6.medium.2',1,2,40,'192.168.10.101','华北-北京四','2025-11-29 23:18:31','2025-12-01 14:25:06',43.01,0.03,76.62,0.98,30.61,24.45,25.96,68.88),(2,'华为VM-Backend01','hw-vm-002','huawei','running','s6.large.2',2,4,80,'192.168.10.102','华北-北京四','2025-11-29 23:18:31','2025-12-01 14:25:06',76.49,0.75,32.48,0.39,38.70,48.37,17.38,43.54),(3,'华为VM-Database01','hw-vm-003','huawei','running','s6.xlarge.4',4,16,200,'192.168.10.103','华东-上海一','2025-11-29 23:18:31','2025-12-01 14:25:06',23.02,0.88,32.31,11.68,36.98,19.25,26.04,35.01),(4,'华为VM-Redis01','hw-vm-004','huawei','running','s6.medium.4',1,4,40,'192.168.10.104','华东-上海一','2025-11-29 23:18:31','2025-12-01 14:25:06',52.87,0.88,57.42,1.37,39.54,8.11,13.84,42.16),(5,'华为VM-Nginx01','hw-vm-005','huawei','running','s6.small.1',1,1,20,'192.168.10.105','华南-广州','2025-11-29 23:18:31','2025-12-01 14:25:06',30.68,0.32,43.43,0.69,39.98,45.74,3.02,61.67),(6,'华为VM-Monitor01','hw-vm-006','huawei','running','s6.large.4',2,8,100,'192.168.10.106','华南-广州','2025-11-29 23:18:31','2025-12-01 14:25:06',76.42,1.60,39.28,3.36,22.60,37.57,22.50,57.88),(7,'阿里VM-Web01','ali-vm-001','aliyun','running','ecs.t5-c1m1.large',2,2,50,'172.16.10.101','华北2(北京)','2025-11-29 23:18:31','2025-12-01 14:25:06',26.06,1.66,72.80,1.26,34.30,21.61,3.54,37.28),(8,'阿里VM-API01','ali-vm-002','aliyun','running','ecs.t5-c1m2.large',2,4,60,'172.16.10.102','华北2(北京)','2025-11-29 23:18:31','2025-12-01 14:25:06',47.76,1.75,79.81,1.12,50.49,38.03,20.64,44.94),(9,'阿里VM-MySQL01','ali-vm-003','aliyun','running','ecs.c6.xlarge',4,8,150,'172.16.10.103','华东1(杭州)','2025-11-29 23:18:31','2025-12-01 14:25:06',76.76,1.67,46.46,0.93,49.61,13.24,4.13,66.07),(10,'阿里VM-Cache01','ali-vm-004','aliyun','running','ecs.t5-c1m4.large',2,8,40,'172.16.10.104','华东2(上海)','2025-11-29 23:18:31','2025-12-01 14:25:06',37.87,0.65,66.45,4.30,26.89,42.28,28.47,31.05),(11,'阿里VM-Dev01','ali-vm-005','aliyun','stopped','ecs.t5-c1m1.small',1,1,30,'172.16.10.105','华东2(上海)','2025-11-29 23:18:31','2025-12-01 14:25:06',78.23,1.58,31.69,0.64,56.26,6.38,36.74,40.49),(12,'x','c','huawei','running','c',2,4,40,'c','','2025-12-09 14:55:40','2025-12-09 14:55:40',0.00,0.00,0.00,0.00,0.00,0.00,0.00,0.00);
/*!40000 ALTER TABLE `cloud_virtual_machine` ENABLE KEYS */;
UNLOCK TABLES;

--
-- Table structure for table `config_version`
--

DROP TABLE IF EXISTS `config_version`;
/*!40101 SET @saved_cs_client     = @@character_set_client */;
/*!50503 SET character_set_client = utf8mb4 */;
CREATE TABLE `config_version` (
  `id` bigint NOT NULL AUTO_INCREMENT,
  `device_id` bigint NOT NULL,
  `version` varchar(20) DEFAULT NULL,
  `content` longtext,
  `file_size` int DEFAULT NULL,
  `backup_type` varchar(20) DEFAULT NULL,
  `change_type` varchar(20) DEFAULT NULL,
  `is_baseline` int DEFAULT '0',
  `backup_user` varchar(50) DEFAULT NULL,
  `backup_time` datetime DEFAULT NULL,
  `notes` text,
  PRIMARY KEY (`id`)
) ENGINE=InnoDB DEFAULT CHARSET=utf8mb4 COLLATE=utf8mb4_0900_ai_ci;
/*!40101 SET character_set_client = @saved_cs_client */;

--
-- Dumping data for table `config_version`
--

LOCK TABLES `config_version` WRITE;
/*!40000 ALTER TABLE `config_version` DISABLE KEYS */;
/*!40000 ALTER TABLE `config_version` ENABLE KEYS */;
UNLOCK TABLES;

--
-- Table structure for table `datacenter`
--

DROP TABLE IF EXISTS `datacenter`;
/*!40101 SET @saved_cs_client     = @@character_set_client */;
/*!50503 SET character_set_client = utf8mb4 */;
CREATE TABLE `datacenter` (
  `id` bigint NOT NULL AUTO_INCREMENT,
  `name` varchar(100) NOT NULL,
  `code` varchar(50) DEFAULT NULL,
  `address` varchar(500) DEFAULT NULL,
  `area` decimal(10,2) DEFAULT NULL,
  `floor_count` int DEFAULT NULL,
  `cabinet_count` int DEFAULT NULL,
  `power_capacity` decimal(10,2) DEFAULT NULL,
  `cooling_capacity` decimal(10,2) DEFAULT NULL,
  `status` varchar(20) DEFAULT 'active',
  `manager` varchar(50) DEFAULT NULL,
  `phone` varchar(20) DEFAULT NULL,
  `create_time` datetime DEFAULT CURRENT_TIMESTAMP,
  `update_time` datetime DEFAULT CURRENT_TIMESTAMP ON UPDATE CURRENT_TIMESTAMP,
  `deleted` int DEFAULT '0',
  PRIMARY KEY (`id`)
) ENGINE=InnoDB AUTO_INCREMENT=5 DEFAULT CHARSET=utf8mb4 COLLATE=utf8mb4_0900_ai_ci;
/*!40101 SET character_set_client = @saved_cs_client */;

--
-- Dumping data for table `datacenter`
--

LOCK TABLES `datacenter` WRITE;
/*!40000 ALTER TABLE `datacenter` DISABLE KEYS */;
INSERT INTO `datacenter` VALUES (1,'A栋机房','DC-A','数据中心A栋1层',500.00,1,20,1000.00,800.00,'active','张经理','13800138001','2025-12-02 16:32:51','2025-12-02 16:32:51',0),(2,'B栋机房','DC-B','数据中心B栋2层',800.00,1,35,1500.00,1200.00,'active','李经理','13800138002','2025-12-02 16:32:51','2025-12-02 16:32:51',0),(3,'C栋机房','DC-C','数据中心C栋1层',300.00,1,15,600.00,500.00,'active','王经理','13800138003','2025-12-02 16:32:51','2025-12-02 16:32:51',0),(4,'D栋机房','DC-D','数据中心D栋3层',600.00,1,25,1200.00,1000.00,'active','赵经理','13800138004','2025-12-02 16:32:51','2025-12-02 16:32:51',0);
/*!40000 ALTER TABLE `datacenter` ENABLE KEYS */;
UNLOCK TABLES;

--
-- Table structure for table `datacenter_cabinet`
--

DROP TABLE IF EXISTS `datacenter_cabinet`;
/*!40101 SET @saved_cs_client     = @@character_set_client */;
/*!50503 SET character_set_client = utf8mb4 */;
CREATE TABLE `datacenter_cabinet` (
  `id` bigint NOT NULL AUTO_INCREMENT,
  `datacenter_id` bigint NOT NULL,
  `cabinet_number` varchar(50) NOT NULL,
  `floor` int DEFAULT '1' COMMENT '楼层',
  `row_number` varchar(20) DEFAULT NULL,
  `column_number` varchar(20) DEFAULT NULL,
  `u_count` int DEFAULT '42',
  `used_u` int DEFAULT '0',
  `power_capacity` decimal(10,2) DEFAULT NULL,
  `power_usage` decimal(10,2) DEFAULT NULL,
  `status` varchar(20) DEFAULT 'active',
  `create_time` datetime DEFAULT CURRENT_TIMESTAMP,
  `update_time` datetime DEFAULT CURRENT_TIMESTAMP ON UPDATE CURRENT_TIMESTAMP,
  `deleted` int DEFAULT '0',
  PRIMARY KEY (`id`)
) ENGINE=InnoDB AUTO_INCREMENT=9 DEFAULT CHARSET=utf8mb4 COLLATE=utf8mb4_0900_ai_ci;
/*!40101 SET character_set_client = @saved_cs_client */;

--
-- Dumping data for table `datacenter_cabinet`
--

LOCK TABLES `datacenter_cabinet` WRITE;
/*!40000 ALTER TABLE `datacenter_cabinet` DISABLE KEYS */;
INSERT INTO `datacenter_cabinet` VALUES (1,1,'A1-R01-C01',1,'R01','C01',42,30,10.00,6.50,'active','2025-12-08 11:27:18','2025-12-08 11:27:18',0),(2,1,'A1-R01-C02',1,'R01','C02',42,25,10.00,5.80,'active','2025-12-08 11:27:18','2025-12-08 11:27:18',0),(3,1,'A1-R01-C03',2,'R01','C03',42,35,10.00,7.20,'active','2025-12-08 11:27:18','2025-12-08 12:36:26',0),(4,1,'A1-R02-C01',2,'R02','C01',42,28,10.00,6.10,'active','2025-12-08 11:27:18','2025-12-08 12:36:26',0),(5,1,'A1-R02-C02',3,'R02','C02',42,32,10.00,6.80,'active','2025-12-08 11:27:18','2025-12-08 12:36:26',0),(6,2,'B1-R01-C01',3,'R01','C01',42,22,10.00,5.20,'active','2025-12-08 11:27:18','2025-12-08 12:36:26',0),(7,2,'B1-R01-C02',4,'R01','C02',42,18,10.00,4.50,'active','2025-12-08 11:27:18','2025-12-08 12:36:26',0),(8,2,'B1-R02-C01',4,'R02','C01',42,26,10.00,5.90,'active','2025-12-08 11:27:18','2025-12-08 12:36:26',0);
/*!40000 ALTER TABLE `datacenter_cabinet` ENABLE KEYS */;
UNLOCK TABLES;

--
-- Table structure for table `datacenter_environment`
--

DROP TABLE IF EXISTS `datacenter_environment`;
/*!40101 SET @saved_cs_client     = @@character_set_client */;
/*!50503 SET character_set_client = utf8mb4 */;
CREATE TABLE `datacenter_environment` (
  `id` bigint NOT NULL AUTO_INCREMENT,
  `datacenter_id` bigint NOT NULL,
  `temperature` decimal(5,2) DEFAULT NULL COMMENT '温度(°C)',
  `humidity` decimal(5,2) DEFAULT NULL COMMENT '湿度(%)',
  `record_time` datetime DEFAULT CURRENT_TIMESTAMP,
  PRIMARY KEY (`id`),
  KEY `idx_datacenter_time` (`datacenter_id`,`record_time`)
) ENGINE=InnoDB AUTO_INCREMENT=224 DEFAULT CHARSET=utf8mb4 COLLATE=utf8mb4_unicode_ci COMMENT='机房环境监控数据';
/*!40101 SET character_set_client = @saved_cs_client */;

--
-- Dumping data for table `datacenter_environment`
--

LOCK TABLES `datacenter_environment` WRITE;
/*!40000 ALTER TABLE `datacenter_environment` DISABLE KEYS */;
INSERT INTO `datacenter_environment` VALUES (1,4,23.13,54.52,'2025-12-02 16:33:23'),(2,3,22.40,53.13,'2025-12-02 16:33:23'),(3,2,22.49,58.77,'2025-12-02 16:33:23'),(4,1,24.68,58.41,'2025-12-02 16:33:23'),(5,4,23.56,40.81,'2025-12-02 15:33:23'),(6,3,24.53,49.72,'2025-12-02 15:33:23'),(7,2,22.99,57.36,'2025-12-02 15:33:23'),(8,1,21.07,42.35,'2025-12-02 15:33:23'),(9,4,22.33,48.46,'2025-12-02 14:33:23'),(10,3,21.70,59.57,'2025-12-02 14:33:23'),(11,2,22.27,55.75,'2025-12-02 14:33:23'),(12,1,20.83,43.16,'2025-12-02 14:33:23'),(13,4,24.27,58.31,'2025-12-02 13:33:23'),(14,3,24.66,59.35,'2025-12-02 13:33:23'),(15,2,19.06,42.93,'2025-12-02 13:33:23'),(16,1,23.22,41.50,'2025-12-02 13:33:23'),(17,4,20.60,42.12,'2025-12-02 12:33:23'),(18,3,23.39,46.78,'2025-12-02 12:33:23'),(19,2,22.01,49.77,'2025-12-02 12:33:23'),(20,1,24.63,44.60,'2025-12-02 12:33:23'),(21,4,21.00,59.46,'2025-12-02 11:33:23'),(22,3,24.20,48.29,'2025-12-02 11:33:23'),(23,2,21.84,42.45,'2025-12-02 11:33:23'),(24,1,20.15,51.83,'2025-12-02 11:33:23'),(25,4,21.30,42.81,'2025-12-02 10:33:23'),(26,3,22.33,46.99,'2025-12-02 10:33:23'),(27,2,19.50,47.42,'2025-12-02 10:33:23'),(28,1,22.62,58.04,'2025-12-02 10:33:23'),(29,4,23.21,55.99,'2025-12-02 09:33:23'),(30,3,24.36,41.42,'2025-12-02 09:33:23'),(31,2,23.04,43.13,'2025-12-02 09:33:23'),(32,1,23.57,46.71,'2025-12-02 09:33:23'),(33,4,21.36,59.24,'2025-12-02 08:33:23'),(34,3,22.78,45.24,'2025-12-02 08:33:23'),(35,2,21.53,46.47,'2025-12-02 08:33:23'),(36,1,21.11,55.70,'2025-12-02 08:33:23'),(37,4,24.23,40.14,'2025-12-02 07:33:23'),(38,3,21.50,41.33,'2025-12-02 07:33:23'),(39,2,19.48,43.98,'2025-12-02 07:33:23'),(40,1,23.53,43.62,'2025-12-02 07:33:23'),(41,4,22.84,53.07,'2025-12-02 06:33:23'),(42,3,21.10,55.79,'2025-12-02 06:33:23'),(43,2,24.38,42.30,'2025-12-02 06:33:23'),(44,1,24.31,41.58,'2025-12-02 06:33:23'),(45,4,23.45,49.43,'2025-12-02 05:33:23'),(46,3,19.79,44.82,'2025-12-02 05:33:23'),(47,2,23.87,46.77,'2025-12-02 05:33:23'),(48,1,20.53,45.21,'2025-12-02 05:33:23'),(49,4,22.22,58.02,'2025-12-02 04:33:23'),(50,3,24.38,55.58,'2025-12-02 04:33:23'),(51,2,20.23,53.77,'2025-12-02 04:33:23'),(52,1,23.97,41.47,'2025-12-02 04:33:23'),(53,4,24.31,44.05,'2025-12-02 03:33:23'),(54,3,21.15,43.73,'2025-12-02 03:33:23'),(55,2,24.14,54.41,'2025-12-02 03:33:23'),(56,1,19.21,40.20,'2025-12-02 03:33:23'),(57,4,24.68,54.14,'2025-12-02 02:33:23'),(58,3,23.16,46.87,'2025-12-02 02:33:23'),(59,2,22.84,43.32,'2025-12-02 02:33:23'),(60,1,24.47,41.28,'2025-12-02 02:33:23'),(61,4,22.49,54.36,'2025-12-02 01:33:23'),(62,3,24.07,41.42,'2025-12-02 01:33:23'),(63,2,23.92,57.72,'2025-12-02 01:33:23'),(64,1,24.82,43.85,'2025-12-02 01:33:23'),(65,4,19.31,53.69,'2025-12-02 00:33:23'),(66,3,20.59,45.49,'2025-12-02 00:33:23'),(67,2,22.45,41.02,'2025-12-02 00:33:23'),(68,1,22.18,50.01,'2025-12-02 00:33:23'),(69,4,24.46,40.94,'2025-12-01 23:33:23'),(70,3,22.04,47.86,'2025-12-01 23:33:23'),(71,2,21.66,40.83,'2025-12-01 23:33:23'),(72,1,24.26,45.11,'2025-12-01 23:33:23'),(73,4,22.90,49.61,'2025-12-01 22:33:23'),(74,3,21.72,56.53,'2025-12-01 22:33:23'),(75,2,23.63,47.58,'2025-12-01 22:33:23'),(76,1,22.47,55.18,'2025-12-01 22:33:23'),(77,4,19.35,40.30,'2025-12-01 21:33:23'),(78,3,24.40,49.06,'2025-12-01 21:33:23'),(79,2,22.39,49.35,'2025-12-01 21:33:23'),(80,1,22.85,56.12,'2025-12-01 21:33:23'),(81,4,19.63,42.17,'2025-12-01 20:33:23'),(82,3,20.36,56.11,'2025-12-01 20:33:23'),(83,2,21.09,46.52,'2025-12-01 20:33:23'),(84,1,22.51,58.91,'2025-12-01 20:33:23'),(85,4,24.84,40.58,'2025-12-01 19:33:23'),(86,3,20.36,40.92,'2025-12-01 19:33:23'),(87,2,22.30,52.21,'2025-12-01 19:33:23'),(88,1,21.42,43.76,'2025-12-01 19:33:23'),(89,4,23.37,41.55,'2025-12-01 18:33:23'),(90,3,20.22,55.62,'2025-12-01 18:33:23'),(91,2,20.78,42.75,'2025-12-01 18:33:23'),(92,1,23.79,51.67,'2025-12-01 18:33:23'),(93,4,22.12,57.00,'2025-12-01 17:33:23'),(94,3,23.13,57.92,'2025-12-01 17:33:23'),(95,2,21.47,47.43,'2025-12-01 17:33:23'),(96,1,22.74,60.00,'2025-12-01 17:33:23'),(97,4,20.00,44.79,'2025-12-08 09:48:48'),(98,3,27.66,45.36,'2025-12-08 09:48:48'),(99,2,21.59,48.78,'2025-12-08 09:48:48'),(100,1,21.27,58.48,'2025-12-08 09:48:48'),(101,4,21.76,62.05,'2025-12-08 08:48:48'),(102,3,26.00,42.66,'2025-12-08 08:48:48'),(103,2,22.24,42.01,'2025-12-08 08:48:48'),(104,1,24.50,54.24,'2025-12-08 08:48:48'),(105,4,21.29,42.49,'2025-12-08 07:48:48'),(106,3,20.11,59.18,'2025-12-08 07:48:48'),(107,2,26.37,56.99,'2025-12-08 07:48:48'),(108,1,20.08,40.25,'2025-12-08 07:48:48'),(109,4,20.16,41.75,'2025-12-08 06:48:48'),(110,3,22.32,46.02,'2025-12-08 06:48:48'),(111,2,22.67,63.67,'2025-12-08 06:48:48'),(112,1,25.86,60.49,'2025-12-08 06:48:48'),(113,4,27.22,41.34,'2025-12-08 05:48:48'),(114,3,24.49,56.09,'2025-12-08 05:48:48'),(115,2,24.29,58.70,'2025-12-08 05:48:48'),(116,1,21.05,50.36,'2025-12-08 05:48:48'),(117,4,25.42,43.57,'2025-12-08 04:48:48'),(118,3,25.46,64.66,'2025-12-08 04:48:48'),(119,2,27.06,51.37,'2025-12-08 04:48:48'),(120,1,25.00,59.08,'2025-12-08 04:48:48'),(121,4,27.51,50.12,'2025-12-08 03:48:48'),(122,3,21.66,60.52,'2025-12-08 03:48:48'),(123,2,23.86,63.77,'2025-12-08 03:48:48'),(124,1,22.45,56.96,'2025-12-08 03:48:48'),(125,4,23.79,48.37,'2025-12-08 02:48:48'),(126,3,22.01,46.35,'2025-12-08 02:48:48'),(127,2,24.12,60.30,'2025-12-08 02:48:48'),(128,1,24.13,43.62,'2025-12-08 02:48:48'),(129,4,21.40,51.00,'2025-12-08 01:48:48'),(130,3,25.40,41.37,'2025-12-08 01:48:48'),(131,2,21.99,42.00,'2025-12-08 01:48:48'),(132,1,25.23,40.68,'2025-12-08 01:48:48'),(133,4,21.40,59.90,'2025-12-08 00:48:48'),(134,3,23.63,61.96,'2025-12-08 00:48:48'),(135,2,20.26,53.24,'2025-12-08 00:48:48'),(136,1,24.39,43.89,'2025-12-08 00:48:48'),(137,4,21.05,44.79,'2025-12-07 23:48:48'),(138,3,24.51,46.04,'2025-12-07 23:48:48'),(139,2,24.15,61.70,'2025-12-07 23:48:48'),(140,1,26.28,47.96,'2025-12-07 23:48:48'),(141,4,21.91,45.91,'2025-12-07 22:48:48'),(142,3,23.74,55.67,'2025-12-07 22:48:48'),(143,2,25.86,59.56,'2025-12-07 22:48:48'),(144,1,25.72,45.68,'2025-12-07 22:48:48'),(145,4,27.93,46.86,'2025-12-07 21:48:48'),(146,3,23.18,44.18,'2025-12-07 21:48:48'),(147,2,25.14,57.71,'2025-12-07 21:48:48'),(148,1,24.93,63.92,'2025-12-07 21:48:48'),(149,4,27.48,60.05,'2025-12-07 20:48:48'),(150,3,21.65,55.68,'2025-12-07 20:48:48'),(151,2,24.13,57.55,'2025-12-07 20:48:48'),(152,1,27.68,57.33,'2025-12-07 20:48:48'),(153,4,24.69,61.27,'2025-12-07 19:48:48'),(154,3,23.96,63.12,'2025-12-07 19:48:48'),(155,2,21.10,62.90,'2025-12-07 19:48:48'),(156,1,21.33,42.02,'2025-12-07 19:48:48'),(157,4,27.25,47.20,'2025-12-07 18:48:48'),(158,3,25.78,58.70,'2025-12-07 18:48:48'),(159,2,24.57,55.39,'2025-12-07 18:48:48'),(160,1,22.90,64.13,'2025-12-07 18:48:48'),(161,4,25.91,59.94,'2025-12-07 17:48:48'),(162,3,26.18,51.76,'2025-12-07 17:48:48'),(163,2,20.27,59.00,'2025-12-07 17:48:48'),(164,1,25.57,45.10,'2025-12-07 17:48:48'),(165,4,27.43,40.85,'2025-12-07 16:48:48'),(166,3,23.07,60.37,'2025-12-07 16:48:48'),(167,2,27.38,44.25,'2025-12-07 16:48:48'),(168,1,20.65,62.47,'2025-12-07 16:48:48'),(169,4,21.99,53.74,'2025-12-07 15:48:48'),(170,3,20.00,48.80,'2025-12-07 15:48:48'),(171,2,26.08,58.59,'2025-12-07 15:48:48'),(172,1,23.50,63.91,'2025-12-07 15:48:48'),(173,4,23.76,52.05,'2025-12-07 14:48:48'),(174,3,27.99,53.74,'2025-12-07 14:48:48'),(175,2,26.01,42.70,'2025-12-07 14:48:48'),(176,1,22.29,42.67,'2025-12-07 14:48:48'),(177,4,25.40,41.39,'2025-12-07 13:48:48'),(178,3,22.02,42.35,'2025-12-07 13:48:48'),(179,2,25.71,47.15,'2025-12-07 13:48:48'),(180,1,22.32,54.74,'2025-12-07 13:48:48'),(181,4,20.64,55.71,'2025-12-07 12:48:48'),(182,3,27.23,55.89,'2025-12-07 12:48:48'),(183,2,23.72,50.45,'2025-12-07 12:48:48'),(184,1,25.57,45.62,'2025-12-07 12:48:48'),(185,4,20.30,52.76,'2025-12-07 11:48:48'),(186,3,23.52,56.80,'2025-12-07 11:48:48'),(187,2,20.31,44.40,'2025-12-07 11:48:48'),(188,1,26.12,47.40,'2025-12-07 11:48:48'),(189,4,21.48,40.94,'2025-12-07 10:48:48'),(190,3,25.06,41.30,'2025-12-07 10:48:48'),(191,2,22.89,56.31,'2025-12-07 10:48:48'),(192,1,21.41,63.14,'2025-12-07 10:48:48');
/*!40000 ALTER TABLE `datacenter_environment` ENABLE KEYS */;
UNLOCK TABLES;

--
-- Table structure for table `datacenter_traffic`
--

DROP TABLE IF EXISTS `datacenter_traffic`;
/*!40101 SET @saved_cs_client     = @@character_set_client */;
/*!50503 SET character_set_client = utf8mb4 */;
CREATE TABLE `datacenter_traffic` (
  `id` bigint NOT NULL AUTO_INCREMENT,
  `datacenter_id` bigint NOT NULL,
  `bandwidth_in` decimal(20,2) DEFAULT '0.00' COMMENT '入口流量(bytes)',
  `bandwidth_out` decimal(20,2) DEFAULT '0.00' COMMENT '出口流量(bytes)',
  `record_time` datetime DEFAULT CURRENT_TIMESTAMP,
  PRIMARY KEY (`id`),
  KEY `idx_datacenter_time` (`datacenter_id`,`record_time`)
) ENGINE=InnoDB AUTO_INCREMENT=97 DEFAULT CHARSET=utf8mb4 COLLATE=utf8mb4_unicode_ci COMMENT='机房网络流量监控';
/*!40101 SET character_set_client = @saved_cs_client */;

--
-- Dumping data for table `datacenter_traffic`
--

LOCK TABLES `datacenter_traffic` WRITE;
/*!40000 ALTER TABLE `datacenter_traffic` DISABLE KEYS */;
INSERT INTO `datacenter_traffic` VALUES (1,4,565108813.41,560636465.12,'2025-12-02 16:33:41'),(2,3,933651482.16,452696545.56,'2025-12-02 16:33:41'),(3,2,653398978.67,455506290.27,'2025-12-02 16:33:41'),(4,1,511717393.54,680350715.65,'2025-12-02 16:33:41'),(5,4,842039807.55,527107095.56,'2025-12-02 15:33:41'),(6,3,893299939.94,391878485.39,'2025-12-02 15:33:41'),(7,2,894340729.24,401727473.09,'2025-12-02 15:33:41'),(8,1,952774534.42,605915730.73,'2025-12-02 15:33:41'),(9,4,553649729.17,396851736.77,'2025-12-02 14:33:41'),(10,3,944374182.68,586941532.69,'2025-12-02 14:33:41'),(11,2,960262046.62,480223600.73,'2025-12-02 14:33:41'),(12,1,745611380.08,341774730.42,'2025-12-02 14:33:41'),(13,4,524257940.26,671707582.07,'2025-12-02 13:33:41'),(14,3,750398582.55,586471596.25,'2025-12-02 13:33:41'),(15,2,539251744.32,397592200.80,'2025-12-02 13:33:41'),(16,1,992196037.43,376007559.59,'2025-12-02 13:33:41'),(17,4,998459150.55,465813935.70,'2025-12-02 12:33:41'),(18,3,540959661.86,366396852.64,'2025-12-02 12:33:41'),(19,2,792101358.80,469214889.56,'2025-12-02 12:33:41'),(20,1,681288998.74,517511338.57,'2025-12-02 12:33:41'),(21,4,815578885.20,509781537.40,'2025-12-02 11:33:41'),(22,3,864397968.50,328247274.11,'2025-12-02 11:33:41'),(23,2,583351573.05,548664482.17,'2025-12-02 11:33:41'),(24,1,804098309.77,370399804.85,'2025-12-02 11:33:41'),(25,4,527703866.39,599616063.29,'2025-12-02 10:33:41'),(26,3,789488811.78,559107069.54,'2025-12-02 10:33:41'),(27,2,750952764.65,526489862.27,'2025-12-02 10:33:41'),(28,1,662703360.58,671343867.83,'2025-12-02 10:33:41'),(29,4,832789107.54,517124838.96,'2025-12-02 09:33:41'),(30,3,858662936.24,683277240.38,'2025-12-02 09:33:41'),(31,2,819493959.02,428144127.25,'2025-12-02 09:33:41'),(32,1,842418933.61,485243364.97,'2025-12-02 09:33:41'),(33,4,630514245.60,666326899.80,'2025-12-02 08:33:41'),(34,3,898000402.28,393020922.03,'2025-12-02 08:33:41'),(35,2,887379571.22,370455531.10,'2025-12-02 08:33:41'),(36,1,778208371.05,401466903.18,'2025-12-02 08:33:41'),(37,4,799543047.14,393771491.29,'2025-12-02 07:33:41'),(38,3,687442694.50,368456316.43,'2025-12-02 07:33:41'),(39,2,865523909.56,356726701.24,'2025-12-02 07:33:41'),(40,1,757970169.43,361700586.29,'2025-12-02 07:33:41'),(41,4,611718171.38,561770938.95,'2025-12-02 06:33:41'),(42,3,800913869.68,318342674.17,'2025-12-02 06:33:41'),(43,2,711900119.87,692572469.26,'2025-12-02 06:33:41'),(44,1,817877588.62,393792959.02,'2025-12-02 06:33:41'),(45,4,632573243.35,548914108.66,'2025-12-02 05:33:41'),(46,3,657993464.41,585231543.97,'2025-12-02 05:33:41'),(47,2,808716771.95,679172468.17,'2025-12-02 05:33:41'),(48,1,943677625.57,537193110.06,'2025-12-02 05:33:41'),(49,4,651424076.55,594116988.31,'2025-12-02 04:33:41'),(50,3,883958962.64,553484897.92,'2025-12-02 04:33:41'),(51,2,932403739.48,469160276.44,'2025-12-02 04:33:41'),(52,1,760040524.66,432681281.62,'2025-12-02 04:33:41'),(53,4,549136451.49,498501973.41,'2025-12-02 03:33:41'),(54,3,593227994.72,477406070.92,'2025-12-02 03:33:41'),(55,2,829103974.47,684197697.40,'2025-12-02 03:33:41'),(56,1,913923700.73,403101722.99,'2025-12-02 03:33:41'),(57,4,902614681.89,401153570.88,'2025-12-02 02:33:41'),(58,3,924365787.70,494002450.44,'2025-12-02 02:33:41'),(59,2,939417967.52,675664531.04,'2025-12-02 02:33:41'),(60,1,529649431.84,491604146.54,'2025-12-02 02:33:41'),(61,4,608577635.71,559498115.50,'2025-12-02 01:33:41'),(62,3,796130330.11,306026986.25,'2025-12-02 01:33:41'),(63,2,649277689.07,479029809.85,'2025-12-02 01:33:41'),(64,1,671103259.71,447323621.57,'2025-12-02 01:33:41'),(65,4,907462871.08,687880631.90,'2025-12-02 00:33:41'),(66,3,701865351.48,343819522.53,'2025-12-02 00:33:41'),(67,2,668275976.71,441645351.56,'2025-12-02 00:33:41'),(68,1,880455532.47,596886087.49,'2025-12-02 00:33:41'),(69,4,714171464.75,666027608.85,'2025-12-01 23:33:41'),(70,3,645158176.45,582549891.51,'2025-12-01 23:33:41'),(71,2,830462307.98,374199569.67,'2025-12-01 23:33:41'),(72,1,972360401.85,366842910.71,'2025-12-01 23:33:41'),(73,4,500687001.74,502219287.12,'2025-12-01 22:33:41'),(74,3,761809554.66,340580369.57,'2025-12-01 22:33:41'),(75,2,968198661.20,451053548.37,'2025-12-01 22:33:41'),(76,1,539488709.10,404794203.59,'2025-12-01 22:33:41'),(77,4,536497660.48,531608043.45,'2025-12-01 21:33:41'),(78,3,838057305.51,557405103.98,'2025-12-01 21:33:41'),(79,2,594609998.72,306224695.23,'2025-12-01 21:33:41'),(80,1,755074364.37,501623384.10,'2025-12-01 21:33:41'),(81,4,994923072.86,474822151.45,'2025-12-01 20:33:41'),(82,3,607869243.35,607010531.34,'2025-12-01 20:33:41'),(83,2,595208106.19,559800843.02,'2025-12-01 20:33:41'),(84,1,838130965.68,473121345.95,'2025-12-01 20:33:41'),(85,4,567615530.52,451098096.51,'2025-12-01 19:33:41'),(86,3,741516527.01,412771830.81,'2025-12-01 19:33:41'),(87,2,980274376.91,682782027.48,'2025-12-01 19:33:41'),(88,1,951564556.41,557912155.48,'2025-12-01 19:33:41'),(89,4,757257317.90,555292817.44,'2025-12-01 18:33:41'),(90,3,823808170.69,429354242.73,'2025-12-01 18:33:41'),(91,2,837039520.35,460095365.49,'2025-12-01 18:33:41'),(92,1,989477488.67,577623870.48,'2025-12-01 18:33:41'),(93,4,766716739.88,533995360.35,'2025-12-01 17:33:41'),(94,3,662320797.95,647297123.03,'2025-12-01 17:33:41'),(95,2,683644640.43,392687204.94,'2025-12-01 17:33:41'),(96,1,528361124.94,535382897.25,'2025-12-01 17:33:41');
/*!40000 ALTER TABLE `datacenter_traffic` ENABLE KEYS */;
UNLOCK TABLES;

--
-- Table structure for table `detection_template`
--

DROP TABLE IF EXISTS `detection_template`;
/*!40101 SET @saved_cs_client     = @@character_set_client */;
/*!50503 SET character_set_client = utf8mb4 */;
CREATE TABLE `detection_template` (
  `id` bigint NOT NULL AUTO_INCREMENT,
  `template_name` varchar(100) NOT NULL,
  `detection_type` varchar(50) DEFAULT NULL,
  `warning_threshold` decimal(10,2) DEFAULT NULL,
  `critical_threshold` decimal(10,2) DEFAULT NULL,
  `check_interval` int DEFAULT NULL,
  `interval_unit` varchar(20) DEFAULT NULL,
  `description` text,
  `status` int DEFAULT '1',
  `create_time` datetime DEFAULT CURRENT_TIMESTAMP,
  `update_time` datetime DEFAULT CURRENT_TIMESTAMP ON UPDATE CURRENT_TIMESTAMP,
  `deleted` int DEFAULT '0',
  PRIMARY KEY (`id`)
) ENGINE=InnoDB AUTO_INCREMENT=20 DEFAULT CHARSET=utf8mb4 COLLATE=utf8mb4_0900_ai_ci;
/*!40101 SET character_set_client = @saved_cs_client */;

--
-- Dumping data for table `detection_template`
--

LOCK TABLES `detection_template` WRITE;
/*!40000 ALTER TABLE `detection_template` DISABLE KEYS */;
INSERT INTO `detection_template` VALUES (1,'CPU使用率监控','performance',70.00,90.00,5,'minute','CPU性能监控模板',1,'2025-11-29 17:39:49','2025-11-29 17:39:49',0),(2,'内存使用率监控','performance',80.00,95.00,5,'minute','内存性能监控模板',1,'2025-11-29 17:39:49','2025-11-29 17:39:49',0),(3,'磁盘使用率监控','performance',80.00,95.00,10,'minute','磁盘性能监控模板',1,'2025-11-29 17:39:49','2025-11-29 17:39:49',0),(4,'网络流量监控','performance',70.00,90.00,1,'minute','网络性能监控模板',1,'2025-11-29 17:39:49','2025-11-29 17:39:49',0),(5,'存储容量监控','capacity',80.00,95.00,30,'minute','存储容量监控模板',1,'2025-11-29 17:39:49','2025-11-29 17:39:49',0),(6,'IOPS监控','capacity',70.00,90.00,5,'minute','IOPS性能监控',1,'2025-11-29 17:39:49','2025-11-29 17:39:49',0),(7,'设备故障检测','fault',1.00,2.00,1,'minute','设备故障检测模板',1,'2025-11-29 17:39:49','2025-11-29 17:39:49',0),(8,'链路状态监控','fault',1.00,2.00,1,'minute','链路故障检测模板',1,'2025-11-29 17:39:49','2025-11-29 17:39:49',0),(9,'设备健康检查','health',60.00,40.00,5,'minute','设备健康度监控',1,'2025-11-29 17:39:49','2025-11-29 17:39:49',0),(10,'视频流质量监控','health',80.00,60.00,5,'minute','视频流健康监控',1,'2025-11-29 17:39:49','2025-11-29 17:39:49',0),(11,'响应时间监控','performance',500.00,1000.00,1,'minute','监控系统响应时间(ms)',1,'2025-11-29 17:47:09','2025-11-29 17:47:09',0),(12,'并发连接数监控','performance',1000.00,2000.00,1,'minute','监控系统并发连接数',1,'2025-11-29 17:47:17','2025-11-29 17:47:17',0),(13,'数据库连接池监控','capacity',80.00,95.00,5,'minute','监控数据库连接池使用率',1,'2025-11-29 17:47:22','2025-11-29 17:47:22',0),(14,'队列积压监控','capacity',100.00,500.00,1,'minute','监控消息队列积压数量',1,'2025-11-29 17:47:27','2025-11-29 17:47:27',0),(15,'服务可用性检测','fault',0.00,1.00,1,'minute','监控服务是否可用',1,'2025-11-29 17:47:36','2025-11-29 17:47:36',0),(16,'端口连通性检测','fault',0.00,1.00,1,'minute','监控端口是否可访问',1,'2025-11-29 17:47:42','2025-11-29 17:47:42',0),(17,'进程存活检测','health',0.00,1.00,1,'minute','监控关键进程是否运行',1,'2025-11-29 17:47:48','2025-11-29 17:47:48',0),(18,'日志错误率监控','cpu',5.00,10.00,5,'minute','监控日志中错误占比dsf',1,'2025-11-29 17:47:53','2025-12-10 09:08:56',0),(19,'API测试模板','cpu',65.00,85.00,3,'minutes','测试后端API创建功能',1,'2025-11-29 18:22:05','2025-11-29 18:22:39',1);
/*!40000 ALTER TABLE `detection_template` ENABLE KEYS */;
UNLOCK TABLES;

--
-- Table structure for table `device_config`
--

DROP TABLE IF EXISTS `device_config`;
/*!40101 SET @saved_cs_client     = @@character_set_client */;
/*!50503 SET character_set_client = utf8mb4 */;
CREATE TABLE `device_config` (
  `id` bigint NOT NULL AUTO_INCREMENT,
  `device_id` bigint NOT NULL,
  `baseline_version_id` bigint DEFAULT NULL,
  `last_backup_time` datetime DEFAULT NULL,
  `backup_status` varchar(20) DEFAULT NULL,
  `change_status` varchar(20) DEFAULT NULL,
  `auto_backup_enabled` int DEFAULT '0',
  `backup_schedule` varchar(50) DEFAULT NULL,
  `ssh_port` int DEFAULT '22',
  `ssh_username` varchar(50) DEFAULT NULL,
  `create_time` datetime DEFAULT CURRENT_TIMESTAMP,
  `update_time` datetime DEFAULT CURRENT_TIMESTAMP ON UPDATE CURRENT_TIMESTAMP,
  PRIMARY KEY (`id`)
) ENGINE=InnoDB DEFAULT CHARSET=utf8mb4 COLLATE=utf8mb4_0900_ai_ci;
/*!40101 SET character_set_client = @saved_cs_client */;

--
-- Dumping data for table `device_config`
--

LOCK TABLES `device_config` WRITE;
/*!40000 ALTER TABLE `device_config` DISABLE KEYS */;
/*!40000 ALTER TABLE `device_config` ENABLE KEYS */;
UNLOCK TABLES;

--
-- Table structure for table `device_config_backup`
--

DROP TABLE IF EXISTS `device_config_backup`;
/*!40101 SET @saved_cs_client     = @@character_set_client */;
/*!50503 SET character_set_client = utf8mb4 */;
CREATE TABLE `device_config_backup` (
  `id` bigint NOT NULL AUTO_INCREMENT,
  `device_id` bigint NOT NULL,
  `device_name` varchar(100) DEFAULT NULL,
  `device_ip` varchar(50) DEFAULT NULL,
  `device_type` varchar(50) DEFAULT NULL,
  `asset_code` varchar(50) DEFAULT NULL,
  `manufacturer` varchar(100) DEFAULT NULL,
  `model` varchar(100) DEFAULT NULL,
  `version` varchar(20) DEFAULT NULL,
  `backup_time` datetime DEFAULT NULL,
  `backup_status` varchar(20) DEFAULT NULL,
  `backup_size` varchar(20) DEFAULT NULL,
  `operator` varchar(50) DEFAULT NULL,
  `firmware_version` varchar(100) DEFAULT NULL,
  `config_checksum` varchar(100) DEFAULT NULL,
  `last_config_change` datetime DEFAULT NULL,
  `device_status` varchar(20) DEFAULT NULL,
  `uptime` varchar(50) DEFAULT NULL,
  `cpu_usage` int DEFAULT NULL,
  `memory_usage` int DEFAULT NULL,
  `temperature` int DEFAULT NULL,
  `mac_address` varchar(50) DEFAULT NULL,
  `subnet_mask` varchar(20) DEFAULT NULL,
  `gateway` varchar(50) DEFAULT NULL,
  `dns_servers` text,
  `port_config` text,
  `device_snapshot` longtext,
  `version_changes` text,
  `create_time` datetime DEFAULT CURRENT_TIMESTAMP,
  `update_time` datetime DEFAULT CURRENT_TIMESTAMP ON UPDATE CURRENT_TIMESTAMP,
  `deleted` int DEFAULT '0',
  PRIMARY KEY (`id`)
) ENGINE=InnoDB AUTO_INCREMENT=2 DEFAULT CHARSET=utf8mb4 COLLATE=utf8mb4_0900_ai_ci;
/*!40101 SET character_set_client = @saved_cs_client */;

--
-- Dumping data for table `device_config_backup`
--

LOCK TABLES `device_config_backup` WRITE;
/*!40000 ALTER TABLE `device_config_backup` DISABLE KEYS */;
INSERT INTO `device_config_backup` VALUES (1,8,'网关-01','192.168.1.254','网关','NET-005','Cisco','ISR 4451','v1.0','2025-11-29 15:07:01','success','269KB','admin','SW-3.7.76','0cfea444f3a84da79859d4d8d7c689fd','2025-11-29 15:07:01','offline','2小时',35,30,39,NULL,'255.255.255.0','192.168.1.1','[\"8.8.8.8\", \"114.114.114.114\"]','{\"GE1/0/1\": {\"speed\": \"1000M\", \"duplex\": \"full\", \"status\": \"up\"}}','{\"deviceIp\": \"192.168.1.254\", \"assetCode\": \"NET-005\", \"location\": \"机房A-网络柜\", \"model\": \"ISR 4451\", \"backupTime\": \"2025-11-29T15:07:00.593\", \"deviceId\": 8, \"deviceName\": \"网关-01\", \"manufacturer\": \"Cisco\", \"status\": \"offline\"}','[\"首次配置备份\"]','2025-11-29 15:07:01','2025-11-29 15:07:01',0);
/*!40000 ALTER TABLE `device_config_backup` ENABLE KEYS */;
UNLOCK TABLES;

--
-- Table structure for table `device_energy`
--

DROP TABLE IF EXISTS `device_energy`;
/*!40101 SET @saved_cs_client     = @@character_set_client */;
/*!50503 SET character_set_client = utf8mb4 */;
CREATE TABLE `device_energy` (
  `id` bigint NOT NULL AUTO_INCREMENT COMMENT '主键ID',
  `device_id` bigint DEFAULT NULL COMMENT '设备ID',
  `device_name` varchar(100) DEFAULT NULL COMMENT '设备名称',
  `device_type` varchar(50) DEFAULT NULL COMMENT '设备类型',
  `datacenter_id` bigint DEFAULT NULL COMMENT '机房ID',
  `cabinet_id` bigint DEFAULT NULL COMMENT '机柜ID',
  `record_time` datetime NOT NULL COMMENT '记录时间',
  `power_consumption` decimal(10,2) DEFAULT '0.00' COMMENT '功率消耗(W)',
  `energy_kwh` decimal(10,2) DEFAULT '0.00' COMMENT '能耗(kWh)',
  `temperature` decimal(5,2) DEFAULT NULL COMMENT '温度(°C)',
  `efficiency` decimal(5,2) DEFAULT NULL COMMENT '效率(%)',
  `create_time` datetime DEFAULT CURRENT_TIMESTAMP COMMENT '创建时间',
  PRIMARY KEY (`id`),
  KEY `idx_device_id` (`device_id`),
  KEY `idx_datacenter_id` (`datacenter_id`),
  KEY `idx_record_time` (`record_time`)
) ENGINE=InnoDB AUTO_INCREMENT=11 DEFAULT CHARSET=utf8mb4 COLLATE=utf8mb4_0900_ai_ci COMMENT='设备能耗表';
/*!40101 SET character_set_client = @saved_cs_client */;

--
-- Dumping data for table `device_energy`
--

LOCK TABLES `device_energy` WRITE;
/*!40000 ALTER TABLE `device_energy` DISABLE KEYS */;
INSERT INTO `device_energy` VALUES (1,1,'核心交换机-01','网络设备',1,1,'2025-12-08 12:45:10',450.00,10.80,35.20,92.50,'2025-12-08 10:56:11'),(2,2,'核心交换机-02','网络设备',1,1,'2025-12-08 12:45:10',430.00,10.30,34.80,91.80,'2025-12-08 10:56:11'),(3,3,'Web服务器-01','服务器',1,2,'2025-12-08 12:45:10',680.00,16.30,42.50,88.30,'2025-12-08 10:56:11'),(4,4,'Web服务器-02','服务器',1,2,'2025-12-08 12:45:10',720.00,17.30,44.20,86.70,'2025-12-08 10:56:11'),(5,5,'数据库服务器-01','服务器',1,3,'2025-12-08 12:45:10',950.00,22.80,48.50,85.20,'2025-12-08 10:56:11'),(6,6,'存储阵列-01','存储设备',1,3,'2025-12-08 12:45:10',1200.00,28.80,38.20,90.50,'2025-12-08 10:56:11'),(7,7,'防火墙-01','安全设备',2,4,'2025-12-08 12:45:10',280.00,6.70,32.50,94.20,'2025-12-08 10:56:11'),(8,8,'路由器-01','网络设备',2,4,'2025-12-08 12:45:10',350.00,8.40,33.80,93.50,'2025-12-08 10:56:11'),(9,9,'UPS-01','电源设备',1,5,'2025-12-08 12:45:10',150.00,3.60,28.50,96.80,'2025-12-08 10:56:11'),(10,10,'空调-01','制冷设备',1,5,'2025-12-08 12:45:10',5500.00,132.00,NULL,85.00,'2025-12-08 10:56:11');
/*!40000 ALTER TABLE `device_energy` ENABLE KEYS */;
UNLOCK TABLES;

--
-- Table structure for table `device_prediction_report`
--

DROP TABLE IF EXISTS `device_prediction_report`;
/*!40101 SET @saved_cs_client     = @@character_set_client */;
/*!50503 SET character_set_client = utf8mb4 */;
CREATE TABLE `device_prediction_report` (
  `id` bigint NOT NULL AUTO_INCREMENT,
  `device_id` bigint DEFAULT NULL,
  `device_name` varchar(100) DEFAULT NULL,
  `device_ip` varchar(50) DEFAULT NULL,
  `category_id` bigint DEFAULT NULL,
  `category_name` varchar(100) DEFAULT NULL,
  `predict_days` int DEFAULT NULL,
  `predict_date` date DEFAULT NULL,
  `current_status` varchar(20) DEFAULT NULL,
  `health_score` decimal(5,2) DEFAULT NULL,
  `failure_probability` decimal(5,2) DEFAULT NULL,
  `risk_level` varchar(20) DEFAULT NULL,
  `predicted_failure_time` datetime DEFAULT NULL,
  `cpu_usage` decimal(5,2) DEFAULT NULL,
  `memory_usage` decimal(5,2) DEFAULT NULL,
  `disk_usage` decimal(5,2) DEFAULT NULL,
  `network_traffic` decimal(10,2) DEFAULT NULL,
  `temperature` decimal(5,2) DEFAULT NULL,
  `trend` varchar(20) DEFAULT NULL,
  `trend_description` text,
  `risk_factors` text,
  `recommendations` text,
  `metrics_history` text,
  `confidence_level` decimal(5,2) DEFAULT NULL,
  `generated_by` varchar(50) DEFAULT NULL,
  `created_at` datetime DEFAULT CURRENT_TIMESTAMP,
  `updated_at` datetime DEFAULT CURRENT_TIMESTAMP ON UPDATE CURRENT_TIMESTAMP,
  PRIMARY KEY (`id`)
) ENGINE=InnoDB AUTO_INCREMENT=10 DEFAULT CHARSET=utf8mb4 COLLATE=utf8mb4_0900_ai_ci;
/*!40101 SET character_set_client = @saved_cs_client */;

--
-- Dumping data for table `device_prediction_report`
--

LOCK TABLES `device_prediction_report` WRITE;
/*!40000 ALTER TABLE `device_prediction_report` DISABLE KEYS */;
INSERT INTO `device_prediction_report` VALUES (1,1,'web-server-01','192.168.1.10',5,'Web服务器',7,'2025-11-29','normal',92.50,8.50,'low',NULL,55.30,62.40,45.20,512.30,45.50,'stable','服务器运行稳定，各项指标正常',NULL,'继续保持当前配置，定期检查日志',NULL,95.00,'system','2025-11-29 18:34:05','2025-11-29 18:34:05'),(2,1,'web-server-01','192.168.1.10',5,'Web服务器',7,'2025-11-28','normal',91.80,9.00,'low',NULL,56.10,63.20,44.80,498.50,46.20,'stable','服务器运行稳定',NULL,'继续监控',NULL,94.50,'system','2025-11-29 18:34:05','2025-11-29 18:34:05'),(3,2,'db-server-01','192.168.1.11',6,'数据库服务器',7,'2025-11-29','warning',78.50,22.50,'medium','2025-12-04 18:34:05',72.30,80.50,68.20,256.80,52.30,'rising','数据库服务器负载较高，需要关注','内存使用率持续偏高，磁盘空间不足','建议增加内存，清理日志文件',NULL,88.50,'system','2025-11-29 18:34:05','2025-11-29 18:34:05'),(4,3,'app-server-01','192.168.1.12',7,'应用服务器',7,'2025-11-29','normal',88.20,12.00,'low',NULL,45.60,55.30,40.10,384.20,43.80,'stable','应用服务器运行正常',NULL,'保持当前监控策略',NULL,92.00,'system','2025-11-29 18:34:05','2025-11-29 18:34:05'),(5,4,'core-switch-01','192.168.1.1',8,'交换机',7,'2025-11-29','normal',95.50,5.00,'low',NULL,22.30,28.40,NULL,3072.50,38.50,'stable','核心交换机运行稳定',NULL,'继续监控端口流量',NULL,96.50,'system','2025-11-29 18:34:05','2025-11-29 18:34:05'),(6,5,'router-01','192.168.1.2',9,'路由器',7,'2025-11-29','normal',93.80,6.50,'low',NULL,18.50,22.30,NULL,1536.80,40.20,'stable','路由器运行正常',NULL,'定期检查路由表',NULL,95.00,'system','2025-11-29 18:34:05','2025-11-29 18:34:05'),(7,6,'firewall-01','192.168.1.3',10,'防火墙',7,'2025-11-29','warning',82.00,18.00,'medium','2025-12-09 18:34:05',35.20,45.60,52.30,2048.50,48.50,'rising','防火墙规则数量较多，处理延迟增加','规则数量过多，CPU占用上升','建议优化防火墙规则，清理过期规则',NULL,90.00,'system','2025-11-29 18:34:05','2025-11-29 18:34:05'),(8,9,'nas-storage-01','192.168.1.50',13,'NAS存储',7,'2025-11-29','normal',86.50,14.00,'low',NULL,15.30,20.10,72.50,1024.00,35.80,'rising','存储使用率上升，但仍在安全范围','存储容量使用持续增长','建议规划扩容或清理数据',NULL,91.50,'system','2025-11-29 18:34:05','2025-11-29 18:34:05'),(9,10,'san-storage-01','192.168.1.51',14,'SAN存储',7,'2025-11-29','critical',68.50,32.00,'high','2025-12-02 18:34:05',25.60,35.20,88.50,2560.00,42.30,'declining','存储容量即将耗尽，需要立即处理','磁盘使用率超过85%，IOPS接近上限','紧急扩容存储空间，迁移冷数据',NULL,85.00,'system','2025-11-29 18:34:05','2025-11-29 18:34:05');
/*!40000 ALTER TABLE `device_prediction_report` ENABLE KEYS */;
UNLOCK TABLES;

--
-- Table structure for table `device_snapshot`
--

DROP TABLE IF EXISTS `device_snapshot`;
/*!40101 SET @saved_cs_client     = @@character_set_client */;
/*!50503 SET character_set_client = utf8mb4 */;
CREATE TABLE `device_snapshot` (
  `id` bigint NOT NULL AUTO_INCREMENT,
  `backup_id` bigint DEFAULT NULL,
  `device_id` bigint DEFAULT NULL,
  `device_name` varchar(100) DEFAULT NULL,
  `device_ip` varchar(50) DEFAULT NULL,
  `device_type` varchar(50) DEFAULT NULL,
  `device_status` varchar(20) DEFAULT NULL,
  `device_model` varchar(100) DEFAULT NULL,
  `group_id` bigint DEFAULT NULL,
  `group_name` varchar(100) DEFAULT NULL,
  `cpu_usage` decimal(5,2) DEFAULT NULL,
  `memory_usage` decimal(5,2) DEFAULT NULL,
  `disk_usage` decimal(5,2) DEFAULT NULL,
  `uptime` bigint DEFAULT NULL,
  `mac_address` varchar(50) DEFAULT NULL,
  `interface_count` int DEFAULT NULL,
  `serial_number` varchar(100) DEFAULT NULL,
  `manufacturer` varchar(100) DEFAULT NULL,
  `location` varchar(255) DEFAULT NULL,
  `description` text,
  `snapshot_data` longtext,
  `created_at` datetime DEFAULT CURRENT_TIMESTAMP,
  PRIMARY KEY (`id`)
) ENGINE=InnoDB DEFAULT CHARSET=utf8mb4 COLLATE=utf8mb4_0900_ai_ci;
/*!40101 SET character_set_client = @saved_cs_client */;

--
-- Dumping data for table `device_snapshot`
--

LOCK TABLES `device_snapshot` WRITE;
/*!40000 ALTER TABLE `device_snapshot` DISABLE KEYS */;
/*!40000 ALTER TABLE `device_snapshot` ENABLE KEYS */;
UNLOCK TABLES;

--
-- Table structure for table `device_version_history`
--

DROP TABLE IF EXISTS `device_version_history`;
/*!40101 SET @saved_cs_client     = @@character_set_client */;
/*!50503 SET character_set_client = utf8mb4 */;
CREATE TABLE `device_version_history` (
  `id` bigint NOT NULL AUTO_INCREMENT,
  `device_id` bigint NOT NULL,
  `device_name` varchar(100) DEFAULT NULL,
  `device_type` varchar(50) DEFAULT NULL,
  `version` varchar(20) DEFAULT NULL,
  `backup_time` datetime DEFAULT NULL,
  `backup_size` varchar(20) DEFAULT NULL,
  `operator` varchar(50) DEFAULT NULL,
  `change_summary` varchar(500) DEFAULT NULL,
  `change_details` text,
  `backup_id` bigint DEFAULT NULL,
  `create_time` datetime DEFAULT CURRENT_TIMESTAMP,
  `deleted` int DEFAULT '0',
  PRIMARY KEY (`id`)
) ENGINE=InnoDB DEFAULT CHARSET=utf8mb4 COLLATE=utf8mb4_0900_ai_ci;
/*!40101 SET character_set_client = @saved_cs_client */;

--
-- Dumping data for table `device_version_history`
--

LOCK TABLES `device_version_history` WRITE;
/*!40000 ALTER TABLE `device_version_history` DISABLE KEYS */;
/*!40000 ALTER TABLE `device_version_history` ENABLE KEYS */;
UNLOCK TABLES;

--
-- Table structure for table `device_version_info`
--

DROP TABLE IF EXISTS `device_version_info`;
/*!40101 SET @saved_cs_client     = @@character_set_client */;
/*!50503 SET character_set_client = utf8mb4 */;
CREATE TABLE `device_version_info` (
  `id` bigint NOT NULL AUTO_INCREMENT,
  `device_id` bigint NOT NULL,
  `current_version` decimal(10,2) DEFAULT NULL,
  `latest_backup_id` bigint DEFAULT NULL,
  `latest_backup_time` datetime DEFAULT NULL,
  `total_backup_count` int DEFAULT '0',
  `first_backup_time` datetime DEFAULT NULL,
  `created_at` datetime DEFAULT CURRENT_TIMESTAMP,
  `updated_at` datetime DEFAULT CURRENT_TIMESTAMP ON UPDATE CURRENT_TIMESTAMP,
  PRIMARY KEY (`id`),
  UNIQUE KEY `device_id` (`device_id`)
) ENGINE=InnoDB DEFAULT CHARSET=utf8mb4 COLLATE=utf8mb4_0900_ai_ci;
/*!40101 SET character_set_client = @saved_cs_client */;

--
-- Dumping data for table `device_version_info`
--

LOCK TABLES `device_version_info` WRITE;
/*!40000 ALTER TABLE `device_version_info` DISABLE KEYS */;
/*!40000 ALTER TABLE `device_version_info` ENABLE KEYS */;
UNLOCK TABLES;

--
-- Table structure for table `energy_consumption`
--

DROP TABLE IF EXISTS `energy_consumption`;
/*!40101 SET @saved_cs_client     = @@character_set_client */;
/*!50503 SET character_set_client = utf8mb4 */;
CREATE TABLE `energy_consumption` (
  `id` bigint NOT NULL AUTO_INCREMENT COMMENT '主键ID',
  `datacenter_id` bigint DEFAULT NULL COMMENT '机房ID',
  `datacenter_name` varchar(100) DEFAULT NULL COMMENT '机房名称',
  `record_time` datetime NOT NULL COMMENT '记录时间',
  `total_power` decimal(10,2) DEFAULT '0.00' COMMENT '总功率(kW)',
  `it_power` decimal(10,2) DEFAULT '0.00' COMMENT 'IT设备功率(kW)',
  `cooling_power` decimal(10,2) DEFAULT '0.00' COMMENT '制冷功率(kW)',
  `lighting_power` decimal(10,2) DEFAULT '0.00' COMMENT '照明功率(kW)',
  `other_power` decimal(10,2) DEFAULT '0.00' COMMENT '其他功率(kW)',
  `pue` decimal(5,2) DEFAULT '1.50' COMMENT 'PUE值',
  `energy_kwh` decimal(10,2) DEFAULT '0.00' COMMENT '能耗(kWh)',
  `water_usage` decimal(10,2) DEFAULT '0.00' COMMENT '用水量(吨)',
  `carbon_emission` decimal(10,2) DEFAULT '0.00' COMMENT '碳排放(kg)',
  `status` varchar(20) DEFAULT 'normal' COMMENT '状态: normal/warning/error',
  `create_time` datetime DEFAULT CURRENT_TIMESTAMP COMMENT '创建时间',
  PRIMARY KEY (`id`),
  KEY `idx_datacenter_id` (`datacenter_id`),
  KEY `idx_record_time` (`record_time`)
) ENGINE=InnoDB AUTO_INCREMENT=13 DEFAULT CHARSET=utf8mb4 COLLATE=utf8mb4_0900_ai_ci COMMENT='能耗记录表';
/*!40101 SET character_set_client = @saved_cs_client */;

--
-- Dumping data for table `energy_consumption`
--

LOCK TABLES `energy_consumption` WRITE;
/*!40000 ALTER TABLE `energy_consumption` DISABLE KEYS */;
INSERT INTO `energy_consumption` VALUES (1,1,'数据中心A1机房','2025-12-01 13:03:39',230.00,170.00,45.00,10.00,5.00,1.35,23.00,1.20,15.50,'normal','2025-12-08 10:55:59'),(2,1,'数据中心A1机房','2025-12-01 13:03:39',235.00,172.00,47.00,11.00,5.00,1.37,24.00,1.30,15.80,'normal','2025-12-08 10:55:59'),(3,1,'数据中心A1机房','2025-12-01 13:03:39',228.00,168.00,44.00,11.00,5.00,1.36,23.00,1.20,15.30,'normal','2025-12-08 10:55:59'),(4,1,'数据中心A1机房','2025-12-01 13:03:39',240.00,175.00,48.00,12.00,5.00,1.37,24.00,1.40,16.10,'warning','2025-12-08 10:55:59'),(5,1,'数据中心A1机房','2025-12-01 13:03:39',232.00,170.00,46.00,11.00,5.00,1.36,23.00,1.30,15.60,'normal','2025-12-08 10:55:59'),(6,1,'数据中心A1机房','2025-12-01 13:03:39',238.00,173.00,47.00,12.00,6.00,1.38,24.00,1.30,16.00,'normal','2025-12-08 10:55:59'),(7,2,'B区机房','2025-12-01 13:03:39',180.00,140.00,30.00,6.00,4.00,1.29,18.00,0.90,12.10,'normal','2025-12-08 10:55:59'),(8,2,'B区机房','2025-12-01 13:03:39',185.00,142.00,32.00,7.00,4.00,1.30,19.00,0.90,12.40,'normal','2025-12-08 10:55:59'),(9,2,'B区机房','2025-12-01 13:03:39',178.00,138.00,29.00,7.00,4.00,1.29,18.00,0.80,12.00,'warning','2025-12-08 10:55:59'),(10,2,'B区机房','2025-12-01 13:03:39',182.00,141.00,30.00,7.00,4.00,1.29,18.00,0.90,12.20,'normal','2025-12-08 10:55:59'),(11,2,'B区机房','2025-12-01 13:03:39',186.00,143.00,32.00,7.00,4.00,1.30,19.00,0.90,12.50,'normal','2025-12-08 10:55:59'),(12,2,'B区机房','2025-12-01 13:03:39',183.00,142.00,31.00,6.00,4.00,1.29,18.00,0.90,12.30,'normal','2025-12-08 10:55:59');
/*!40000 ALTER TABLE `energy_consumption` ENABLE KEYS */;
UNLOCK TABLES;

--
-- Table structure for table `energy_efficiency_daily`
--

DROP TABLE IF EXISTS `energy_efficiency_daily`;
/*!40101 SET @saved_cs_client     = @@character_set_client */;
/*!50503 SET character_set_client = utf8mb4 */;
CREATE TABLE `energy_efficiency_daily` (
  `id` bigint NOT NULL AUTO_INCREMENT COMMENT '主键ID',
  `datacenter_id` bigint DEFAULT NULL COMMENT '机房ID',
  `stat_date` date NOT NULL COMMENT '统计日期',
  `total_energy_kwh` decimal(12,2) DEFAULT '0.00' COMMENT '总能耗(kWh)',
  `it_energy_kwh` decimal(12,2) DEFAULT '0.00' COMMENT 'IT能耗(kWh)',
  `avg_pue` decimal(5,2) DEFAULT '1.50' COMMENT '平均PUE',
  `avg_temperature` decimal(5,2) DEFAULT NULL COMMENT '平均温度',
  `avg_humidity` decimal(5,2) DEFAULT NULL COMMENT '平均湿度',
  `water_usage` decimal(10,2) DEFAULT '0.00' COMMENT '用水量(吨)',
  `carbon_emission` decimal(10,2) DEFAULT '0.00' COMMENT '碳排放(kg)',
  `energy_cost` decimal(12,2) DEFAULT '0.00' COMMENT '能源成本(元)',
  `create_time` datetime DEFAULT CURRENT_TIMESTAMP COMMENT '创建时间',
  PRIMARY KEY (`id`),
  KEY `idx_datacenter_id` (`datacenter_id`),
  KEY `idx_stat_date` (`stat_date`)
) ENGINE=InnoDB AUTO_INCREMENT=66 DEFAULT CHARSET=utf8mb4 COLLATE=utf8mb4_0900_ai_ci COMMENT='能效日统计表';
/*!40101 SET character_set_client = @saved_cs_client */;

--
-- Dumping data for table `energy_efficiency_daily`
--

LOCK TABLES `energy_efficiency_daily` WRITE;
/*!40000 ALTER TABLE `energy_efficiency_daily` DISABLE KEYS */;
INSERT INTO `energy_efficiency_daily` VALUES (1,1,'2025-12-02',5520.00,4080.00,1.28,24.50,48.20,28.50,371.00,5520.00,'2025-12-08 10:56:24'),(2,1,'2025-12-03',5680.00,4200.00,1.28,25.20,49.50,29.20,381.80,5680.00,'2025-12-08 10:56:24'),(3,1,'2025-12-04',5450.00,4020.00,1.25,24.80,47.80,28.00,366.30,5450.00,'2025-12-08 10:56:24'),(4,1,'2025-12-05',5750.00,4250.00,1.25,25.50,50.20,29.80,386.50,5750.00,'2025-12-08 10:56:24'),(5,1,'2025-12-06',5600.00,4130.00,1.25,25.00,48.80,28.80,376.40,5600.00,'2025-12-08 10:56:24'),(6,1,'2025-12-07',5720.00,4220.00,1.22,25.30,49.20,29.50,384.50,5720.00,'2025-12-08 10:56:24'),(7,1,'2025-12-08',5650.00,4170.00,1.22,24.80,48.50,29.00,379.80,5650.00,'2025-12-08 10:56:24'),(8,2,'2025-12-02',4320.00,3350.00,1.28,23.50,46.50,22.00,290.40,4320.00,'2025-12-08 10:56:24'),(9,2,'2025-12-03',4480.00,3470.00,1.28,24.00,47.20,23.00,301.10,4480.00,'2025-12-08 10:56:24'),(10,2,'2025-12-04',4250.00,3300.00,1.25,23.20,46.00,21.50,285.60,4250.00,'2025-12-08 10:56:24'),(11,2,'2025-12-05',4520.00,3500.00,1.25,24.20,47.50,23.20,303.80,4520.00,'2025-12-08 10:56:24'),(12,2,'2025-12-06',4380.00,3395.00,1.25,23.80,46.80,22.50,294.30,4380.00,'2025-12-08 10:56:24'),(13,2,'2025-12-07',4450.00,3450.00,1.22,24.00,47.00,22.80,299.00,4450.00,'2025-12-08 10:56:24'),(14,2,'2025-12-08',4400.00,3410.00,1.22,23.60,46.50,22.50,295.70,4400.00,'2025-12-08 10:56:24'),(15,1,'2025-11-01',5700.00,4200.00,1.32,25.20,49.00,29.00,383.00,5700.00,'2025-12-08 13:43:48'),(16,2,'2025-11-01',4420.00,3420.00,1.32,23.80,46.80,22.60,297.00,4420.00,'2025-12-08 13:43:48'),(17,1,'2025-11-15',5650.00,4150.00,1.32,25.00,48.50,28.80,380.00,5650.00,'2025-12-08 13:43:48'),(18,2,'2025-11-15',4380.00,3395.00,1.32,23.60,46.50,22.40,294.00,4380.00,'2025-12-08 13:43:48'),(19,1,'2025-10-01',5800.00,4280.00,1.35,25.50,50.00,30.00,390.00,5800.00,'2025-12-08 13:43:48'),(20,2,'2025-10-01',4500.00,3500.00,1.35,24.00,47.00,23.00,302.00,4500.00,'2025-12-08 13:43:48'),(21,1,'2025-10-15',5750.00,4230.00,1.35,25.30,49.50,29.50,386.00,5750.00,'2025-12-08 13:43:48'),(22,2,'2025-10-15',4450.00,3450.00,1.35,23.90,46.80,22.80,299.00,4450.00,'2025-12-08 13:43:48'),(23,1,'2025-09-01',5850.00,4320.00,1.38,25.80,50.50,30.50,393.00,5850.00,'2025-12-08 13:43:48'),(24,2,'2025-09-01',4550.00,3530.00,1.38,24.20,47.20,23.30,306.00,4550.00,'2025-12-08 13:43:48'),(25,1,'2025-09-15',5780.00,4260.00,1.38,25.40,49.80,29.80,388.00,5780.00,'2025-12-08 13:43:48'),(26,2,'2025-09-15',4480.00,3470.00,1.38,24.00,47.00,22.90,301.00,4480.00,'2025-12-08 13:43:48'),(27,1,'2025-08-01',5900.00,4350.00,1.42,26.00,51.00,31.00,396.00,5900.00,'2025-12-08 13:43:48'),(28,2,'2025-08-01',4600.00,3560.00,1.42,24.50,47.50,23.50,309.00,4600.00,'2025-12-08 13:43:48'),(29,1,'2025-08-15',5820.00,4290.00,1.42,25.60,50.20,30.20,391.00,5820.00,'2025-12-08 13:43:48'),(30,2,'2025-08-15',4520.00,3505.00,1.42,24.10,47.10,23.10,304.00,4520.00,'2025-12-08 13:43:48'),(31,1,'2025-07-01',5950.00,4380.00,1.45,26.20,51.50,31.50,400.00,5950.00,'2025-12-08 13:43:48'),(32,2,'2025-07-01',4650.00,3600.00,1.45,24.80,47.80,23.80,312.00,4650.00,'2025-12-08 13:43:48'),(33,1,'2025-07-15',5870.00,4330.00,1.45,25.90,50.80,30.80,394.00,5870.00,'2025-12-08 13:43:48'),(34,2,'2025-07-15',4580.00,3550.00,1.45,24.40,47.40,23.40,307.00,4580.00,'2025-12-08 13:43:48'),(35,1,'2025-12-09',18451.98,13027.72,1.23,24.44,50.38,594.72,10494.50,19208.90,'2025-12-08 16:46:08'),(36,1,'2025-12-10',21868.63,12620.89,1.30,23.29,54.90,499.77,10359.01,17010.86,'2025-12-08 16:46:08'),(37,1,'2025-12-11',21889.41,13310.49,1.25,25.32,46.09,581.17,9307.09,15721.41,'2025-12-08 16:46:08'),(38,1,'2025-12-12',19043.12,13742.11,1.29,23.01,53.08,590.86,9158.13,17891.05,'2025-12-08 16:46:08'),(39,1,'2025-12-13',20615.43,13069.30,1.31,25.82,54.56,498.55,10411.82,17793.14,'2025-12-08 16:46:08'),(40,1,'2025-12-14',20701.66,13402.38,1.27,23.18,45.53,493.92,9715.01,19545.48,'2025-12-08 16:46:08'),(41,1,'2025-12-15',19891.86,13275.07,1.32,25.73,50.25,593.57,10469.97,19017.78,'2025-12-08 16:46:08'),(42,1,'2025-12-16',21251.28,13306.88,1.32,22.73,51.46,540.31,10438.39,18948.58,'2025-12-08 16:46:08'),(43,1,'2025-12-17',21164.00,13171.71,1.28,22.10,51.75,476.97,10096.59,16010.27,'2025-12-08 16:46:08'),(44,1,'2025-12-18',19461.53,12441.49,1.20,23.50,57.84,472.72,9380.21,17481.02,'2025-12-08 16:46:08'),(45,1,'2025-12-19',21642.80,12129.78,1.29,25.07,45.88,598.60,10556.20,19592.75,'2025-12-08 16:46:08'),(46,1,'2025-12-20',19033.82,13073.24,1.34,25.72,58.81,572.67,9652.72,15892.37,'2025-12-08 16:46:08'),(47,1,'2025-12-21',21653.17,12062.07,1.26,25.93,55.07,510.85,9029.42,19283.00,'2025-12-08 16:46:08'),(48,1,'2025-12-22',18955.47,13249.09,1.26,22.63,53.49,504.05,9206.14,17171.64,'2025-12-08 16:46:08'),(49,1,'2025-12-23',21449.72,12018.33,1.27,23.06,59.25,593.38,10857.04,18874.96,'2025-12-08 16:46:08'),(50,1,'2025-12-24',18357.58,12243.99,1.25,23.37,55.34,512.72,9044.79,19288.15,'2025-12-08 16:46:08'),(51,1,'2025-12-25',18883.85,13063.85,1.35,23.55,59.24,537.50,9136.97,17961.79,'2025-12-08 16:46:08'),(52,1,'2025-12-26',21025.35,12009.22,1.31,25.03,52.80,499.50,9181.10,17313.51,'2025-12-08 16:46:08'),(53,1,'2025-12-27',18167.46,13642.43,1.35,23.76,48.78,591.81,10939.83,15067.21,'2025-12-08 16:46:08'),(54,1,'2025-12-28',18629.84,13493.95,1.24,22.29,53.55,545.51,9945.66,17269.71,'2025-12-08 16:46:08'),(55,1,'2025-12-29',21404.90,13788.60,1.34,25.62,56.66,475.40,10027.93,15308.81,'2025-12-08 16:46:08'),(56,1,'2025-12-30',21067.68,13298.62,1.34,25.12,46.02,599.47,10557.18,19517.59,'2025-12-08 16:46:08'),(57,1,'2025-12-31',18727.25,12397.01,1.27,24.56,57.88,505.93,9577.18,16621.97,'2025-12-08 16:46:08'),(58,1,'2026-01-01',21024.84,13615.73,1.32,23.72,57.56,584.50,10943.36,15841.67,'2025-12-08 16:46:08'),(59,1,'2026-01-02',21706.49,12256.23,1.33,25.68,45.21,496.80,10036.26,18273.51,'2025-12-08 16:46:08'),(60,1,'2026-01-03',20876.52,13263.07,1.20,22.43,53.00,501.96,9263.92,18102.55,'2025-12-08 16:46:08'),(61,1,'2026-01-04',20826.68,13343.64,1.24,22.72,47.74,505.89,9631.27,17301.49,'2025-12-08 16:46:08'),(62,1,'2026-01-05',19418.36,12784.11,1.33,23.23,57.63,493.84,10869.22,18980.99,'2025-12-08 16:46:08'),(63,1,'2026-01-06',18708.63,12994.39,1.34,23.12,53.12,579.43,10382.08,19332.72,'2025-12-08 16:46:08'),(64,1,'2026-01-07',19038.35,13396.62,1.31,23.88,48.10,544.05,10028.81,18455.56,'2025-12-08 16:46:08');
/*!40000 ALTER TABLE `energy_efficiency_daily` ENABLE KEYS */;
UNLOCK TABLES;

--
-- Table structure for table `integration_config`
--

DROP TABLE IF EXISTS `integration_config`;
/*!40101 SET @saved_cs_client     = @@character_set_client */;
/*!50503 SET character_set_client = utf8mb4 */;
CREATE TABLE `integration_config` (
  `id` bigint NOT NULL AUTO_INCREMENT,
  `name` varchar(100) DEFAULT NULL,
  `integration_type` varchar(50) DEFAULT NULL,
  `data_type` varchar(50) DEFAULT NULL,
  `description` text,
  `docking_type` varchar(50) DEFAULT NULL,
  `docking_id` varchar(100) DEFAULT NULL,
  `username` varchar(100) DEFAULT NULL,
  `password` varchar(255) DEFAULT NULL,
  `sync_schedule` varchar(50) DEFAULT NULL,
  `sync_frequency` varchar(50) DEFAULT NULL,
  `status` int DEFAULT '1',
  `created_time` datetime DEFAULT CURRENT_TIMESTAMP,
  `updated_time` datetime DEFAULT CURRENT_TIMESTAMP ON UPDATE CURRENT_TIMESTAMP,
  PRIMARY KEY (`id`)
) ENGINE=InnoDB AUTO_INCREMENT=10 DEFAULT CHARSET=utf8mb4 COLLATE=utf8mb4_0900_ai_ci;
/*!40101 SET character_set_client = @saved_cs_client */;

--
-- Dumping data for table `integration_config`
--

LOCK TABLES `integration_config` WRITE;
/*!40000 ALTER TABLE `integration_config` DISABLE KEYS */;
INSERT INTO `integration_config` VALUES (3,'LDAP用户同步','ldap','user','AD域用户同步，自动同步用户和组织架构','ldap','ldap://ad.example.com:389','cn=admin,dc=example,dc=com','ldap789','每天凌晨1点','daily',1,'2025-11-30 02:32:06','2025-11-30 02:32:06'),(4,'ServiceNow工单','itsm','ticket','ServiceNow ITSM系统对接，同步工单信息','api','https://instance.service-now.com/api','snow_user','snow123','每小时','hourly',1,'2025-11-30 02:32:06','2025-11-30 02:32:06'),(5,'邮件告警通知','email','notification','邮件服务器配置，用于发送告警通知邮件','smtp','smtp.example.com:465','alert@example.com','email456','实时','realtime',1,'2025-11-30 02:32:06','2025-11-30 02:32:06'),(6,'短信告警通知','sms','notification','短信网关配置，用于发送紧急告警短信','api','https://sms.aliyun.com/api','LTAI5xxx','secret789','实时','realtime',0,'2025-11-30 02:32:06','2025-11-30 02:32:06'),(7,'Prometheus指标','monitoring','metrics','Prometheus监控系统对接，获取性能指标数据','api','http://prometheus.example.com:9090/api/v1','','','每分钟','realtime',1,'2025-11-30 02:32:06','2025-11-30 02:32:06'),(8,'VMware虚拟化','virtualization','vm','VMware vCenter对接，同步虚拟机信息','api','https://vcenter.example.com/sdk','administrator@vsphere.local','vmware123','每小时','hourly',1,'2025-11-30 02:32:06','2025-11-30 02:32:06');
/*!40000 ALTER TABLE `integration_config` ENABLE KEYS */;
UNLOCK TABLES;

--
-- Table structure for table `license`
--

DROP TABLE IF EXISTS `license`;
/*!40101 SET @saved_cs_client     = @@character_set_client */;
/*!50503 SET character_set_client = utf8mb4 */;
CREATE TABLE `license` (
  `id` bigint NOT NULL AUTO_INCREMENT,
  `license_type` varchar(20) DEFAULT NULL,
  `max_devices` int DEFAULT NULL,
  `start_time` datetime DEFAULT NULL,
  `end_time` datetime DEFAULT NULL,
  `create_time` datetime DEFAULT CURRENT_TIMESTAMP,
  `update_time` datetime DEFAULT CURRENT_TIMESTAMP ON UPDATE CURRENT_TIMESTAMP,
  `active` int DEFAULT '0',
  `remarks` text,
  PRIMARY KEY (`id`)
) ENGINE=InnoDB DEFAULT CHARSET=utf8mb4 COLLATE=utf8mb4_0900_ai_ci;
/*!40101 SET character_set_client = @saved_cs_client */;

--
-- Dumping data for table `license`
--

LOCK TABLES `license` WRITE;
/*!40000 ALTER TABLE `license` DISABLE KEYS */;
/*!40000 ALTER TABLE `license` ENABLE KEYS */;
UNLOCK TABLES;

--
-- Table structure for table `line_performance`
--

DROP TABLE IF EXISTS `line_performance`;
/*!40101 SET @saved_cs_client     = @@character_set_client */;
/*!50503 SET character_set_client = utf8mb4 */;
CREATE TABLE `line_performance` (
  `id` bigint NOT NULL AUTO_INCREMENT,
  `line_id` bigint NOT NULL,
  `latency` decimal(10,2) DEFAULT NULL,
  `jitter` decimal(10,2) DEFAULT NULL,
  `packet_loss` decimal(5,2) DEFAULT NULL,
  `bandwidth_in` bigint DEFAULT NULL,
  `bandwidth_out` bigint DEFAULT NULL,
  `bandwidth_usage` decimal(5,2) DEFAULT NULL,
  `probe_time` datetime DEFAULT NULL,
  PRIMARY KEY (`id`)
) ENGINE=InnoDB AUTO_INCREMENT=1315 DEFAULT CHARSET=utf8mb4 COLLATE=utf8mb4_0900_ai_ci;
/*!40101 SET character_set_client = @saved_cs_client */;

--
-- Dumping data for table `line_performance`
--

LOCK TABLES `line_performance` WRITE;
/*!40000 ALTER TABLE `line_performance` DISABLE KEYS */;
INSERT INTO `line_performance` VALUES (1,6,18.38,5.29,0.62,90378131,24916044,31.23,'2025-12-08 13:43:17'),(2,5,6.82,3.39,0.26,55684778,51807607,63.75,'2025-12-08 13:43:17'),(3,4,22.88,9.87,0.78,49962843,47290237,54.03,'2025-12-08 13:43:17'),(4,3,8.13,4.11,0.22,70016977,16114630,33.03,'2025-12-08 13:43:17'),(5,2,7.87,6.00,0.33,64836784,48872132,28.48,'2025-12-08 13:43:17'),(6,1,5.10,4.24,0.08,91871963,15000160,38.29,'2025-12-08 13:43:17'),(7,6,22.98,10.73,1.44,73477862,43241423,40.88,'2025-12-08 12:43:17'),(8,5,6.10,3.27,0.30,35869953,74964973,44.12,'2025-12-08 12:43:17'),(9,4,10.18,9.96,0.22,65373870,24735996,26.59,'2025-12-08 12:43:17'),(10,3,6.60,6.52,0.43,73401484,25181207,70.75,'2025-12-08 12:43:17'),(11,2,16.14,3.56,0.13,68281063,47413135,73.43,'2025-12-08 12:43:17'),(12,1,11.66,3.71,0.47,41960182,46665162,68.92,'2025-12-08 12:43:17'),(13,6,22.36,4.96,0.93,22439146,32958533,44.30,'2025-12-08 11:43:17'),(14,5,4.82,2.78,0.22,49861756,55962340,37.62,'2025-12-08 11:43:17'),(15,4,16.73,5.55,0.84,64584559,30251276,55.94,'2025-12-08 11:43:17'),(16,3,8.23,3.94,0.08,64408469,38063866,35.40,'2025-12-08 11:43:17'),(17,2,9.06,8.13,0.01,54015654,20125051,29.09,'2025-12-08 11:43:17'),(18,1,9.01,2.18,0.38,69581808,65030811,38.59,'2025-12-08 11:43:17'),(19,6,13.46,7.41,0.61,28759957,34378138,37.18,'2025-12-08 10:43:17'),(20,5,6.96,2.87,0.27,25564983,56214897,33.55,'2025-12-08 10:43:17'),(21,4,11.10,8.66,0.12,69391988,58086081,64.30,'2025-12-08 10:43:17'),(22,3,11.16,4.38,0.45,44701456,33621044,57.53,'2025-12-08 10:43:17'),(23,2,9.85,3.79,0.75,48698982,74407690,72.47,'2025-12-08 10:43:17'),(24,1,8.21,3.35,0.36,56397401,21475557,30.48,'2025-12-08 10:43:17'),(25,6,23.50,6.69,0.71,76365655,20694638,41.65,'2025-12-08 09:43:17'),(26,5,7.32,3.04,0.00,62759687,52503650,51.31,'2025-12-08 09:43:17'),(27,4,21.74,4.73,0.32,42429935,41782714,43.45,'2025-12-08 09:43:17'),(28,3,11.90,6.19,0.40,68572547,17952483,45.47,'2025-12-08 09:43:17'),(29,2,19.20,6.57,0.07,69978975,66869917,46.90,'2025-12-08 09:43:17'),(30,1,10.18,5.13,0.26,97204852,29146740,37.02,'2025-12-08 09:43:17'),(31,6,26.72,10.72,0.59,87332122,17055612,58.78,'2025-12-08 08:43:17'),(32,5,4.83,3.58,0.04,67323885,46951142,73.28,'2025-12-08 08:43:17'),(33,4,23.48,7.83,0.21,52274793,38419563,64.48,'2025-12-08 08:43:17'),(34,3,11.14,4.31,0.40,96739751,63179753,28.23,'2025-12-08 08:43:17'),(35,2,10.83,8.66,0.03,42149453,30866994,49.50,'2025-12-08 08:43:17'),(36,1,10.32,4.97,0.13,77168053,63914799,75.95,'2025-12-08 08:43:17'),(37,6,16.83,7.19,1.16,21528780,61287764,68.00,'2025-12-08 07:43:17'),(38,5,8.39,1.68,0.02,46142295,38276051,77.56,'2025-12-08 07:43:17'),(39,4,20.13,6.00,0.53,84538675,41051280,65.04,'2025-12-08 07:43:17'),(40,3,10.33,2.41,0.40,44717861,48195888,70.36,'2025-12-08 07:43:17'),(41,2,13.95,4.14,0.18,70870589,44737357,54.23,'2025-12-08 07:43:17'),(42,1,7.92,2.41,0.24,25452593,68474934,35.11,'2025-12-08 07:43:17'),(43,6,24.20,6.23,0.14,97514849,48411231,72.65,'2025-12-08 06:43:17'),(44,5,8.59,4.26,0.18,34305135,19459295,70.11,'2025-12-08 06:43:17'),(45,4,25.25,5.81,0.44,52079007,56908761,37.37,'2025-12-08 06:43:17'),(46,3,9.38,6.14,0.24,44951630,37181724,74.77,'2025-12-08 06:43:17'),(47,2,12.96,6.20,0.25,97464371,68747709,54.44,'2025-12-08 06:43:17'),(48,1,6.46,2.67,0.21,59175118,27495025,54.33,'2025-12-08 06:43:17'),(49,6,17.22,8.70,0.92,73790385,46361905,55.78,'2025-12-08 05:43:17'),(50,5,6.65,2.38,0.05,95136143,28786719,39.88,'2025-12-08 05:43:17'),(51,4,25.47,9.89,0.31,20789158,22705423,56.75,'2025-12-08 05:43:17'),(52,3,12.50,4.71,0.43,93764591,43109644,54.58,'2025-12-08 05:43:17'),(53,2,13.21,6.85,0.66,34812673,41557672,59.46,'2025-12-08 05:43:17'),(54,1,12.68,4.90,0.13,86855220,38069386,44.92,'2025-12-08 05:43:17'),(55,6,30.97,7.92,0.13,44805172,32792099,53.15,'2025-12-08 04:43:17'),(56,5,9.59,3.58,0.27,56182478,46093872,34.06,'2025-12-08 04:43:17'),(57,4,19.87,6.67,0.06,31053844,46284269,31.55,'2025-12-08 04:43:17'),(58,3,9.82,4.14,0.53,30686615,17553195,68.72,'2025-12-08 04:43:17'),(59,2,18.69,4.47,0.27,99023715,71359120,63.99,'2025-12-08 04:43:17'),(60,1,11.78,2.14,0.33,33970861,68707270,77.10,'2025-12-08 04:43:17'),(61,6,13.96,9.09,0.50,30814645,55548820,78.41,'2025-12-08 03:43:17'),(62,5,9.38,2.38,0.26,64995981,25223311,29.88,'2025-12-08 03:43:17'),(63,4,14.99,4.46,0.39,80636745,52056823,68.85,'2025-12-08 03:43:17'),(64,3,8.09,5.12,0.35,98727448,24817666,71.95,'2025-12-08 03:43:17'),(65,2,17.56,6.53,0.37,60213453,23498942,32.01,'2025-12-08 03:43:17'),(66,1,9.61,2.98,0.34,62279505,52221775,50.98,'2025-12-08 03:43:17'),(67,6,26.91,5.25,0.16,50147500,48667020,60.50,'2025-12-08 02:43:17'),(68,5,8.43,2.82,0.03,34292631,51247406,49.08,'2025-12-08 02:43:17'),(69,4,19.77,8.20,0.17,23522818,57792184,46.03,'2025-12-08 02:43:17'),(70,3,6.29,5.96,0.09,36494556,49851627,37.15,'2025-12-08 02:43:17'),(71,2,15.73,6.41,0.65,46333626,27937514,25.44,'2025-12-08 02:43:17'),(72,1,11.45,4.66,0.19,68676657,69643946,63.70,'2025-12-08 02:43:17'),(73,6,30.68,7.84,0.12,44869914,34045992,59.27,'2025-12-08 01:43:17'),(74,5,6.05,3.39,0.07,39210741,45440109,68.98,'2025-12-08 01:43:17'),(75,4,18.95,6.44,0.06,41212065,23418047,74.36,'2025-12-08 01:43:17'),(76,3,7.05,5.88,0.49,67148710,45099546,64.41,'2025-12-08 01:43:17'),(77,2,9.85,7.46,0.17,82135346,29974252,75.07,'2025-12-08 01:43:17'),(78,1,11.72,3.57,0.36,39510923,19048112,56.34,'2025-12-08 01:43:17'),(79,6,29.02,7.43,0.13,59668321,28101456,56.25,'2025-12-08 00:43:17'),(80,5,6.34,1.65,0.30,91721478,45779215,72.52,'2025-12-08 00:43:17'),(81,4,23.41,7.94,0.30,86307113,28951203,60.57,'2025-12-08 00:43:17'),(82,3,12.56,4.02,0.53,39997320,51299078,36.50,'2025-12-08 00:43:17'),(83,2,14.22,8.66,0.16,25126412,58535917,46.15,'2025-12-08 00:43:17'),(84,1,5.02,4.46,0.25,54180249,51916144,67.68,'2025-12-08 00:43:17'),(85,6,15.04,6.92,1.32,70721704,47180999,66.78,'2025-12-07 23:43:17'),(86,5,5.85,1.90,0.20,22549620,23766549,58.10,'2025-12-07 23:43:17'),(87,4,21.78,9.44,0.68,23785637,27583795,74.40,'2025-12-07 23:43:17'),(88,3,14.68,5.77,0.18,24997899,40964221,78.58,'2025-12-07 23:43:17'),(89,2,14.50,8.73,0.15,96951444,30370667,43.71,'2025-12-07 23:43:17'),(90,1,6.66,4.98,0.32,70411341,29346945,38.31,'2025-12-07 23:43:17'),(91,6,28.67,5.86,0.31,72784245,55510754,43.79,'2025-12-07 22:43:17'),(92,5,10.12,3.27,0.03,78968310,37332661,58.98,'2025-12-07 22:43:17'),(93,4,12.11,8.98,0.16,73197118,65741714,34.02,'2025-12-07 22:43:17'),(94,3,12.06,4.30,0.22,61026412,41417187,59.78,'2025-12-07 22:43:17'),(95,2,19.43,8.69,0.74,72926671,47772205,64.78,'2025-12-07 22:43:17'),(96,1,5.74,2.79,0.42,64416988,29295308,51.54,'2025-12-07 22:43:17'),(97,6,30.77,13.12,0.32,26679950,62099698,60.47,'2025-12-07 21:43:17'),(98,5,4.11,1.78,0.08,30995533,68420241,22.36,'2025-12-07 21:43:17'),(99,4,18.41,7.58,0.98,47982436,64182638,22.95,'2025-12-07 21:43:17'),(100,3,13.55,5.71,0.34,60810015,64676874,56.56,'2025-12-07 21:43:17'),(101,2,14.26,8.73,0.20,41176931,50310687,28.91,'2025-12-07 21:43:17'),(102,1,12.81,3.53,0.13,98320231,22193670,59.75,'2025-12-07 21:43:17'),(103,6,31.55,11.32,0.03,82222689,64549854,67.75,'2025-12-07 20:43:17'),(104,5,7.21,1.94,0.03,29753367,34202523,34.07,'2025-12-07 20:43:17'),(105,4,13.39,6.50,0.15,74541065,72378962,64.18,'2025-12-07 20:43:17'),(106,3,13.80,5.99,0.50,67411881,43265520,54.65,'2025-12-07 20:43:17'),(107,2,13.19,6.78,0.62,95376971,38738589,29.09,'2025-12-07 20:43:17'),(108,1,9.57,3.40,0.14,39013857,34535003,74.89,'2025-12-07 20:43:17'),(109,6,24.45,6.85,0.64,52140661,58713127,46.25,'2025-12-07 19:43:17'),(110,5,4.01,3.55,0.14,43549211,17500418,39.52,'2025-12-07 19:43:17'),(111,4,18.02,7.72,0.15,32766819,35793648,35.24,'2025-12-07 19:43:17'),(112,3,8.21,4.04,0.16,30875970,68700310,24.03,'2025-12-07 19:43:17'),(113,2,15.31,3.50,0.25,51913520,18610449,26.25,'2025-12-07 19:43:17'),(114,1,7.72,3.36,0.46,54632601,39395348,64.05,'2025-12-07 19:43:17'),(115,6,21.53,5.25,1.37,53549088,35872199,48.88,'2025-12-07 18:43:17'),(116,5,6.32,2.64,0.23,75364012,25778862,69.33,'2025-12-07 18:43:17'),(117,4,19.14,6.74,0.24,22754587,41838128,27.99,'2025-12-07 18:43:17'),(118,3,9.11,3.33,0.08,20263661,51983789,24.33,'2025-12-07 18:43:17'),(119,2,13.64,5.10,0.13,85114223,49141116,44.20,'2025-12-07 18:43:17'),(120,1,7.48,3.18,0.38,82667921,53350531,70.75,'2025-12-07 18:43:17'),(121,6,18.73,4.97,0.25,82375348,38609492,57.70,'2025-12-07 17:43:17'),(122,5,10.15,4.18,0.22,89059061,23315051,26.19,'2025-12-07 17:43:17'),(123,4,11.60,5.34,0.66,77186659,51004488,71.35,'2025-12-07 17:43:17'),(124,3,10.60,5.88,0.42,22501682,17819394,28.47,'2025-12-07 17:43:17'),(125,2,14.28,5.44,0.25,46615873,59615750,63.19,'2025-12-07 17:43:17'),(126,1,7.95,4.39,0.16,60620190,51227449,49.74,'2025-12-07 17:43:17'),(127,6,25.84,11.93,0.36,72774059,49519537,73.86,'2025-12-07 16:43:17'),(128,5,8.88,1.93,0.09,32078680,66187315,68.76,'2025-12-07 16:43:17'),(129,4,18.06,4.57,0.90,39028117,44972125,67.05,'2025-12-07 16:43:17'),(130,3,10.05,5.58,0.31,47088878,22565026,56.88,'2025-12-07 16:43:17'),(131,2,15.84,6.73,0.05,54542371,72989318,52.23,'2025-12-07 16:43:17'),(132,1,11.29,3.12,0.12,38112062,40321565,45.86,'2025-12-07 16:43:17'),(133,6,30.27,6.06,0.13,97773631,51450012,27.26,'2025-12-07 15:43:17'),(134,5,9.01,3.14,0.12,47784373,47366803,59.32,'2025-12-07 15:43:17'),(135,4,20.53,6.28,0.65,42672645,42684013,47.41,'2025-12-07 15:43:17'),(136,3,14.64,2.94,0.56,45816785,62361718,78.72,'2025-12-07 15:43:17'),(137,2,13.80,7.07,0.70,44972785,70831739,62.97,'2025-12-07 15:43:17'),(138,1,11.31,4.79,0.31,76875780,56537700,39.72,'2025-12-07 15:43:17'),(139,6,23.83,11.90,0.79,28555595,71918648,45.34,'2025-12-07 14:43:17'),(140,5,5.70,1.78,0.15,51381348,39772984,73.26,'2025-12-07 14:43:17'),(141,4,13.19,6.34,0.07,49024197,50677523,73.08,'2025-12-07 14:43:17'),(142,3,12.14,4.69,0.48,50567272,45071305,41.58,'2025-12-07 14:43:17'),(143,2,11.04,5.41,0.07,41287908,18600768,50.11,'2025-12-07 14:43:17'),(144,1,7.63,2.49,0.35,29540124,43503618,21.05,'2025-12-07 14:43:17'),(256,6,12.94,1.28,0.16,84915572,69180288,58.20,'2025-12-08 14:52:14'),(257,5,16.08,2.50,0.36,68824385,52168680,57.60,'2025-12-08 14:52:14'),(258,4,15.52,2.04,0.04,86108205,60022107,59.90,'2025-12-08 14:52:14'),(259,3,11.80,0.92,0.47,49705420,49332904,34.40,'2025-12-08 14:52:14'),(260,2,13.26,0.96,0.36,37727219,40504459,66.00,'2025-12-08 14:52:14'),(261,1,8.49,2.52,0.13,51690295,57616668,71.60,'2025-12-08 14:52:14'),(262,6,16.55,0.56,0.20,93479896,37634351,32.10,'2025-12-08 14:42:14'),(263,5,5.34,2.46,0.40,31208292,55046087,52.60,'2025-12-08 14:42:14'),(264,4,5.42,1.84,0.38,60986301,67036696,48.80,'2025-12-08 14:42:14'),(265,3,3.84,0.96,0.30,68230494,66286740,79.50,'2025-12-08 14:42:14'),(266,2,5.61,3.20,0.49,41712452,65908432,34.40,'2025-12-08 14:42:14'),(267,1,13.35,1.05,0.42,77199432,61884307,38.30,'2025-12-08 14:42:14'),(268,6,7.72,0.73,0.22,99231463,50576905,34.50,'2025-12-08 14:32:14'),(269,5,12.28,2.96,0.12,84490167,27388114,50.20,'2025-12-08 14:32:14'),(270,4,11.61,2.48,0.29,94878239,64415416,63.10,'2025-12-08 14:32:14'),(271,3,12.60,1.16,0.09,43986374,44302996,71.50,'2025-12-08 14:32:14'),(272,2,13.44,3.47,0.43,51302959,67983464,74.30,'2025-12-08 14:32:14'),(273,1,11.22,0.75,0.39,72525076,56186101,69.80,'2025-12-08 14:32:14'),(274,6,15.14,2.48,0.43,54286154,27060990,63.30,'2025-12-08 14:22:14'),(275,5,16.54,2.05,0.44,89167908,49380670,50.10,'2025-12-08 14:22:14'),(276,4,6.73,0.61,0.22,34949959,22281918,30.80,'2025-12-08 14:22:14'),(277,3,17.15,2.51,0.26,69048109,32553904,59.10,'2025-12-08 14:22:14'),(278,2,5.34,0.61,0.36,60790649,23563930,31.80,'2025-12-08 14:22:14'),(279,1,17.55,2.72,0.40,81399464,34915490,44.40,'2025-12-08 14:22:14'),(280,6,11.23,3.13,0.37,34627208,25605378,48.10,'2025-12-08 14:12:14'),(281,5,10.12,1.36,0.01,44067288,68343486,41.60,'2025-12-08 14:12:14'),(282,4,6.85,2.27,0.09,37788637,21452234,70.60,'2025-12-08 14:12:14'),(283,3,17.55,1.75,0.08,71647484,43481531,58.20,'2025-12-08 14:12:14'),(284,2,9.11,1.54,0.26,67031314,25128707,76.30,'2025-12-08 14:12:14'),(285,1,7.82,2.99,0.09,59712999,48746236,60.10,'2025-12-08 14:12:14'),(286,6,7.22,2.31,0.09,32876358,54793789,47.80,'2025-12-08 14:02:14'),(287,5,13.39,1.69,0.45,52605635,65387832,58.50,'2025-12-08 14:02:14'),(288,4,4.90,3.27,0.12,58506020,36520531,51.50,'2025-12-08 14:02:14'),(289,3,5.41,2.04,0.04,89704484,21571097,59.90,'2025-12-08 14:02:14'),(290,2,16.46,2.58,0.39,83781687,46722467,48.40,'2025-12-08 14:02:14'),(291,1,6.50,0.69,0.31,94029242,55453169,70.10,'2025-12-08 14:02:14'),(292,1,24.70,NULL,0.32,79889922,42094538,72.96,'2025-12-08 18:00:00'),(293,2,22.64,NULL,0.42,114705044,56440353,65.57,'2025-12-08 18:00:00'),(294,3,18.48,NULL,0.45,126693353,90551547,54.18,'2025-12-08 18:00:00'),(295,4,12.22,NULL,0.24,149373293,38529125,57.59,'2025-12-08 18:00:00'),(296,5,16.59,NULL,0.37,89126811,56436148,53.92,'2025-12-08 18:00:00'),(297,6,16.01,NULL,0.38,114339754,70743582,60.81,'2025-12-08 18:00:00'),(298,1,18.30,NULL,0.56,143326470,102802016,67.52,'2025-12-08 12:00:00'),(299,2,10.32,NULL,0.53,71986941,72285940,79.16,'2025-12-08 12:00:00'),(300,3,14.96,NULL,0.45,102408945,70874171,79.12,'2025-12-08 12:00:00'),(301,4,15.69,NULL,0.57,110371026,43922024,32.95,'2025-12-08 12:00:00'),(302,5,21.59,NULL,0.44,61892803,72564651,45.18,'2025-12-08 12:00:00'),(303,6,23.82,NULL,0.45,121729180,69811069,46.82,'2025-12-08 12:00:00'),(304,1,12.83,NULL,0.57,60592995,88119282,45.73,'2025-12-08 06:00:00'),(305,2,15.91,NULL,0.11,144480055,81854870,50.33,'2025-12-08 06:00:00'),(306,3,11.32,NULL,0.21,133986963,72950425,38.24,'2025-12-08 06:00:00'),(307,4,13.20,NULL,0.39,72120942,61147246,44.15,'2025-12-08 06:00:00'),(308,5,13.71,NULL,0.29,69561367,95237399,54.52,'2025-12-08 06:00:00'),(309,6,10.09,NULL,0.38,127631091,46385939,64.76,'2025-12-08 06:00:00'),(310,1,22.92,NULL,0.21,102450606,106574502,40.62,'2025-12-08 00:00:00'),(311,2,12.86,NULL,0.26,50291867,35610156,47.09,'2025-12-08 00:00:00'),(312,3,17.49,NULL,0.33,135010458,97378945,63.04,'2025-12-08 00:00:00'),(313,4,21.66,NULL,0.55,69505589,50679312,65.36,'2025-12-08 00:00:00'),(314,5,21.41,NULL,0.44,63206012,78905088,63.02,'2025-12-08 00:00:00'),(315,6,17.02,NULL,0.28,89013126,99934560,40.03,'2025-12-08 00:00:00'),(316,1,15.70,NULL,0.25,85303306,99542558,44.37,'2025-12-09 18:00:00'),(317,2,22.43,NULL,0.24,142190807,91177742,32.89,'2025-12-09 18:00:00'),(318,3,24.93,NULL,0.50,52740753,88330294,58.17,'2025-12-09 18:00:00'),(319,4,19.45,NULL,0.33,90248457,80995179,78.99,'2025-12-09 18:00:00'),(320,5,24.80,NULL,0.60,50475285,33630571,40.63,'2025-12-09 18:00:00'),(321,6,23.91,NULL,0.60,70673650,33266763,59.20,'2025-12-09 18:00:00'),(322,1,21.96,NULL,0.22,128143014,46250388,63.57,'2025-12-09 12:00:00'),(323,2,21.21,NULL,0.46,87252253,85501645,47.56,'2025-12-09 12:00:00'),(324,3,20.13,NULL,0.26,108324539,106085856,30.28,'2025-12-09 12:00:00'),(325,4,12.62,NULL,0.53,126400610,49740272,77.09,'2025-12-09 12:00:00'),(326,5,24.53,NULL,0.11,68040457,98040802,65.57,'2025-12-09 12:00:00'),(327,6,10.08,NULL,0.55,94329957,73299554,48.82,'2025-12-09 12:00:00'),(328,1,13.87,NULL,0.18,52859475,82930074,41.12,'2025-12-09 06:00:00'),(329,2,11.90,NULL,0.58,95550097,60070068,55.64,'2025-12-09 06:00:00'),(330,3,16.55,NULL,0.42,141544950,81345608,53.14,'2025-12-09 06:00:00'),(331,4,15.82,NULL,0.38,110131783,57748690,76.52,'2025-12-09 06:00:00'),(332,5,19.17,NULL,0.23,98960105,82337928,70.12,'2025-12-09 06:00:00'),(333,6,10.73,NULL,0.52,54135918,85514747,47.28,'2025-12-09 06:00:00'),(334,1,19.69,NULL,0.20,53177891,76138022,69.41,'2025-12-09 00:00:00'),(335,2,13.17,NULL,0.45,132364999,33501565,67.39,'2025-12-09 00:00:00'),(336,3,19.12,NULL,0.50,66150485,63271710,59.75,'2025-12-09 00:00:00'),(337,4,20.91,NULL,0.53,57273862,94894735,71.89,'2025-12-09 00:00:00'),(338,5,21.32,NULL,0.23,54383074,64712303,31.90,'2025-12-09 00:00:00'),(339,6,23.33,NULL,0.26,147489135,101228936,56.36,'2025-12-09 00:00:00'),(340,1,24.47,NULL,0.22,81390363,97593511,44.14,'2025-12-10 18:00:00'),(341,2,23.19,NULL,0.37,60929513,101800661,37.98,'2025-12-10 18:00:00'),(342,3,11.59,NULL,0.12,143177230,70755121,67.59,'2025-12-10 18:00:00'),(343,4,13.47,NULL,0.55,130545687,56246154,41.20,'2025-12-10 18:00:00'),(344,5,12.04,NULL,0.10,112825752,39585770,65.72,'2025-12-10 18:00:00'),(345,6,13.18,NULL,0.56,145386133,31198903,40.67,'2025-12-10 18:00:00'),(346,1,10.33,NULL,0.33,77891734,109042787,35.17,'2025-12-10 12:00:00'),(347,2,18.30,NULL,0.33,111481174,86780790,65.22,'2025-12-10 12:00:00'),(348,3,15.89,NULL,0.52,57044416,94270416,70.28,'2025-12-10 12:00:00'),(349,4,19.27,NULL,0.44,100592213,71135462,32.66,'2025-12-10 12:00:00'),(350,5,20.85,NULL,0.33,61724546,47097889,65.84,'2025-12-10 12:00:00'),(351,6,24.15,NULL,0.38,149800879,53472834,53.65,'2025-12-10 12:00:00'),(352,1,17.27,NULL,0.10,107236332,97646619,55.54,'2025-12-10 06:00:00'),(353,2,10.26,NULL,0.38,121979698,104867176,55.99,'2025-12-10 06:00:00'),(354,3,21.87,NULL,0.30,111630016,100958953,59.30,'2025-12-10 06:00:00'),(355,4,14.04,NULL,0.39,63210395,101734385,34.35,'2025-12-10 06:00:00'),(356,5,21.18,NULL,0.33,59242284,35195693,32.37,'2025-12-10 06:00:00'),(357,6,10.64,NULL,0.13,72247335,102194501,72.24,'2025-12-10 06:00:00'),(358,1,17.75,NULL,0.12,118948294,54338188,52.63,'2025-12-10 00:00:00'),(359,2,15.26,NULL,0.30,142634957,65565952,52.19,'2025-12-10 00:00:00'),(360,3,23.28,NULL,0.15,132130460,95602580,61.81,'2025-12-10 00:00:00'),(361,4,20.82,NULL,0.45,82138131,71281980,60.80,'2025-12-10 00:00:00'),(362,5,17.98,NULL,0.51,96045329,99496758,78.11,'2025-12-10 00:00:00'),(363,6,13.07,NULL,0.17,57298881,106199547,57.18,'2025-12-10 00:00:00'),(364,1,22.90,NULL,0.43,126837799,96622790,72.94,'2025-12-11 18:00:00'),(365,2,21.93,NULL,0.30,112129190,102128690,62.21,'2025-12-11 18:00:00'),(366,3,17.74,NULL,0.42,118973986,70482789,53.05,'2025-12-11 18:00:00'),(367,4,21.80,NULL,0.38,89240268,54845371,48.78,'2025-12-11 18:00:00'),(368,5,24.20,NULL,0.40,68720024,39607552,31.94,'2025-12-11 18:00:00'),(369,6,22.51,NULL,0.13,126654406,83716954,32.88,'2025-12-11 18:00:00'),(370,1,14.11,NULL,0.20,66287251,47874902,61.43,'2025-12-11 12:00:00'),(371,2,17.09,NULL,0.34,146677609,62263654,35.81,'2025-12-11 12:00:00'),(372,3,15.56,NULL,0.35,91674857,75291134,59.02,'2025-12-11 12:00:00'),(373,4,13.06,NULL,0.24,127758610,34358272,76.98,'2025-12-11 12:00:00'),(374,5,18.02,NULL,0.53,116962983,92708091,75.52,'2025-12-11 12:00:00'),(375,6,13.00,NULL,0.24,125061893,105377860,52.96,'2025-12-11 12:00:00'),(376,1,17.04,NULL,0.59,94291542,54279858,39.44,'2025-12-11 06:00:00'),(377,2,10.50,NULL,0.40,139988081,85972969,69.93,'2025-12-11 06:00:00'),(378,3,23.42,NULL,0.14,119577958,50127345,38.53,'2025-12-11 06:00:00'),(379,4,11.47,NULL,0.59,110387751,36405870,59.44,'2025-12-11 06:00:00'),(380,5,20.55,NULL,0.48,114492459,107716397,76.13,'2025-12-11 06:00:00'),(381,6,20.47,NULL,0.46,102157651,65062691,61.33,'2025-12-11 06:00:00'),(382,1,22.28,NULL,0.21,110870782,62387816,39.91,'2025-12-11 00:00:00'),(383,2,21.64,NULL,0.24,60098377,81797646,76.72,'2025-12-11 00:00:00'),(384,3,20.94,NULL,0.52,53509617,81291977,35.02,'2025-12-11 00:00:00'),(385,4,18.68,NULL,0.40,72782788,58840828,35.95,'2025-12-11 00:00:00'),(386,5,17.71,NULL,0.21,101779342,106274677,40.69,'2025-12-11 00:00:00'),(387,6,13.13,NULL,0.30,88316455,86830484,50.12,'2025-12-11 00:00:00'),(388,1,23.21,NULL,0.20,84395311,40219761,60.34,'2025-12-12 18:00:00'),(389,2,19.77,NULL,0.32,72189340,94342653,47.79,'2025-12-12 18:00:00'),(390,3,15.49,NULL,0.48,121219789,52014322,41.97,'2025-12-12 18:00:00'),(391,4,15.56,NULL,0.17,107182809,65863744,56.30,'2025-12-12 18:00:00'),(392,5,14.28,NULL,0.52,88238925,59545407,64.97,'2025-12-12 18:00:00'),(393,6,15.84,NULL,0.52,56995835,94587997,71.34,'2025-12-12 18:00:00'),(394,1,20.68,NULL,0.14,76801126,37765276,64.06,'2025-12-12 12:00:00'),(395,2,11.73,NULL,0.37,81676816,108901763,79.05,'2025-12-12 12:00:00'),(396,3,24.20,NULL,0.49,60634232,43141878,55.12,'2025-12-12 12:00:00'),(397,4,10.28,NULL,0.39,138029407,81144530,57.78,'2025-12-12 12:00:00'),(398,5,22.91,NULL,0.42,109260287,34707994,55.82,'2025-12-12 12:00:00'),(399,6,16.08,NULL,0.34,67780744,66173816,66.37,'2025-12-12 12:00:00'),(400,1,14.21,NULL,0.21,76351563,82338453,54.03,'2025-12-12 06:00:00'),(401,2,16.61,NULL,0.48,97839105,38984644,36.32,'2025-12-12 06:00:00'),(402,3,14.42,NULL,0.15,109254403,84108265,60.21,'2025-12-12 06:00:00'),(403,4,24.87,NULL,0.17,125346135,56426175,49.56,'2025-12-12 06:00:00'),(404,5,24.48,NULL,0.43,86733505,100301930,44.59,'2025-12-12 06:00:00'),(405,6,22.35,NULL,0.22,122813131,103789481,51.37,'2025-12-12 06:00:00'),(406,1,15.55,NULL,0.38,123130206,106118483,58.17,'2025-12-12 00:00:00'),(407,2,24.45,NULL,0.16,123466383,53922147,44.56,'2025-12-12 00:00:00'),(408,3,18.38,NULL,0.56,142278704,98377880,55.26,'2025-12-12 00:00:00'),(409,4,24.43,NULL,0.25,108760764,34293834,55.28,'2025-12-12 00:00:00'),(410,5,15.50,NULL,0.26,98405452,67583831,74.84,'2025-12-12 00:00:00'),(411,6,11.12,NULL,0.44,69180041,102751785,78.58,'2025-12-12 00:00:00'),(412,1,11.95,NULL,0.47,78038997,46015430,37.99,'2025-12-13 18:00:00'),(413,2,12.98,NULL,0.36,146774936,54079051,60.08,'2025-12-13 18:00:00'),(414,3,11.58,NULL,0.46,79558169,54852953,63.33,'2025-12-13 18:00:00'),(415,4,16.01,NULL,0.10,131994321,36899506,78.57,'2025-12-13 18:00:00'),(416,5,18.97,NULL,0.14,108991650,87507457,71.22,'2025-12-13 18:00:00'),(417,6,24.49,NULL,0.28,138067582,56922204,32.03,'2025-12-13 18:00:00'),(418,1,12.90,NULL,0.52,114716363,85942064,57.74,'2025-12-13 12:00:00'),(419,2,20.15,NULL,0.46,106217202,82452229,59.59,'2025-12-13 12:00:00'),(420,3,24.88,NULL,0.19,144299822,43118651,79.55,'2025-12-13 12:00:00'),(421,4,16.94,NULL,0.27,81461275,74121253,70.69,'2025-12-13 12:00:00'),(422,5,16.21,NULL,0.41,140527422,81018436,53.64,'2025-12-13 12:00:00'),(423,6,16.76,NULL,0.52,132860857,80732417,64.25,'2025-12-13 12:00:00'),(424,1,17.83,NULL,0.38,71604340,62838052,50.21,'2025-12-13 06:00:00'),(425,2,21.85,NULL,0.47,81217296,58151765,71.15,'2025-12-13 06:00:00'),(426,3,10.89,NULL,0.51,145660837,54209826,62.16,'2025-12-13 06:00:00'),(427,4,14.63,NULL,0.41,63935260,98617072,73.53,'2025-12-13 06:00:00'),(428,5,21.69,NULL,0.24,58929087,77195948,64.09,'2025-12-13 06:00:00'),(429,6,19.59,NULL,0.18,134138965,90077874,41.53,'2025-12-13 06:00:00'),(430,1,23.51,NULL,0.51,85208643,56252220,59.23,'2025-12-13 00:00:00'),(431,2,24.07,NULL,0.57,136984432,73103968,34.22,'2025-12-13 00:00:00'),(432,3,22.09,NULL,0.49,96341054,109067073,57.57,'2025-12-13 00:00:00'),(433,4,21.88,NULL,0.25,65841247,99671828,73.96,'2025-12-13 00:00:00'),(434,5,21.75,NULL,0.24,54967102,62650719,74.58,'2025-12-13 00:00:00'),(435,6,13.51,NULL,0.35,127056531,59559888,56.79,'2025-12-13 00:00:00'),(436,1,18.56,NULL,0.22,101381895,96713745,61.41,'2025-12-14 18:00:00'),(437,2,19.58,NULL,0.26,113562159,49723427,46.29,'2025-12-14 18:00:00'),(438,3,23.34,NULL,0.34,118387100,30617495,79.35,'2025-12-14 18:00:00'),(439,4,23.68,NULL,0.40,75371173,68015065,60.74,'2025-12-14 18:00:00'),(440,5,19.73,NULL,0.30,54418138,32172579,30.16,'2025-12-14 18:00:00'),(441,6,24.02,NULL,0.43,101562189,76896526,49.21,'2025-12-14 18:00:00'),(442,1,12.43,NULL,0.43,130625450,34442413,72.94,'2025-12-14 12:00:00'),(443,2,11.92,NULL,0.13,142930867,66706787,55.31,'2025-12-14 12:00:00'),(444,3,12.32,NULL,0.23,131048280,53007872,30.33,'2025-12-14 12:00:00'),(445,4,12.55,NULL,0.51,114015378,86865207,61.68,'2025-12-14 12:00:00'),(446,5,10.53,NULL,0.24,77954584,75270092,79.54,'2025-12-14 12:00:00'),(447,6,13.84,NULL,0.25,127278321,105143050,48.90,'2025-12-14 12:00:00'),(448,1,11.09,NULL,0.21,142563111,105369089,76.68,'2025-12-14 06:00:00'),(449,2,22.63,NULL,0.30,101960478,59648135,44.71,'2025-12-14 06:00:00'),(450,3,15.39,NULL,0.56,98872910,86312819,32.67,'2025-12-14 06:00:00'),(451,4,12.33,NULL,0.41,111149902,46914844,41.13,'2025-12-14 06:00:00'),(452,5,17.19,NULL,0.46,69992305,95382951,54.33,'2025-12-14 06:00:00'),(453,6,24.72,NULL,0.32,79227278,39548915,66.00,'2025-12-14 06:00:00'),(454,1,13.63,NULL,0.12,102108798,66595129,66.20,'2025-12-14 00:00:00'),(455,2,13.71,NULL,0.13,108252602,87432068,72.10,'2025-12-14 00:00:00'),(456,3,10.84,NULL,0.48,110153399,89686267,76.29,'2025-12-14 00:00:00'),(457,4,15.86,NULL,0.19,120885629,31254641,77.59,'2025-12-14 00:00:00'),(458,5,20.68,NULL,0.45,89031051,96835101,30.31,'2025-12-14 00:00:00'),(459,6,17.87,NULL,0.40,95596272,66899555,76.92,'2025-12-14 00:00:00'),(460,1,14.62,NULL,0.46,119960218,55917051,56.05,'2025-12-15 18:00:00'),(461,2,19.50,NULL,0.40,61430699,91061517,53.67,'2025-12-15 18:00:00'),(462,3,11.16,NULL,0.58,109951655,37896832,64.75,'2025-12-15 18:00:00'),(463,4,12.68,NULL,0.50,101034362,39882111,34.33,'2025-12-15 18:00:00'),(464,5,10.94,NULL,0.13,57436252,47186225,72.55,'2025-12-15 18:00:00'),(465,6,19.16,NULL,0.35,117126140,98332521,42.85,'2025-12-15 18:00:00'),(466,1,20.84,NULL,0.52,54051569,84218312,43.35,'2025-12-15 12:00:00'),(467,2,14.53,NULL,0.46,114415543,37211398,55.91,'2025-12-15 12:00:00'),(468,3,14.81,NULL,0.12,78398134,51765756,55.42,'2025-12-15 12:00:00'),(469,4,20.89,NULL,0.15,84274860,62123248,78.97,'2025-12-15 12:00:00'),(470,5,20.39,NULL,0.36,104675863,42715365,37.72,'2025-12-15 12:00:00'),(471,6,14.43,NULL,0.11,68109994,99217325,69.14,'2025-12-15 12:00:00'),(472,1,14.77,NULL,0.22,76009692,75723877,33.87,'2025-12-15 06:00:00'),(473,2,20.09,NULL,0.17,113570494,92911916,31.24,'2025-12-15 06:00:00'),(474,3,21.48,NULL,0.48,96126659,34176613,73.86,'2025-12-15 06:00:00'),(475,4,13.44,NULL,0.36,139195988,102911813,74.06,'2025-12-15 06:00:00'),(476,5,20.07,NULL,0.46,105308260,80010592,53.32,'2025-12-15 06:00:00'),(477,6,16.85,NULL,0.54,55061431,78055190,72.58,'2025-12-15 06:00:00'),(478,1,16.84,NULL,0.46,75708065,38833782,69.04,'2025-12-15 00:00:00'),(479,2,18.60,NULL,0.36,139472539,102419779,72.10,'2025-12-15 00:00:00'),(480,3,17.42,NULL,0.57,74938986,62568785,44.37,'2025-12-15 00:00:00'),(481,4,13.23,NULL,0.21,93180604,70953922,43.21,'2025-12-15 00:00:00'),(482,5,21.78,NULL,0.17,81220821,42823004,73.24,'2025-12-15 00:00:00'),(483,6,22.65,NULL,0.41,107827418,32131246,49.92,'2025-12-15 00:00:00'),(484,1,23.68,NULL,0.28,58785902,57601230,53.07,'2025-12-16 18:00:00'),(485,2,14.09,NULL,0.59,57147172,63924797,75.29,'2025-12-16 18:00:00'),(486,3,13.86,NULL,0.38,57108911,81980290,31.78,'2025-12-16 18:00:00'),(487,4,13.42,NULL,0.12,98884107,57205022,41.69,'2025-12-16 18:00:00'),(488,5,12.23,NULL,0.12,126597050,86199458,40.73,'2025-12-16 18:00:00'),(489,6,24.48,NULL,0.19,51813995,73382985,62.85,'2025-12-16 18:00:00'),(490,1,19.87,NULL,0.26,112562780,43437057,78.15,'2025-12-16 12:00:00'),(491,2,14.66,NULL,0.43,89303521,107596958,63.54,'2025-12-16 12:00:00'),(492,3,16.65,NULL,0.20,119941607,100310957,44.81,'2025-12-16 12:00:00'),(493,4,22.66,NULL,0.27,63119070,82603923,74.71,'2025-12-16 12:00:00'),(494,5,17.47,NULL,0.50,104821116,55226862,76.60,'2025-12-16 12:00:00'),(495,6,20.71,NULL,0.49,123215745,56871752,54.15,'2025-12-16 12:00:00'),(496,1,16.11,NULL,0.39,121696214,95709367,77.80,'2025-12-16 06:00:00'),(497,2,14.73,NULL,0.46,110493140,101483129,62.65,'2025-12-16 06:00:00'),(498,3,18.76,NULL,0.58,55205026,60241596,66.70,'2025-12-16 06:00:00'),(499,4,18.04,NULL,0.34,127584018,65957074,75.99,'2025-12-16 06:00:00'),(500,5,13.76,NULL,0.35,121609145,37978841,47.52,'2025-12-16 06:00:00'),(501,6,16.79,NULL,0.21,120576410,101224377,46.71,'2025-12-16 06:00:00'),(502,1,10.00,NULL,0.60,149186365,107101102,72.16,'2025-12-16 00:00:00'),(503,2,14.87,NULL,0.15,99824689,46604734,57.15,'2025-12-16 00:00:00'),(504,3,11.39,NULL,0.52,139134025,106417580,35.10,'2025-12-16 00:00:00'),(505,4,19.67,NULL,0.56,115290987,70983028,60.14,'2025-12-16 00:00:00'),(506,5,17.15,NULL,0.39,94641957,70497093,39.59,'2025-12-16 00:00:00'),(507,6,16.61,NULL,0.41,131181150,44339034,53.04,'2025-12-16 00:00:00'),(508,1,21.49,NULL,0.32,144203688,59284060,30.21,'2025-12-17 18:00:00'),(509,2,23.84,NULL,0.40,73424676,59605744,37.38,'2025-12-17 18:00:00'),(510,3,19.42,NULL,0.45,109904475,102449259,66.55,'2025-12-17 18:00:00'),(511,4,24.07,NULL,0.35,116908588,98464217,43.59,'2025-12-17 18:00:00'),(512,5,21.87,NULL,0.17,83383790,49553422,41.03,'2025-12-17 18:00:00'),(513,6,15.54,NULL,0.19,132307070,74495230,45.59,'2025-12-17 18:00:00'),(514,1,23.35,NULL,0.36,140671775,108986228,40.82,'2025-12-17 12:00:00'),(515,2,11.81,NULL,0.58,90253393,42347647,58.21,'2025-12-17 12:00:00'),(516,3,15.36,NULL,0.15,90517772,89129012,54.00,'2025-12-17 12:00:00'),(517,4,12.74,NULL,0.34,132142792,84817601,78.09,'2025-12-17 12:00:00'),(518,5,21.30,NULL,0.54,64803227,37614640,31.59,'2025-12-17 12:00:00'),(519,6,23.10,NULL,0.24,124065257,100919649,40.53,'2025-12-17 12:00:00'),(520,1,15.90,NULL,0.27,99073036,66128489,69.29,'2025-12-17 06:00:00'),(521,2,18.62,NULL,0.36,134875041,86049540,77.84,'2025-12-17 06:00:00'),(522,3,20.24,NULL,0.37,115941221,83852161,49.38,'2025-12-17 06:00:00'),(523,4,23.77,NULL,0.31,88669627,81901868,34.19,'2025-12-17 06:00:00'),(524,5,17.09,NULL,0.16,63986815,59183529,50.22,'2025-12-17 06:00:00'),(525,6,23.91,NULL,0.31,83837205,63554402,34.10,'2025-12-17 06:00:00'),(526,1,12.28,NULL,0.36,61084896,31148126,66.96,'2025-12-17 00:00:00'),(527,2,19.80,NULL,0.12,77784259,49768546,50.10,'2025-12-17 00:00:00'),(528,3,14.03,NULL,0.17,138155847,109614120,46.56,'2025-12-17 00:00:00'),(529,4,20.06,NULL,0.28,128302853,97073163,72.15,'2025-12-17 00:00:00'),(530,5,20.50,NULL,0.58,124841848,96687653,76.14,'2025-12-17 00:00:00'),(531,6,11.69,NULL,0.50,114136461,95513164,38.52,'2025-12-17 00:00:00'),(532,1,15.93,NULL,0.33,64714026,56819617,41.74,'2025-12-18 18:00:00'),(533,2,12.52,NULL,0.17,68032212,69239488,75.58,'2025-12-18 18:00:00'),(534,3,11.29,NULL,0.45,72008185,31080845,50.37,'2025-12-18 18:00:00'),(535,4,24.94,NULL,0.48,130249575,89053821,44.17,'2025-12-18 18:00:00'),(536,5,13.04,NULL,0.18,70137531,71743590,30.24,'2025-12-18 18:00:00'),(537,6,16.88,NULL,0.24,52214728,51720301,44.55,'2025-12-18 18:00:00'),(538,1,19.61,NULL,0.27,123306992,83754778,38.02,'2025-12-18 12:00:00'),(539,2,21.80,NULL,0.33,139637874,40267114,77.63,'2025-12-18 12:00:00'),(540,3,15.67,NULL,0.12,52268601,31585796,31.55,'2025-12-18 12:00:00'),(541,4,11.44,NULL,0.29,114187379,34143805,46.67,'2025-12-18 12:00:00'),(542,5,17.67,NULL,0.38,75117635,76766764,38.47,'2025-12-18 12:00:00'),(543,6,11.40,NULL,0.58,100982328,84034848,72.39,'2025-12-18 12:00:00'),(544,1,13.18,NULL,0.36,145352816,47080204,40.35,'2025-12-18 06:00:00'),(545,2,15.91,NULL,0.27,106701893,92835404,41.31,'2025-12-18 06:00:00'),(546,3,21.62,NULL,0.20,114561130,81734047,44.83,'2025-12-18 06:00:00'),(547,4,18.14,NULL,0.51,99110037,108719440,52.33,'2025-12-18 06:00:00'),(548,5,14.22,NULL,0.13,98953375,49802844,68.45,'2025-12-18 06:00:00'),(549,6,11.54,NULL,0.20,122492428,30373609,72.43,'2025-12-18 06:00:00'),(550,1,13.43,NULL,0.40,80665747,88984953,68.33,'2025-12-18 00:00:00'),(551,2,19.32,NULL,0.50,66319958,62022205,55.59,'2025-12-18 00:00:00'),(552,3,15.37,NULL,0.23,70164913,49412228,60.42,'2025-12-18 00:00:00'),(553,4,14.70,NULL,0.47,127501369,81642717,75.13,'2025-12-18 00:00:00'),(554,5,18.65,NULL,0.19,64449323,45839568,57.82,'2025-12-18 00:00:00'),(555,6,12.83,NULL,0.24,129922478,44185582,54.45,'2025-12-18 00:00:00'),(556,1,23.69,NULL,0.15,124472900,64721068,76.79,'2025-12-19 18:00:00'),(557,2,15.66,NULL,0.14,76369601,36481344,60.70,'2025-12-19 18:00:00'),(558,3,22.40,NULL,0.25,148251112,32766057,41.27,'2025-12-19 18:00:00'),(559,4,10.34,NULL,0.32,62580137,54970218,39.16,'2025-12-19 18:00:00'),(560,5,24.70,NULL,0.27,130685571,108923492,55.61,'2025-12-19 18:00:00'),(561,6,19.02,NULL,0.33,104247892,54390610,74.85,'2025-12-19 18:00:00'),(562,1,18.55,NULL,0.18,59050501,107744052,59.37,'2025-12-19 12:00:00'),(563,2,10.33,NULL,0.27,117254428,55561907,59.00,'2025-12-19 12:00:00'),(564,3,24.12,NULL,0.58,51013405,42011288,66.02,'2025-12-19 12:00:00'),(565,4,12.27,NULL,0.40,101950803,95109357,55.54,'2025-12-19 12:00:00'),(566,5,11.69,NULL,0.11,131180386,107561736,50.61,'2025-12-19 12:00:00'),(567,6,12.29,NULL,0.36,67027840,51989572,73.18,'2025-12-19 12:00:00'),(568,1,17.39,NULL,0.54,139234620,97120137,55.90,'2025-12-19 06:00:00'),(569,2,11.09,NULL,0.51,133303540,88738820,38.60,'2025-12-19 06:00:00'),(570,3,19.86,NULL,0.49,138713229,39569733,76.84,'2025-12-19 06:00:00'),(571,4,14.87,NULL,0.51,59256321,31826530,71.82,'2025-12-19 06:00:00'),(572,5,11.71,NULL,0.13,145762342,78689367,38.51,'2025-12-19 06:00:00'),(573,6,10.38,NULL,0.41,50171896,42972697,70.28,'2025-12-19 06:00:00'),(574,1,18.13,NULL,0.25,133301306,53214730,77.59,'2025-12-19 00:00:00'),(575,2,23.33,NULL,0.39,77659050,79364722,42.78,'2025-12-19 00:00:00'),(576,3,16.40,NULL,0.28,104885139,81788165,59.51,'2025-12-19 00:00:00'),(577,4,10.13,NULL,0.24,84435216,101919598,53.10,'2025-12-19 00:00:00'),(578,5,19.19,NULL,0.44,104858513,86886510,75.48,'2025-12-19 00:00:00'),(579,6,16.23,NULL,0.27,98552345,61142322,54.49,'2025-12-19 00:00:00'),(580,1,14.22,NULL,0.57,134094197,61506250,52.32,'2025-12-20 18:00:00'),(581,2,10.75,NULL,0.56,90724383,54136975,44.34,'2025-12-20 18:00:00'),(582,3,17.94,NULL,0.49,83579486,56022245,60.95,'2025-12-20 18:00:00'),(583,4,11.79,NULL,0.47,83719893,67529977,46.70,'2025-12-20 18:00:00'),(584,5,13.94,NULL,0.26,127031666,103314039,43.56,'2025-12-20 18:00:00'),(585,6,19.10,NULL,0.21,77777732,88425656,70.91,'2025-12-20 18:00:00'),(586,1,23.51,NULL,0.12,103463258,72533688,32.72,'2025-12-20 12:00:00'),(587,2,20.16,NULL,0.21,58319941,89758489,54.27,'2025-12-20 12:00:00'),(588,3,12.78,NULL,0.34,130344722,78087957,59.76,'2025-12-20 12:00:00'),(589,4,12.59,NULL,0.14,136722910,38427497,76.25,'2025-12-20 12:00:00'),(590,5,14.64,NULL,0.49,142528929,55187777,69.92,'2025-12-20 12:00:00'),(591,6,10.71,NULL,0.52,56506460,94091624,70.53,'2025-12-20 12:00:00'),(592,1,19.74,NULL,0.51,62502301,44519282,56.62,'2025-12-20 06:00:00'),(593,2,11.76,NULL,0.60,109827661,31679468,45.51,'2025-12-20 06:00:00'),(594,3,17.32,NULL,0.35,57744830,99032337,34.11,'2025-12-20 06:00:00'),(595,4,22.33,NULL,0.53,135505996,84588876,72.33,'2025-12-20 06:00:00'),(596,5,12.79,NULL,0.30,89354501,93737836,70.15,'2025-12-20 06:00:00'),(597,6,19.37,NULL,0.46,119936038,58213762,63.26,'2025-12-20 06:00:00'),(598,1,14.03,NULL,0.27,142515572,77008221,38.13,'2025-12-20 00:00:00'),(599,2,10.75,NULL,0.48,116015552,31185507,34.68,'2025-12-20 00:00:00'),(600,3,16.36,NULL,0.52,141658468,35627635,60.10,'2025-12-20 00:00:00'),(601,4,21.98,NULL,0.19,104465132,42685823,37.95,'2025-12-20 00:00:00'),(602,5,14.78,NULL,0.16,113065023,94077098,35.64,'2025-12-20 00:00:00'),(603,6,12.42,NULL,0.33,135885389,101067945,73.26,'2025-12-20 00:00:00'),(604,1,19.91,NULL,0.45,106151680,84487650,66.05,'2025-12-21 18:00:00'),(605,2,18.42,NULL,0.42,103582523,89775815,36.43,'2025-12-21 18:00:00'),(606,3,16.01,NULL,0.41,139366897,78831665,48.55,'2025-12-21 18:00:00'),(607,4,10.36,NULL,0.10,145623500,91185735,77.77,'2025-12-21 18:00:00'),(608,5,17.24,NULL,0.37,78510067,92867894,33.70,'2025-12-21 18:00:00'),(609,6,10.18,NULL,0.52,65842136,52013139,75.03,'2025-12-21 18:00:00'),(610,1,20.16,NULL,0.44,89208670,102484350,47.70,'2025-12-21 12:00:00'),(611,2,10.78,NULL,0.20,133153437,75227083,46.60,'2025-12-21 12:00:00'),(612,3,24.47,NULL,0.51,73616963,86253442,70.37,'2025-12-21 12:00:00'),(613,4,23.91,NULL,0.21,78738240,93648673,35.79,'2025-12-21 12:00:00'),(614,5,12.89,NULL,0.41,99986016,82209289,68.18,'2025-12-21 12:00:00'),(615,6,22.89,NULL,0.10,95984844,52076728,30.01,'2025-12-21 12:00:00'),(616,1,12.60,NULL,0.53,131046928,66319374,71.93,'2025-12-21 06:00:00'),(617,2,22.46,NULL,0.42,119905998,76435513,70.25,'2025-12-21 06:00:00'),(618,3,14.26,NULL,0.10,66946926,96776401,63.26,'2025-12-21 06:00:00'),(619,4,22.32,NULL,0.16,59561598,41364916,51.17,'2025-12-21 06:00:00'),(620,5,20.37,NULL,0.19,135258092,86588317,78.95,'2025-12-21 06:00:00'),(621,6,21.60,NULL,0.56,82221236,96096161,38.22,'2025-12-21 06:00:00'),(622,1,15.15,NULL,0.21,58610536,90879778,57.33,'2025-12-21 00:00:00'),(623,2,16.76,NULL,0.41,120784276,86308986,49.79,'2025-12-21 00:00:00'),(624,3,23.01,NULL,0.17,64450936,51971777,76.99,'2025-12-21 00:00:00'),(625,4,23.12,NULL,0.38,64554758,35290563,74.70,'2025-12-21 00:00:00'),(626,5,14.08,NULL,0.44,106694759,94442000,46.34,'2025-12-21 00:00:00'),(627,6,13.26,NULL,0.15,137966677,36346267,67.88,'2025-12-21 00:00:00'),(628,1,18.25,NULL,0.34,124026500,51341303,35.65,'2025-12-22 18:00:00'),(629,2,21.47,NULL,0.34,63189017,46282119,61.10,'2025-12-22 18:00:00'),(630,3,17.49,NULL,0.42,115363951,60191933,76.30,'2025-12-22 18:00:00'),(631,4,17.47,NULL,0.46,56900154,46549308,71.37,'2025-12-22 18:00:00'),(632,5,17.74,NULL,0.15,144290289,63592519,43.54,'2025-12-22 18:00:00'),(633,6,11.42,NULL,0.43,51443144,37486350,51.23,'2025-12-22 18:00:00'),(634,1,22.63,NULL,0.57,66100931,109387693,53.94,'2025-12-22 12:00:00'),(635,2,16.25,NULL,0.42,148192867,107666352,75.42,'2025-12-22 12:00:00'),(636,3,19.44,NULL,0.31,71955824,96662861,55.39,'2025-12-22 12:00:00'),(637,4,10.58,NULL,0.44,73978164,44799622,40.28,'2025-12-22 12:00:00'),(638,5,17.10,NULL,0.47,82530323,60370030,76.11,'2025-12-22 12:00:00'),(639,6,17.08,NULL,0.40,105536059,109488701,45.10,'2025-12-22 12:00:00'),(640,1,17.93,NULL,0.47,60822049,55919898,44.77,'2025-12-22 06:00:00'),(641,2,17.57,NULL,0.42,117264293,66098586,41.91,'2025-12-22 06:00:00'),(642,3,22.56,NULL,0.34,135078668,96881635,61.39,'2025-12-22 06:00:00'),(643,4,19.46,NULL,0.24,95816075,68459031,31.46,'2025-12-22 06:00:00'),(644,5,20.56,NULL,0.32,54598455,104836143,56.97,'2025-12-22 06:00:00'),(645,6,23.35,NULL,0.52,99418951,107770039,48.90,'2025-12-22 06:00:00'),(646,1,24.61,NULL,0.47,125531699,75627361,59.29,'2025-12-22 00:00:00'),(647,2,13.27,NULL,0.27,50454639,32241495,36.32,'2025-12-22 00:00:00'),(648,3,18.22,NULL,0.28,66392770,88759515,39.03,'2025-12-22 00:00:00'),(649,4,20.50,NULL,0.58,118862861,75604294,69.22,'2025-12-22 00:00:00'),(650,5,13.18,NULL,0.45,139280146,57773858,32.87,'2025-12-22 00:00:00'),(651,6,13.69,NULL,0.13,104543672,74600081,37.56,'2025-12-22 00:00:00'),(652,1,11.25,NULL,0.58,106845234,106075311,32.47,'2025-12-23 18:00:00'),(653,2,15.91,NULL,0.51,142611548,43267355,32.54,'2025-12-23 18:00:00'),(654,3,21.35,NULL,0.42,138644558,73050991,31.57,'2025-12-23 18:00:00'),(655,4,18.14,NULL,0.41,96120495,66247330,74.09,'2025-12-23 18:00:00'),(656,5,10.75,NULL,0.40,137106527,73423395,35.04,'2025-12-23 18:00:00'),(657,6,23.13,NULL,0.14,124851076,71410290,47.13,'2025-12-23 18:00:00'),(658,1,12.40,NULL,0.49,88454642,78296062,73.24,'2025-12-23 12:00:00'),(659,2,17.70,NULL,0.59,81789145,83993976,51.05,'2025-12-23 12:00:00'),(660,3,11.20,NULL,0.17,94514258,95174251,66.90,'2025-12-23 12:00:00'),(661,4,13.69,NULL,0.11,83772669,81487407,40.24,'2025-12-23 12:00:00'),(662,5,11.40,NULL,0.53,147726222,56584635,66.49,'2025-12-23 12:00:00'),(663,6,19.78,NULL,0.13,89422092,90900565,61.18,'2025-12-23 12:00:00'),(664,1,22.52,NULL,0.25,50117853,38269645,55.67,'2025-12-23 06:00:00'),(665,2,13.85,NULL,0.47,144268159,68891588,60.13,'2025-12-23 06:00:00'),(666,3,18.32,NULL,0.58,66899553,105571743,40.81,'2025-12-23 06:00:00'),(667,4,13.71,NULL,0.39,69681573,47668421,55.69,'2025-12-23 06:00:00'),(668,5,23.60,NULL,0.60,73732261,46990044,47.50,'2025-12-23 06:00:00'),(669,6,11.69,NULL,0.36,72466045,76891547,42.84,'2025-12-23 06:00:00'),(670,1,17.88,NULL,0.53,120481079,106454678,63.20,'2025-12-23 00:00:00'),(671,2,16.79,NULL,0.24,50346671,46006342,79.50,'2025-12-23 00:00:00'),(672,3,15.25,NULL,0.49,134441597,100871340,74.81,'2025-12-23 00:00:00'),(673,4,22.35,NULL,0.31,117117700,35687721,47.10,'2025-12-23 00:00:00'),(674,5,17.45,NULL,0.33,129303092,77655441,59.97,'2025-12-23 00:00:00'),(675,6,13.15,NULL,0.23,112463180,59661708,79.00,'2025-12-23 00:00:00'),(676,1,21.81,NULL,0.60,112542330,40750027,69.78,'2025-12-24 18:00:00'),(677,2,18.62,NULL,0.34,121387584,38497535,49.47,'2025-12-24 18:00:00'),(678,3,19.43,NULL,0.59,148903793,31610750,36.68,'2025-12-24 18:00:00'),(679,4,19.11,NULL,0.42,85915179,100957648,47.87,'2025-12-24 18:00:00'),(680,5,11.89,NULL,0.38,91271626,61121128,65.35,'2025-12-24 18:00:00'),(681,6,15.51,NULL,0.46,98263645,50958463,73.10,'2025-12-24 18:00:00'),(682,1,17.86,NULL,0.12,109875759,101302246,63.01,'2025-12-24 12:00:00'),(683,2,19.40,NULL,0.18,138682285,107909076,40.44,'2025-12-24 12:00:00'),(684,3,11.84,NULL,0.59,106564524,99445028,62.17,'2025-12-24 12:00:00'),(685,4,19.19,NULL,0.17,132881580,89513749,41.66,'2025-12-24 12:00:00'),(686,5,24.01,NULL,0.59,55154242,57640580,58.65,'2025-12-24 12:00:00'),(687,6,22.42,NULL,0.31,112287592,98016987,49.12,'2025-12-24 12:00:00'),(688,1,15.42,NULL,0.43,71721223,38397988,73.66,'2025-12-24 06:00:00'),(689,2,10.77,NULL,0.42,52923263,48907950,34.70,'2025-12-24 06:00:00'),(690,3,21.42,NULL,0.36,83559801,38518141,56.28,'2025-12-24 06:00:00'),(691,4,14.63,NULL,0.58,140356872,79629469,49.56,'2025-12-24 06:00:00'),(692,5,11.42,NULL,0.25,71358050,43561762,40.34,'2025-12-24 06:00:00'),(693,6,17.89,NULL,0.10,96407226,53641496,34.27,'2025-12-24 06:00:00'),(694,1,18.10,NULL,0.32,110655723,85700970,63.08,'2025-12-24 00:00:00'),(695,2,13.29,NULL,0.16,140240047,44050163,38.55,'2025-12-24 00:00:00'),(696,3,14.92,NULL,0.16,114732752,98657831,47.46,'2025-12-24 00:00:00'),(697,4,12.56,NULL,0.50,102482120,46114378,51.63,'2025-12-24 00:00:00'),(698,5,18.39,NULL,0.35,131071801,74857150,48.57,'2025-12-24 00:00:00'),(699,6,12.62,NULL,0.48,77754848,38504817,64.95,'2025-12-24 00:00:00'),(700,1,12.63,NULL,0.49,87956314,74320173,61.57,'2025-12-25 18:00:00'),(701,2,17.42,NULL,0.39,91139407,55588218,48.25,'2025-12-25 18:00:00'),(702,3,22.99,NULL,0.22,107245465,42821801,34.20,'2025-12-25 18:00:00'),(703,4,24.09,NULL,0.32,90188434,84222005,39.16,'2025-12-25 18:00:00'),(704,5,23.24,NULL,0.53,117296677,91763061,72.06,'2025-12-25 18:00:00'),(705,6,23.36,NULL,0.56,146812583,34571259,49.07,'2025-12-25 18:00:00'),(706,1,21.03,NULL,0.37,95470598,84186404,31.13,'2025-12-25 12:00:00'),(707,2,11.21,NULL,0.27,93678695,44132325,58.65,'2025-12-25 12:00:00'),(708,3,15.02,NULL,0.58,126723530,107886540,58.31,'2025-12-25 12:00:00'),(709,4,23.65,NULL,0.53,103287827,38494398,76.61,'2025-12-25 12:00:00'),(710,5,15.14,NULL,0.56,105730780,32811214,55.19,'2025-12-25 12:00:00'),(711,6,16.20,NULL,0.38,103961617,32405614,56.58,'2025-12-25 12:00:00'),(712,1,18.51,NULL,0.22,100809696,95158721,57.41,'2025-12-25 06:00:00'),(713,2,14.46,NULL,0.52,81632809,34551571,46.77,'2025-12-25 06:00:00'),(714,3,17.60,NULL,0.36,61640587,30001297,62.54,'2025-12-25 06:00:00'),(715,4,13.81,NULL,0.26,133096509,45884982,55.00,'2025-12-25 06:00:00'),(716,5,23.56,NULL,0.11,88692203,100035853,40.82,'2025-12-25 06:00:00'),(717,6,16.84,NULL,0.42,128552197,32835529,71.03,'2025-12-25 06:00:00'),(718,1,24.95,NULL,0.36,112288353,73695494,73.12,'2025-12-25 00:00:00'),(719,2,20.10,NULL,0.49,137140814,31822527,54.98,'2025-12-25 00:00:00'),(720,3,16.45,NULL,0.43,146635069,100224952,54.50,'2025-12-25 00:00:00'),(721,4,22.25,NULL,0.41,111512473,48933270,46.90,'2025-12-25 00:00:00'),(722,5,24.70,NULL,0.54,98579869,91913039,50.61,'2025-12-25 00:00:00'),(723,6,21.09,NULL,0.33,57779045,30951030,71.30,'2025-12-25 00:00:00'),(724,1,11.42,NULL,0.60,119186726,67903829,44.67,'2025-12-26 18:00:00'),(725,2,10.68,NULL,0.27,110116204,107050656,30.61,'2025-12-26 18:00:00'),(726,3,12.57,NULL,0.51,109030254,69090489,63.61,'2025-12-26 18:00:00'),(727,4,23.43,NULL,0.33,111390408,85164343,60.30,'2025-12-26 18:00:00'),(728,5,24.42,NULL,0.59,56504350,58420127,59.06,'2025-12-26 18:00:00'),(729,6,22.60,NULL,0.33,126050785,64755655,74.54,'2025-12-26 18:00:00'),(730,1,12.25,NULL,0.14,144354990,68502582,58.79,'2025-12-26 12:00:00'),(731,2,16.52,NULL,0.32,143273255,55687374,70.36,'2025-12-26 12:00:00'),(732,3,11.10,NULL,0.57,99792660,82752440,70.16,'2025-12-26 12:00:00'),(733,4,10.57,NULL,0.49,128776923,77819602,61.27,'2025-12-26 12:00:00'),(734,5,15.01,NULL,0.50,146348703,65072720,45.08,'2025-12-26 12:00:00'),(735,6,12.89,NULL,0.13,121548143,62101713,73.00,'2025-12-26 12:00:00'),(736,1,11.44,NULL,0.55,70780479,57359310,34.33,'2025-12-26 06:00:00'),(737,2,16.10,NULL,0.49,115011050,104268548,64.57,'2025-12-26 06:00:00'),(738,3,20.08,NULL,0.24,91646422,47799552,73.15,'2025-12-26 06:00:00'),(739,4,19.72,NULL,0.43,80791075,77085018,30.95,'2025-12-26 06:00:00'),(740,5,14.95,NULL,0.40,146759541,35114062,50.84,'2025-12-26 06:00:00'),(741,6,23.39,NULL,0.21,88095358,51584869,40.31,'2025-12-26 06:00:00'),(742,1,13.32,NULL,0.34,128087767,64967827,72.14,'2025-12-26 00:00:00'),(743,2,23.54,NULL,0.59,72288226,42424358,35.39,'2025-12-26 00:00:00'),(744,3,11.10,NULL,0.12,149809178,98749376,45.13,'2025-12-26 00:00:00'),(745,4,24.02,NULL,0.48,52502870,96213054,33.16,'2025-12-26 00:00:00'),(746,5,22.50,NULL,0.59,88106313,108159249,67.09,'2025-12-26 00:00:00'),(747,6,21.67,NULL,0.43,148617582,105123938,66.84,'2025-12-26 00:00:00'),(748,1,23.00,NULL,0.16,51103020,85114417,50.58,'2025-12-27 18:00:00'),(749,2,24.87,NULL,0.46,112885477,108651169,31.46,'2025-12-27 18:00:00'),(750,3,12.94,NULL,0.55,138049235,87673322,78.16,'2025-12-27 18:00:00'),(751,4,19.79,NULL,0.29,141454109,65918379,55.06,'2025-12-27 18:00:00'),(752,5,12.39,NULL,0.25,148850474,34994599,47.33,'2025-12-27 18:00:00'),(753,6,18.19,NULL,0.44,131104097,108870512,54.81,'2025-12-27 18:00:00'),(754,1,17.86,NULL,0.17,57882057,30321032,69.18,'2025-12-27 12:00:00'),(755,2,23.59,NULL,0.19,67741613,57990030,40.86,'2025-12-27 12:00:00'),(756,3,10.54,NULL,0.36,103543367,37286292,72.45,'2025-12-27 12:00:00'),(757,4,24.58,NULL,0.26,115257859,55707184,62.45,'2025-12-27 12:00:00'),(758,5,14.21,NULL,0.33,94308374,97530724,74.57,'2025-12-27 12:00:00'),(759,6,23.87,NULL,0.57,147196304,30975187,37.25,'2025-12-27 12:00:00'),(760,1,20.33,NULL,0.10,147617806,98437437,47.44,'2025-12-27 06:00:00'),(761,2,12.66,NULL,0.52,117565560,98252836,41.94,'2025-12-27 06:00:00'),(762,3,19.52,NULL,0.33,88077988,72638300,56.13,'2025-12-27 06:00:00'),(763,4,10.21,NULL,0.35,96604513,96055737,66.52,'2025-12-27 06:00:00'),(764,5,12.62,NULL,0.44,138709662,61108286,44.15,'2025-12-27 06:00:00'),(765,6,13.72,NULL,0.30,71858137,103181176,75.90,'2025-12-27 06:00:00'),(766,1,22.69,NULL,0.34,134307688,92924220,50.18,'2025-12-27 00:00:00'),(767,2,19.87,NULL,0.14,92316620,100201440,35.90,'2025-12-27 00:00:00'),(768,3,24.37,NULL,0.32,80249778,46541172,36.32,'2025-12-27 00:00:00'),(769,4,10.17,NULL,0.44,85487616,89281196,62.02,'2025-12-27 00:00:00'),(770,5,24.69,NULL,0.59,143541212,90262192,78.01,'2025-12-27 00:00:00'),(771,6,18.11,NULL,0.51,99800819,31406222,59.69,'2025-12-27 00:00:00'),(772,1,23.75,NULL,0.50,75698006,100468255,61.67,'2025-12-28 18:00:00'),(773,2,17.86,NULL,0.46,52964034,108967410,72.33,'2025-12-28 18:00:00'),(774,3,14.07,NULL,0.51,77339114,103147353,67.58,'2025-12-28 18:00:00'),(775,4,10.22,NULL,0.51,54936956,93267758,70.31,'2025-12-28 18:00:00'),(776,5,19.87,NULL,0.54,88609066,55138932,50.65,'2025-12-28 18:00:00'),(777,6,11.83,NULL,0.29,98695681,55862882,37.78,'2025-12-28 18:00:00'),(778,1,22.12,NULL,0.39,94129711,68993143,35.66,'2025-12-28 12:00:00'),(779,2,11.55,NULL,0.19,108276924,60208060,36.98,'2025-12-28 12:00:00'),(780,3,18.49,NULL,0.30,84947471,71557476,57.45,'2025-12-28 12:00:00'),(781,4,12.79,NULL,0.24,136230723,66721449,65.41,'2025-12-28 12:00:00'),(782,5,12.46,NULL,0.45,148085040,95673561,38.10,'2025-12-28 12:00:00'),(783,6,15.21,NULL,0.23,71372109,55193643,76.67,'2025-12-28 12:00:00'),(784,1,20.84,NULL,0.51,139199446,31951306,52.30,'2025-12-28 06:00:00'),(785,2,12.35,NULL,0.32,125763717,66124557,79.24,'2025-12-28 06:00:00'),(786,3,18.55,NULL,0.55,126020775,39556936,45.83,'2025-12-28 06:00:00'),(787,4,13.38,NULL,0.19,70063128,68216255,69.33,'2025-12-28 06:00:00'),(788,5,17.50,NULL,0.17,70069173,76643340,45.66,'2025-12-28 06:00:00'),(789,6,22.25,NULL,0.17,76693606,102379345,66.15,'2025-12-28 06:00:00'),(790,1,23.50,NULL,0.27,146262996,95205536,39.37,'2025-12-28 00:00:00'),(791,2,17.38,NULL,0.55,51376989,59988452,71.65,'2025-12-28 00:00:00'),(792,3,10.60,NULL,0.45,89154517,98024145,33.84,'2025-12-28 00:00:00'),(793,4,22.50,NULL,0.57,68307392,38423404,78.86,'2025-12-28 00:00:00'),(794,5,18.55,NULL,0.56,138858824,84655918,67.51,'2025-12-28 00:00:00'),(795,6,20.52,NULL,0.23,68073620,40595366,36.00,'2025-12-28 00:00:00'),(796,1,13.04,NULL,0.43,115899384,56779521,64.84,'2025-12-29 18:00:00'),(797,2,17.19,NULL,0.25,59705850,75122247,56.45,'2025-12-29 18:00:00'),(798,3,24.29,NULL,0.19,52581919,77893709,75.79,'2025-12-29 18:00:00'),(799,4,21.75,NULL,0.18,99812091,108517121,50.65,'2025-12-29 18:00:00'),(800,5,11.81,NULL,0.28,95432498,44585547,57.43,'2025-12-29 18:00:00'),(801,6,12.94,NULL,0.27,58599384,64024103,73.43,'2025-12-29 18:00:00'),(802,1,11.00,NULL,0.46,93998491,31266888,67.96,'2025-12-29 12:00:00'),(803,2,21.23,NULL,0.33,58126927,30805403,70.33,'2025-12-29 12:00:00'),(804,3,10.04,NULL,0.40,145588312,30118511,36.99,'2025-12-29 12:00:00'),(805,4,20.42,NULL,0.13,67920129,89093342,37.79,'2025-12-29 12:00:00'),(806,5,18.44,NULL,0.27,54234630,43884325,67.04,'2025-12-29 12:00:00'),(807,6,12.74,NULL,0.45,141492137,69701025,66.83,'2025-12-29 12:00:00'),(808,1,12.91,NULL,0.48,71890449,95123920,50.68,'2025-12-29 06:00:00'),(809,2,19.38,NULL,0.54,105826648,40436233,78.87,'2025-12-29 06:00:00'),(810,3,17.44,NULL,0.37,74929959,78334193,43.65,'2025-12-29 06:00:00'),(811,4,18.29,NULL,0.57,55818176,66933032,36.69,'2025-12-29 06:00:00'),(812,5,14.26,NULL,0.11,73832750,41015800,78.68,'2025-12-29 06:00:00'),(813,6,16.82,NULL,0.28,89494000,103580605,50.70,'2025-12-29 06:00:00'),(814,1,14.66,NULL,0.26,112294936,44556576,32.05,'2025-12-29 00:00:00'),(815,2,19.88,NULL,0.19,137992815,100864918,69.46,'2025-12-29 00:00:00'),(816,3,14.33,NULL,0.14,101737104,58508661,41.48,'2025-12-29 00:00:00'),(817,4,11.19,NULL,0.45,79978619,60103192,79.10,'2025-12-29 00:00:00'),(818,5,21.72,NULL,0.58,96350828,64606663,68.62,'2025-12-29 00:00:00'),(819,6,18.46,NULL,0.35,132670665,79754763,61.48,'2025-12-29 00:00:00'),(820,1,14.23,NULL,0.36,125983244,48858760,74.96,'2025-12-30 18:00:00'),(821,2,21.83,NULL,0.22,136316805,76266313,45.11,'2025-12-30 18:00:00'),(822,3,21.64,NULL,0.59,103363391,90136112,37.88,'2025-12-30 18:00:00'),(823,4,17.99,NULL,0.20,86021220,48053880,32.39,'2025-12-30 18:00:00'),(824,5,18.42,NULL,0.43,113998779,46400386,35.25,'2025-12-30 18:00:00'),(825,6,23.65,NULL,0.22,95045713,73479228,48.30,'2025-12-30 18:00:00'),(826,1,13.00,NULL,0.55,140727289,96570022,51.94,'2025-12-30 12:00:00'),(827,2,20.46,NULL,0.19,126646679,55332865,44.20,'2025-12-30 12:00:00'),(828,3,17.04,NULL,0.35,57124188,99463926,36.39,'2025-12-30 12:00:00'),(829,4,10.51,NULL,0.49,133038607,93406893,53.59,'2025-12-30 12:00:00'),(830,5,24.72,NULL,0.35,100771254,35435755,70.83,'2025-12-30 12:00:00'),(831,6,23.19,NULL,0.57,59222460,79866245,72.00,'2025-12-30 12:00:00'),(832,1,14.95,NULL,0.16,115716909,101825342,55.88,'2025-12-30 06:00:00'),(833,2,23.42,NULL,0.56,141387460,94885525,45.69,'2025-12-30 06:00:00'),(834,3,12.03,NULL,0.47,77298712,42593806,78.41,'2025-12-30 06:00:00'),(835,4,15.53,NULL,0.57,108450877,38684517,69.46,'2025-12-30 06:00:00'),(836,5,19.31,NULL,0.47,131459662,99370066,74.59,'2025-12-30 06:00:00'),(837,6,22.87,NULL,0.41,99442960,80513281,63.69,'2025-12-30 06:00:00'),(838,1,17.12,NULL,0.28,83671792,80166686,36.26,'2025-12-30 00:00:00'),(839,2,21.18,NULL,0.27,101257944,71137876,31.67,'2025-12-30 00:00:00'),(840,3,19.36,NULL,0.11,73225367,37864975,69.74,'2025-12-30 00:00:00'),(841,4,20.19,NULL,0.11,51739354,34337412,40.95,'2025-12-30 00:00:00'),(842,5,23.98,NULL,0.10,71786498,36496973,67.62,'2025-12-30 00:00:00'),(843,6,17.78,NULL,0.27,62425668,79046571,64.63,'2025-12-30 00:00:00'),(844,1,19.36,NULL,0.12,83744456,74930676,69.79,'2025-12-31 18:00:00'),(845,2,14.41,NULL,0.14,103638738,64433798,57.15,'2025-12-31 18:00:00'),(846,3,16.35,NULL,0.34,67239424,61701078,53.21,'2025-12-31 18:00:00'),(847,4,11.98,NULL,0.23,143940667,101679994,63.09,'2025-12-31 18:00:00'),(848,5,19.31,NULL,0.16,123307283,54632255,47.01,'2025-12-31 18:00:00'),(849,6,21.67,NULL,0.53,50664885,64340404,36.32,'2025-12-31 18:00:00'),(850,1,15.16,NULL,0.27,117039504,56460565,62.13,'2025-12-31 12:00:00'),(851,2,13.31,NULL,0.19,71705313,74617613,36.87,'2025-12-31 12:00:00'),(852,3,10.21,NULL,0.43,74740744,51064690,58.72,'2025-12-31 12:00:00'),(853,4,11.23,NULL,0.44,68210756,98340211,66.25,'2025-12-31 12:00:00'),(854,5,10.93,NULL,0.17,98867655,33094109,66.37,'2025-12-31 12:00:00'),(855,6,17.81,NULL,0.31,104581853,67142737,64.20,'2025-12-31 12:00:00'),(856,1,10.40,NULL,0.14,83396499,63671297,35.13,'2025-12-31 06:00:00'),(857,2,13.75,NULL,0.57,146448987,109481412,33.71,'2025-12-31 06:00:00'),(858,3,15.85,NULL,0.46,96910957,42960751,50.14,'2025-12-31 06:00:00'),(859,4,17.91,NULL,0.31,106561587,73127695,79.93,'2025-12-31 06:00:00'),(860,5,15.64,NULL,0.54,78982256,93891066,36.19,'2025-12-31 06:00:00'),(861,6,13.34,NULL,0.47,54365167,109295861,71.25,'2025-12-31 06:00:00'),(862,1,12.27,NULL,0.24,145936752,105868855,73.19,'2025-12-31 00:00:00'),(863,2,17.10,NULL,0.49,95978011,107669774,53.75,'2025-12-31 00:00:00'),(864,3,16.94,NULL,0.54,54939386,76788588,68.81,'2025-12-31 00:00:00'),(865,4,11.89,NULL,0.25,62941113,89415337,46.26,'2025-12-31 00:00:00'),(866,5,15.97,NULL,0.11,137874349,57998371,35.68,'2025-12-31 00:00:00'),(867,6,17.78,NULL,0.23,119978035,89673112,61.51,'2025-12-31 00:00:00'),(868,1,23.70,NULL,0.44,114138936,44239353,78.29,'2026-01-01 18:00:00'),(869,2,14.42,NULL,0.39,50272560,52482049,49.85,'2026-01-01 18:00:00'),(870,3,12.13,NULL,0.36,66268391,50862865,70.79,'2026-01-01 18:00:00'),(871,4,14.46,NULL,0.12,79648798,59591529,78.00,'2026-01-01 18:00:00'),(872,5,20.36,NULL,0.39,128761872,47831278,67.58,'2026-01-01 18:00:00'),(873,6,11.34,NULL,0.20,119107566,100396450,46.33,'2026-01-01 18:00:00'),(874,1,24.89,NULL,0.59,144528927,91765822,31.22,'2026-01-01 12:00:00'),(875,2,22.09,NULL,0.58,87032658,108253207,68.99,'2026-01-01 12:00:00'),(876,3,24.47,NULL,0.34,102645035,44388907,46.00,'2026-01-01 12:00:00'),(877,4,10.90,NULL,0.27,102494032,78111016,51.61,'2026-01-01 12:00:00'),(878,5,15.35,NULL,0.34,85957948,57246830,61.21,'2026-01-01 12:00:00'),(879,6,11.49,NULL,0.41,131927055,48100419,63.67,'2026-01-01 12:00:00'),(880,1,20.33,NULL,0.31,54628728,107140911,64.12,'2026-01-01 06:00:00'),(881,2,17.79,NULL,0.37,69103412,54444454,77.73,'2026-01-01 06:00:00'),(882,3,22.85,NULL,0.31,102755095,60331230,45.65,'2026-01-01 06:00:00'),(883,4,16.42,NULL,0.20,121639759,108565265,68.06,'2026-01-01 06:00:00'),(884,5,22.89,NULL,0.11,99160615,63279655,60.26,'2026-01-01 06:00:00'),(885,6,21.67,NULL,0.14,53448902,106135043,62.75,'2026-01-01 06:00:00'),(886,1,16.30,NULL,0.17,91104294,82235653,31.58,'2026-01-01 00:00:00'),(887,2,12.99,NULL,0.55,140754243,96775799,52.54,'2026-01-01 00:00:00'),(888,3,21.25,NULL,0.30,124168338,71042537,47.01,'2026-01-01 00:00:00'),(889,4,12.42,NULL,0.49,95021285,101226520,35.05,'2026-01-01 00:00:00'),(890,5,22.51,NULL,0.53,133492721,75783902,47.84,'2026-01-01 00:00:00'),(891,6,11.00,NULL,0.23,61594707,93213606,60.15,'2026-01-01 00:00:00'),(892,1,19.67,NULL,0.31,63465008,64583673,67.88,'2026-01-02 18:00:00'),(893,2,17.36,NULL,0.19,93376257,80015100,71.23,'2026-01-02 18:00:00'),(894,3,13.72,NULL,0.48,57986747,38442536,44.40,'2026-01-02 18:00:00'),(895,4,11.86,NULL,0.48,90024372,89075049,54.57,'2026-01-02 18:00:00'),(896,5,13.63,NULL,0.47,145173270,74164374,75.25,'2026-01-02 18:00:00'),(897,6,23.04,NULL,0.42,104654563,97217465,58.07,'2026-01-02 18:00:00'),(898,1,14.30,NULL,0.47,138378903,43820665,40.62,'2026-01-02 12:00:00'),(899,2,18.16,NULL,0.14,127827672,81639378,74.63,'2026-01-02 12:00:00'),(900,3,17.90,NULL,0.58,69745879,39663815,30.58,'2026-01-02 12:00:00'),(901,4,20.44,NULL,0.32,63050537,55761760,40.93,'2026-01-02 12:00:00'),(902,5,11.90,NULL,0.59,101297095,80291657,60.22,'2026-01-02 12:00:00'),(903,6,12.03,NULL,0.53,141938048,30089534,42.37,'2026-01-02 12:00:00'),(904,1,13.51,NULL,0.31,93430892,101193014,37.33,'2026-01-02 06:00:00'),(905,2,10.95,NULL,0.54,69624246,57941259,37.88,'2026-01-02 06:00:00'),(906,3,21.10,NULL,0.21,142059146,103458011,71.47,'2026-01-02 06:00:00'),(907,4,15.88,NULL,0.34,68551982,70843266,79.81,'2026-01-02 06:00:00'),(908,5,16.74,NULL,0.23,143805146,103523578,69.05,'2026-01-02 06:00:00'),(909,6,12.22,NULL,0.30,104463043,72367351,30.70,'2026-01-02 06:00:00'),(910,1,17.22,NULL,0.28,88341253,95615823,77.54,'2026-01-02 00:00:00'),(911,2,14.40,NULL,0.41,68832857,38076103,76.99,'2026-01-02 00:00:00'),(912,3,15.94,NULL,0.18,111543734,77609958,36.47,'2026-01-02 00:00:00'),(913,4,22.92,NULL,0.56,50627337,52198511,48.43,'2026-01-02 00:00:00'),(914,5,10.16,NULL,0.57,120198084,83586675,42.16,'2026-01-02 00:00:00'),(915,6,13.10,NULL,0.25,139734188,76110591,39.49,'2026-01-02 00:00:00'),(916,1,13.30,NULL,0.37,149796357,61562219,78.94,'2026-01-03 18:00:00'),(917,2,20.65,NULL,0.41,144223165,99402950,55.55,'2026-01-03 18:00:00'),(918,3,24.29,NULL,0.21,78656712,89735134,73.69,'2026-01-03 18:00:00'),(919,4,11.93,NULL,0.11,122424601,74408256,60.14,'2026-01-03 18:00:00'),(920,5,15.23,NULL,0.57,112709708,56542614,68.88,'2026-01-03 18:00:00'),(921,6,23.39,NULL,0.17,147644991,69152525,55.88,'2026-01-03 18:00:00'),(922,1,11.80,NULL,0.12,137906540,50122798,61.02,'2026-01-03 12:00:00'),(923,2,15.22,NULL,0.54,84416890,37065898,50.46,'2026-01-03 12:00:00'),(924,3,21.71,NULL,0.44,53627118,42362692,63.19,'2026-01-03 12:00:00'),(925,4,22.84,NULL,0.24,136697933,67959855,68.58,'2026-01-03 12:00:00'),(926,5,16.51,NULL,0.53,148065355,56655121,66.20,'2026-01-03 12:00:00'),(927,6,19.31,NULL,0.56,128804901,42062098,49.49,'2026-01-03 12:00:00'),(928,1,17.45,NULL,0.26,57351376,64403587,76.48,'2026-01-03 06:00:00'),(929,2,15.37,NULL,0.10,143691949,84203324,58.85,'2026-01-03 06:00:00'),(930,3,22.78,NULL,0.36,59244109,99833725,34.36,'2026-01-03 06:00:00'),(931,4,22.26,NULL,0.51,117921185,103339795,57.31,'2026-01-03 06:00:00'),(932,5,24.70,NULL,0.23,87432997,36605829,44.49,'2026-01-03 06:00:00'),(933,6,13.02,NULL,0.17,58826235,32030238,73.11,'2026-01-03 06:00:00'),(934,1,13.52,NULL,0.39,72482637,59388106,38.11,'2026-01-03 00:00:00'),(935,2,20.64,NULL,0.13,67118261,84112200,73.42,'2026-01-03 00:00:00'),(936,3,14.70,NULL,0.58,136157991,64187442,57.60,'2026-01-03 00:00:00'),(937,4,17.17,NULL,0.47,73302774,107215635,36.34,'2026-01-03 00:00:00'),(938,5,21.08,NULL,0.26,85203209,95516045,31.93,'2026-01-03 00:00:00'),(939,6,21.05,NULL,0.38,112163729,62770244,39.16,'2026-01-03 00:00:00'),(940,1,20.31,NULL,0.54,87124708,45713845,73.42,'2026-01-04 18:00:00'),(941,2,21.29,NULL,0.18,103161782,44754888,46.37,'2026-01-04 18:00:00'),(942,3,11.25,NULL,0.32,142328861,54998505,69.63,'2026-01-04 18:00:00'),(943,4,10.38,NULL,0.47,116760725,37360327,52.86,'2026-01-04 18:00:00'),(944,5,10.15,NULL,0.44,86160652,91848203,69.03,'2026-01-04 18:00:00'),(945,6,18.76,NULL,0.39,64108639,107543608,51.16,'2026-01-04 18:00:00'),(946,1,13.12,NULL,0.49,73207880,97711440,56.79,'2026-01-04 12:00:00'),(947,2,12.09,NULL,0.15,53228098,101280080,47.91,'2026-01-04 12:00:00'),(948,3,11.77,NULL,0.36,71933355,74241135,35.35,'2026-01-04 12:00:00'),(949,4,23.14,NULL,0.13,117274626,44618170,74.77,'2026-01-04 12:00:00'),(950,5,23.93,NULL,0.58,50271641,41208522,64.62,'2026-01-04 12:00:00'),(951,6,10.62,NULL,0.17,102939487,50356952,64.21,'2026-01-04 12:00:00'),(952,1,19.86,NULL,0.22,69738212,52836109,71.76,'2026-01-04 06:00:00'),(953,2,14.79,NULL,0.15,99570722,46524379,57.28,'2026-01-04 06:00:00'),(954,3,11.63,NULL,0.55,70433283,54287326,75.25,'2026-01-04 06:00:00'),(955,4,19.21,NULL,0.28,143410299,78385022,41.09,'2026-01-04 06:00:00'),(956,5,14.42,NULL,0.50,64907617,56090379,39.17,'2026-01-04 06:00:00'),(957,6,24.08,NULL,0.17,140036044,35752353,62.92,'2026-01-04 06:00:00'),(958,1,11.15,NULL,0.30,130618286,94761718,61.45,'2026-01-04 00:00:00'),(959,2,20.75,NULL,0.45,83217162,75715335,73.03,'2026-01-04 00:00:00'),(960,3,18.84,NULL,0.28,55074211,43024635,63.09,'2026-01-04 00:00:00'),(961,4,22.31,NULL,0.16,62694955,52513624,31.31,'2026-01-04 00:00:00'),(962,5,14.31,NULL,0.28,142028637,72612285,75.12,'2026-01-04 00:00:00'),(963,6,23.71,NULL,0.53,107369696,52313367,63.67,'2026-01-04 00:00:00'),(964,1,17.96,NULL,0.42,107346033,107434102,35.96,'2026-01-05 18:00:00'),(965,2,20.39,NULL,0.15,94565843,103155602,41.76,'2026-01-05 18:00:00'),(966,3,16.49,NULL,0.33,149536549,78029008,30.79,'2026-01-05 18:00:00'),(967,4,14.16,NULL,0.27,136914107,55978388,30.81,'2026-01-05 18:00:00'),(968,5,11.60,NULL,0.34,60930548,37076068,35.72,'2026-01-05 18:00:00'),(969,6,14.60,NULL,0.19,52434101,74455547,65.27,'2026-01-05 18:00:00'),(970,1,22.90,NULL,0.19,84179930,42450256,67.64,'2026-01-05 12:00:00'),(971,2,14.45,NULL,0.21,73913866,71433125,73.61,'2026-01-05 12:00:00'),(972,3,22.11,NULL,0.31,117233740,38450495,55.56,'2026-01-05 12:00:00'),(973,4,13.58,NULL,0.43,108700262,106234064,30.18,'2026-01-05 12:00:00'),(974,5,12.39,NULL,0.49,95090902,101776680,36.67,'2026-01-05 12:00:00'),(975,6,24.62,NULL,0.34,94921057,95729047,68.02,'2026-01-05 12:00:00'),(976,1,15.06,NULL,0.30,51474110,98613438,42.21,'2026-01-05 06:00:00'),(977,2,19.71,NULL,0.35,108499156,62665642,44.33,'2026-01-05 06:00:00'),(978,3,13.12,NULL,0.19,78050546,98760233,52.80,'2026-01-05 06:00:00'),(979,4,20.52,NULL,0.17,109264024,73595899,77.34,'2026-01-05 06:00:00'),(980,5,11.49,NULL,0.43,148156846,105217398,67.82,'2026-01-05 06:00:00'),(981,6,24.42,NULL,0.37,130193936,61861548,59.28,'2026-01-05 06:00:00'),(982,1,20.99,NULL,0.55,83945315,107959183,72.70,'2026-01-05 00:00:00'),(983,2,15.20,NULL,0.19,132217708,77441484,54.93,'2026-01-05 00:00:00'),(984,3,20.71,NULL,0.14,72412154,102110498,71.73,'2026-01-05 00:00:00'),(985,4,17.03,NULL,0.52,129028466,64706991,69.92,'2026-01-05 00:00:00'),(986,5,20.35,NULL,0.13,70836976,99964135,67.38,'2026-01-05 00:00:00'),(987,6,11.72,NULL,0.27,80626390,73303795,69.38,'2026-01-05 00:00:00'),(988,1,14.72,NULL,0.20,60544349,101815835,38.61,'2026-01-06 18:00:00'),(989,2,12.52,NULL,0.26,60706230,75536804,56.24,'2026-01-06 18:00:00'),(990,3,23.75,NULL,0.10,79416116,65541815,46.94,'2026-01-06 18:00:00'),(991,4,15.42,NULL,0.50,137160284,108736404,45.31,'2026-01-06 18:00:00'),(992,5,18.68,NULL,0.59,63306290,89538629,46.10,'2026-01-06 18:00:00'),(993,6,15.66,NULL,0.56,96831912,76534457,55.17,'2026-01-06 18:00:00'),(994,1,21.58,NULL,0.28,93646357,40439973,47.16,'2026-01-06 12:00:00'),(995,2,14.86,NULL,0.40,148225165,41090911,67.32,'2026-01-06 12:00:00'),(996,3,14.74,NULL,0.27,126056890,92183695,60.24,'2026-01-06 12:00:00'),(997,4,20.38,NULL,0.42,65201096,95862314,63.02,'2026-01-06 12:00:00'),(998,5,22.48,NULL,0.19,89796144,66278435,33.68,'2026-01-06 12:00:00'),(999,6,10.11,NULL,0.51,55449441,96152677,78.55,'2026-01-06 12:00:00'),(1000,1,15.62,NULL,0.58,117465768,69541399,52.37,'2026-01-06 06:00:00'),(1001,2,21.31,NULL,0.31,137796796,38465884,74.76,'2026-01-06 06:00:00'),(1002,3,12.38,NULL,0.15,56096803,108622503,66.55,'2026-01-06 06:00:00'),(1003,4,20.60,NULL,0.27,108166068,100984371,64.58,'2026-01-06 06:00:00'),(1004,5,21.94,NULL,0.55,63430798,106682353,49.49,'2026-01-06 06:00:00'),(1005,6,11.10,NULL,0.20,126075901,47271208,69.86,'2026-01-06 06:00:00'),(1006,1,15.07,NULL,0.25,98273608,71222709,36.41,'2026-01-06 00:00:00'),(1007,2,11.43,NULL,0.15,67131888,76594895,49.91,'2026-01-06 00:00:00'),(1008,3,13.66,NULL,0.11,89052284,100354963,41.28,'2026-01-06 00:00:00'),(1009,4,17.35,NULL,0.49,89074076,81013538,30.81,'2026-01-06 00:00:00'),(1010,5,12.51,NULL,0.49,94560148,98715624,77.90,'2026-01-06 00:00:00'),(1011,6,13.19,NULL,0.20,81221114,109258774,30.85,'2026-01-06 00:00:00');
/*!40000 ALTER TABLE `line_performance` ENABLE KEYS */;
UNLOCK TABLES;

--
-- Table structure for table `network_line`
--

DROP TABLE IF EXISTS `network_line`;
/*!40101 SET @saved_cs_client     = @@character_set_client */;
/*!50503 SET character_set_client = utf8mb4 */;
CREATE TABLE `network_line` (
  `id` bigint NOT NULL AUTO_INCREMENT,
  `name` varchar(100) NOT NULL,
  `circuit_id` varchar(50) DEFAULT NULL,
  `provider` varchar(100) DEFAULT NULL,
  `line_type` varchar(50) DEFAULT NULL,
  `bandwidth` varchar(20) DEFAULT NULL,
  `endpoint_a` varchar(255) DEFAULT NULL,
  `endpoint_b` varchar(255) DEFAULT NULL,
  `endpoint_a_device_id` bigint DEFAULT NULL,
  `endpoint_b_device_id` bigint DEFAULT NULL,
  `status` varchar(20) DEFAULT 'active',
  `activation_date` date DEFAULT NULL,
  `expiry_date` date DEFAULT NULL,
  `sla_latency` decimal(10,2) DEFAULT NULL,
  `sla_jitter` decimal(10,2) DEFAULT NULL,
  `sla_packet_loss` decimal(5,2) DEFAULT NULL,
  `sla_availability` decimal(5,2) DEFAULT NULL,
  `contact_person` varchar(50) DEFAULT NULL,
  `contact_phone` varchar(20) DEFAULT NULL,
  `monthly_cost` decimal(12,2) DEFAULT NULL,
  `notes` text,
  `create_time` datetime DEFAULT CURRENT_TIMESTAMP,
  `update_time` datetime DEFAULT CURRENT_TIMESTAMP ON UPDATE CURRENT_TIMESTAMP,
  `deleted` int DEFAULT '0',
  PRIMARY KEY (`id`)
) ENGINE=InnoDB AUTO_INCREMENT=7 DEFAULT CHARSET=utf8mb4 COLLATE=utf8mb4_0900_ai_ci;
/*!40101 SET character_set_client = @saved_cs_client */;

--
-- Dumping data for table `network_line`
--

LOCK TABLES `network_line` WRITE;
/*!40000 ALTER TABLE `network_line` DISABLE KEYS */;
INSERT INTO `network_line` VALUES (1,'北京-上海测试专线','CT-BJ-SH-TEST','中国电信','MPLS','100Mbps','北京数据中心','上海数据中心',NULL,NULL,'normal',NULL,NULL,10.00,5.00,0.50,99.90,NULL,NULL,NULL,NULL,'2025-11-29 15:06:10','2025-12-02 13:42:56',0),(2,'北京-广州骨干专线','CT-BJ-GZ-001','中国电信','MPLS','1Gbps','北京数据中心','广州数据中心',NULL,NULL,'normal',NULL,NULL,15.00,8.00,0.80,99.50,NULL,NULL,NULL,NULL,'2025-12-02 13:43:07','2025-12-02 13:43:07',0),(3,'上海-深圳骨干专线','CM-SH-SZ-001','中国移动','MPLS','500Mbps','上海数据中心','深圳数据中心',NULL,NULL,'normal',NULL,NULL,12.00,6.00,0.60,99.80,NULL,NULL,NULL,NULL,'2025-12-02 13:43:07','2025-12-02 13:43:07',0),(4,'成都-武汉边缘专线','CU-CD-WH-001','中国联通','SDH','200Mbps','成都分公司','武汉分公司',NULL,NULL,'warning',NULL,NULL,20.00,10.00,1.00,99.00,NULL,NULL,NULL,NULL,'2025-12-02 13:43:07','2025-12-02 13:43:07',0),(5,'杭州-南京边缘专线','CT-HZ-NJ-001','中国电信','MSTP','100Mbps','杭州分公司','南京分公司',NULL,NULL,'normal',NULL,NULL,8.00,4.00,0.30,99.90,NULL,NULL,NULL,NULL,'2025-12-02 13:43:07','2025-12-02 13:43:07',0),(6,'西安-重庆IDC专线','CM-XA-CQ-001','中国移动','MPLS','300Mbps','西安IDC','重庆IDC',NULL,NULL,'error',NULL,NULL,25.00,12.00,1.50,98.50,NULL,NULL,NULL,NULL,'2025-12-02 13:43:07','2025-12-02 13:43:07',0);
/*!40000 ALTER TABLE `network_line` ENABLE KEYS */;
UNLOCK TABLES;

--
-- Table structure for table `ops_ticket`
--

DROP TABLE IF EXISTS `ops_ticket`;
/*!40101 SET @saved_cs_client     = @@character_set_client */;
/*!50503 SET character_set_client = utf8mb4 */;
CREATE TABLE `ops_ticket` (
  `id` bigint NOT NULL AUTO_INCREMENT,
  `ticket_no` varchar(50) NOT NULL,
  `title` varchar(200) NOT NULL,
  `description` text,
  `priority_key` varchar(20) DEFAULT NULL,
  `type_key` varchar(50) DEFAULT NULL,
  `source_key` varchar(50) DEFAULT NULL,
  `status` varchar(20) DEFAULT 'pending',
  `creator_id` varchar(50) DEFAULT NULL,
  `creator_name` varchar(50) DEFAULT NULL,
  `assignee_id` varchar(50) DEFAULT NULL,
  `assignee_name` varchar(50) DEFAULT NULL,
  `asset_id` bigint DEFAULT NULL,
  `device_id` bigint DEFAULT NULL,
  `device_name` varchar(100) DEFAULT NULL,
  `attachment_urls` text,
  `resolution` text,
  `resolved_at` datetime DEFAULT NULL,
  `closed_at` datetime DEFAULT NULL,
  `deleted` int DEFAULT '0',
  `created_at` datetime DEFAULT CURRENT_TIMESTAMP,
  `updated_at` datetime DEFAULT CURRENT_TIMESTAMP ON UPDATE CURRENT_TIMESTAMP,
  `deleted_by` varchar(50) DEFAULT NULL,
  `deleted_at` datetime DEFAULT NULL,
  PRIMARY KEY (`id`),
  UNIQUE KEY `ticket_no` (`ticket_no`)
) ENGINE=InnoDB AUTO_INCREMENT=342 DEFAULT CHARSET=utf8mb4 COLLATE=utf8mb4_0900_ai_ci;
/*!40101 SET character_set_client = @saved_cs_client */;

--
-- Dumping data for table `ops_ticket`
--

LOCK TABLES `ops_ticket` WRITE;
/*!40000 ALTER TABLE `ops_ticket` DISABLE KEYS */;
INSERT INTO `ops_ticket` VALUES (1,'OPS-2025-001','核心交换机端口故障修复','核心交换机core-switch-01的GE1/0/24端口无法正常通信，需要检查端口状态并修复','high','fault','alert','pending','admin','系统管理员','zhangsan','张三',NULL,28,'core-switch-01',NULL,NULL,NULL,NULL,0,'2025-11-29 13:14:49','2025-11-29 15:14:49',NULL,NULL),(2,'OPS-2025-002','服务器内存扩容','Web服务器内存使用率持续超过90%，需要增加内存容量','medium','change','manual','processing','lisi','李四','wangwu','王五',NULL,1,'web-server-01',NULL,NULL,NULL,NULL,0,'2025-11-28 15:14:49','2025-11-29 15:14:49',NULL,NULL),(3,'OPS-2025-003','防火墙策略更新','根据安全审计要求，更新防火墙访问控制策略','high','change','manual','processing','admin','系统管理员','zhangsan','张三',NULL,6,'firewall-01',NULL,NULL,NULL,NULL,0,'2025-11-26 15:14:49','2025-11-29 15:14:49',NULL,NULL),(4,'OPS-2025-004','数据库备份恢复测试','季度数据库备份恢复演练','low','maintenance','scheduled','completed','wangwu','王五','wangwu','王五',NULL,2,'db-server-01',NULL,'数据库备份文件完整性验证通过，恢复测试成功完成，RTO时间30分钟，RPO为0','2025-11-25 15:14:55',NULL,0,'2025-11-24 15:14:49','2025-11-29 15:14:55',NULL,NULL),(5,'OPS-2025-005','网络链路切换','主链路维护，切换至备用链路','high','maintenance','scheduled','completed','admin','系统管理员','lisi','李四',NULL,NULL,'主干链路',NULL,'主链路维护期间成功切换至备用链路，业务无中断，主链路维护完成后已切回','2025-11-23 15:14:57',NULL,0,'2025-11-22 15:14:49','2025-11-29 15:14:57',NULL,NULL),(6,'OPS-2025-006','AP设备固件升级','无线AP固件存在安全漏洞，需要升级到最新版本','medium','change','alert','resolved','zhangsan','张三','1','admin',NULL,7,'wireless-ap-01',NULL,NULL,'2025-11-29 15:44:36',NULL,0,'2025-11-29 11:14:49','2025-11-29 15:44:36',NULL,NULL),(7,'OPS-2025-007','存储阵列扩容','NAS存储空间即将用尽，需要扩容','medium','change','manual','closed','lisi','李四','wangwu','王五',NULL,3,'nas-storage-01',NULL,'成功扩容2TB存储空间，当前使用率降至65%','2025-11-20 15:14:58','2025-11-21 15:14:58',0,'2025-11-19 15:14:49','2025-11-29 15:14:58',NULL,NULL),(8,'OPS-2025-008','机房空调故障处理','A区机房空调报警，温度异常升高','urgent','fault','alert','processing','admin','系统管理员','zhangsan','张三',NULL,NULL,'A区机房空调',NULL,NULL,NULL,NULL,0,'2025-11-29 14:44:49','2025-11-29 15:14:49',NULL,NULL),(9,'OPS-2025-009','路由器配置备份','定期配置备份任务','low','maintenance','scheduled','completed','wangwu','王五','wangwu','王五',NULL,5,'router-01',NULL,'配置备份完成，已上传至备份服务器','2025-11-28 15:15:00',NULL,0,'2025-11-27 15:14:49','2025-11-29 15:15:00',NULL,NULL),(10,'OPS-2025-010','应用服务器重启','应用服务器响应缓慢，需要重启服务','medium','fault','manual','resolved','lisi','李四','1','admin',NULL,4,'app-server-01',NULL,NULL,'2025-11-29 16:06:18',NULL,0,'2025-11-29 14:14:49','2025-11-29 16:06:18',NULL,NULL),(11,'TK202511290001','测试工单A','这是一个测试工单的描述','high','fault','manual','pending','1','admin','1','admin',NULL,NULL,NULL,NULL,NULL,NULL,NULL,0,'2025-11-29 16:14:04','2025-11-29 16:16:59',NULL,NULL),(12,'TK202511290002','测试工单B','另一个测试工单描述','medium','change','manual','pending','1','admin','1','admin',NULL,NULL,NULL,NULL,NULL,NULL,NULL,0,'2025-11-29 16:14:04','2025-11-29 16:21:30',NULL,NULL),(13,'TK202511290003','测试工单C','第三个测试工单','low','maintenance','scheduled','pending','1','admin',NULL,NULL,NULL,NULL,NULL,NULL,NULL,NULL,NULL,0,'2025-11-29 16:14:04','2025-11-29 16:14:04',NULL,NULL),(14,'TK202511290004','编辑后的测试工单','这是通过派发页面新建的测试工单','high','fault','manual','pending','1','管理员','1','admin',NULL,NULL,NULL,NULL,NULL,NULL,NULL,0,'2025-11-29 16:17:30','2025-11-29 16:21:30',NULL,'2025-11-29 16:17:48'),(15,'TK202512020001','服务器CPU告警',NULL,'urgent','request','alert','resolved',NULL,'系统',NULL,NULL,NULL,NULL,NULL,NULL,NULL,'2025-12-02 11:49:12',NULL,0,'2025-12-02 10:49:12','2025-12-08 16:52:15',NULL,NULL),(16,'TK202512020002','网络延迟问题',NULL,'high','change','user','resolved',NULL,'张三',NULL,NULL,NULL,NULL,NULL,NULL,NULL,'2025-12-02 10:49:12',NULL,0,'2025-12-02 07:49:12','2025-12-08 16:52:15',NULL,NULL),(17,'TK202512020003','磁盘空间不足',NULL,'medium','maintenance','alert','processing',NULL,'系统',NULL,NULL,NULL,NULL,NULL,NULL,NULL,NULL,NULL,0,'2025-12-02 09:49:12','2025-12-08 16:52:15',NULL,NULL),(18,'TK202512020004','用户权限申请',NULL,'low','fault','manual','pending',NULL,'李四',NULL,NULL,NULL,NULL,NULL,NULL,NULL,NULL,NULL,0,'2025-12-02 11:49:12','2025-12-08 16:52:15',NULL,NULL),(19,'TK202512020005','数据库连接异常',NULL,'high','fault','alert','resolved',NULL,'系统',NULL,NULL,NULL,NULL,NULL,NULL,NULL,'2025-12-02 09:49:12',NULL,0,'2025-12-02 04:49:12','2025-12-08 16:52:15',NULL,NULL),(20,'TK202512020006','应用服务重启',NULL,'urgent','maintenance','user','resolved',NULL,'王五',NULL,NULL,NULL,NULL,NULL,NULL,NULL,'2025-12-02 08:49:12',NULL,0,'2025-12-02 08:49:12','2025-12-08 16:52:15',NULL,NULL),(21,'TK202512020007','定期备份检查',NULL,'low','fault','scheduled','completed',NULL,'系统',NULL,NULL,NULL,NULL,NULL,NULL,NULL,'2025-12-02 07:49:12',NULL,0,'2025-12-02 06:49:12','2025-12-08 16:52:15',NULL,NULL),(22,'TK202512020008','安全漏洞扫描',NULL,'medium','fault','scheduled','processing',NULL,'系统',NULL,NULL,NULL,NULL,NULL,NULL,NULL,NULL,NULL,0,'2025-12-02 10:49:12','2025-12-08 16:52:15',NULL,NULL),(23,'TK202512020009','日志清理任务',NULL,'low','request','scheduled','pending',NULL,'系统',NULL,NULL,NULL,NULL,NULL,NULL,NULL,NULL,NULL,0,'2025-12-02 12:49:12','2025-12-08 16:52:15',NULL,NULL),(24,'TK202512020010','内存使用率告警',NULL,'high','fault','alert','pending',NULL,'系统',NULL,NULL,NULL,NULL,NULL,NULL,NULL,NULL,NULL,0,'2025-12-02 12:19:12','2025-12-08 16:52:15',NULL,NULL),(50,'TK202511180101','服务器维护',NULL,'medium','request','scheduled','closed',NULL,'系统',NULL,NULL,NULL,NULL,NULL,NULL,NULL,'2025-11-18 15:50:46',NULL,0,'2025-11-18 12:50:46','2025-12-08 16:52:15',NULL,NULL),(51,'TK202511180102','网络告警',NULL,'high','change','alert','closed',NULL,'系统',NULL,NULL,NULL,NULL,NULL,NULL,NULL,'2025-11-18 14:50:46',NULL,0,'2025-11-18 12:50:46','2025-12-08 16:52:15',NULL,NULL),(52,'TK202511190101','用户反馈问题',NULL,'low','request','user','closed',NULL,'张三',NULL,NULL,NULL,NULL,NULL,NULL,NULL,'2025-11-20 08:50:46',NULL,0,'2025-11-19 12:50:46','2025-12-08 16:52:15',NULL,NULL),(53,'TK202511190102','系统更新',NULL,'medium','fault','scheduled','closed',NULL,'系统',NULL,NULL,NULL,NULL,NULL,NULL,NULL,'2025-11-19 17:50:46',NULL,0,'2025-11-19 12:50:46','2025-12-08 16:52:15',NULL,NULL),(54,'TK202511190103','CPU告警',NULL,'urgent','fault','alert','closed',NULL,'系统',NULL,NULL,NULL,NULL,NULL,NULL,NULL,'2025-11-19 13:50:46',NULL,0,'2025-11-19 12:50:46','2025-12-08 16:52:15',NULL,NULL),(55,'TK202511200101','磁盘清理',NULL,'low','fault','manual','closed',NULL,'李四',NULL,NULL,NULL,NULL,NULL,NULL,NULL,'2025-11-21 06:50:46',NULL,0,'2025-11-20 12:50:46','2025-12-08 16:52:15',NULL,NULL),(56,'TK202511200102','数据库优化',NULL,'high','change','manual','closed',NULL,'王五',NULL,NULL,NULL,NULL,NULL,NULL,NULL,'2025-11-20 16:50:46',NULL,0,'2025-11-20 12:50:46','2025-12-08 16:52:15',NULL,NULL),(57,'TK202511210101','安全检查',NULL,'medium','request','scheduled','closed',NULL,'系统',NULL,NULL,NULL,NULL,NULL,NULL,NULL,'2025-11-21 18:50:46',NULL,0,'2025-11-21 12:50:46','2025-12-08 16:52:15',NULL,NULL),(58,'TK202511210102','告警处理',NULL,'high','request','alert','closed',NULL,'系统',NULL,NULL,NULL,NULL,NULL,NULL,NULL,'2025-11-21 17:50:46',NULL,0,'2025-11-21 12:50:46','2025-12-08 16:52:15',NULL,NULL),(59,'TK202511220101','用户请求',NULL,'low','request','user','closed',NULL,'赵六',NULL,NULL,NULL,NULL,NULL,NULL,NULL,'2025-11-23 10:50:46',NULL,0,'2025-11-22 12:50:46','2025-12-08 16:52:15',NULL,NULL),(60,'TK202511220102','紧急故障',NULL,'urgent','request','alert','closed',NULL,'系统',NULL,NULL,NULL,NULL,NULL,NULL,NULL,'2025-11-22 13:50:46',NULL,0,'2025-11-22 12:50:46','2025-12-08 16:52:15',NULL,NULL),(61,'TK202511230101','系统巡检',NULL,'medium','fault','scheduled','closed',NULL,'系统',NULL,NULL,NULL,NULL,NULL,NULL,NULL,'2025-11-23 19:50:46',NULL,0,'2025-11-23 12:50:46','2025-12-08 16:52:15',NULL,NULL),(62,'TK202511240101','网络优化',NULL,'high','change','manual','closed',NULL,'李四',NULL,NULL,NULL,NULL,NULL,NULL,NULL,'2025-11-24 15:50:46',NULL,0,'2025-11-24 12:50:46','2025-12-08 16:52:15',NULL,NULL),(63,'TK202511240102','告警误报',NULL,'low','fault','alert','closed',NULL,'系统',NULL,NULL,NULL,NULL,NULL,NULL,NULL,'2025-11-24 13:50:46',NULL,0,'2025-11-24 12:50:46','2025-12-08 16:52:15',NULL,NULL),(64,'TK202511250101','用户投诉',NULL,'high','maintenance','user','closed',NULL,'张三',NULL,NULL,NULL,NULL,NULL,NULL,NULL,'2025-11-25 17:50:46',NULL,0,'2025-11-25 12:50:46','2025-12-08 16:52:15',NULL,NULL),(65,'TK202511260101','备份检查',NULL,'medium','fault','scheduled','closed',NULL,'系统',NULL,NULL,NULL,NULL,NULL,NULL,NULL,'2025-11-26 16:50:46',NULL,0,'2025-11-26 12:50:46','2025-12-08 16:52:15',NULL,NULL),(66,'TK202511260102','紧急修复',NULL,'urgent','request','alert','closed',NULL,'系统',NULL,NULL,NULL,NULL,NULL,NULL,NULL,'2025-11-26 13:50:46',NULL,0,'2025-11-26 12:50:46','2025-12-08 16:52:15',NULL,NULL),(67,'TK202511270101','权限变更',NULL,'low','change','manual','closed',NULL,'王五',NULL,NULL,NULL,NULL,NULL,NULL,NULL,'2025-11-28 04:50:46',NULL,0,'2025-11-27 12:50:46','2025-12-08 16:52:15',NULL,NULL),(68,'TK202511280101','性能优化',NULL,'high','request','manual','closed',NULL,'李四',NULL,NULL,NULL,NULL,NULL,NULL,NULL,'2025-11-28 18:50:46',NULL,0,'2025-11-28 12:50:46','2025-12-08 16:52:15',NULL,NULL),(69,'TK202511280102','告警处理',NULL,'medium','maintenance','alert','closed',NULL,'系统',NULL,NULL,NULL,NULL,NULL,NULL,NULL,'2025-11-28 17:50:46',NULL,0,'2025-11-28 12:50:46','2025-12-08 16:52:15',NULL,NULL),(70,'TK202511290101','用户反馈',NULL,'low','maintenance','user','closed',NULL,'赵六',NULL,NULL,NULL,NULL,NULL,NULL,NULL,'2025-11-30 00:50:46',NULL,0,'2025-11-29 12:50:46','2025-12-08 16:52:15',NULL,NULL),(71,'TK202511290102','紧急告警',NULL,'urgent','fault','alert','closed',NULL,'系统',NULL,NULL,NULL,NULL,NULL,NULL,NULL,'2025-11-29 13:50:46',NULL,0,'2025-11-29 12:50:46','2025-12-08 16:52:15',NULL,NULL),(72,'TK202511300101','定期维护',NULL,'medium','request','scheduled','closed',NULL,'系统',NULL,NULL,NULL,NULL,NULL,NULL,NULL,'2025-11-30 20:50:46',NULL,0,'2025-11-30 12:50:46','2025-12-08 16:52:15',NULL,NULL),(73,'TK202512010101','网络故障',NULL,'high','maintenance','alert','closed',NULL,'系统',NULL,NULL,NULL,NULL,NULL,NULL,NULL,'2025-12-01 15:50:46',NULL,0,'2025-12-01 12:50:46','2025-12-08 16:52:15',NULL,NULL),(74,'TK202512010102','系统更新',NULL,'low','request','scheduled','closed',NULL,'系统',NULL,NULL,NULL,NULL,NULL,NULL,NULL,'2025-12-01 22:50:46',NULL,0,'2025-12-01 12:50:46','2025-12-08 16:52:15',NULL,NULL),(75,'TK20251208005','系统告警工单-1208-5','自动生成的测试工单 #5','high','maintenance','manual','resolved','1','admin','1','运维人员3',NULL,NULL,NULL,NULL,NULL,NULL,NULL,0,'2025-12-08 08:00:00','2025-12-08 17:07:24',NULL,NULL),(76,'TK20251208004','系统告警工单-1208-4','自动生成的测试工单 #4','urgent','maintenance','scheduled','closed','1','admin','4','运维人员2',NULL,NULL,NULL,NULL,NULL,'2025-12-08 05:00:00',NULL,0,'2025-12-08 23:00:00','2025-12-08 17:07:24',NULL,NULL),(77,'TK20251208003','系统告警工单-1208-3','自动生成的测试工单 #3','urgent','fault','manual','closed','1','admin','2','运维人员3',NULL,NULL,NULL,NULL,NULL,'2025-12-09 16:00:00',NULL,0,'2025-12-08 07:00:00','2025-12-08 17:07:24',NULL,NULL),(78,'TK20251208002','系统告警工单-1208-2','自动生成的测试工单 #2','low','maintenance','scheduled','closed','1','admin','5','运维人员1',NULL,NULL,NULL,NULL,NULL,NULL,NULL,0,'2025-12-08 08:00:00','2025-12-08 17:07:24',NULL,NULL),(79,'TK20251208001','系统告警工单-1208-1','自动生成的测试工单 #1','high','request','user_report','resolved','1','admin','2','运维人员4',NULL,NULL,NULL,NULL,NULL,NULL,NULL,0,'2025-12-08 08:00:00','2025-12-08 17:07:24',NULL,NULL),(80,'TK20251209005','系统告警工单-1209-5','自动生成的测试工单 #5','high','request','scheduled','closed','1','admin','5','运维人员4',NULL,NULL,NULL,NULL,NULL,'2025-12-11 01:00:00',NULL,0,'2025-12-09 14:00:00','2025-12-08 17:07:24',NULL,NULL),(81,'TK20251209004','系统告警工单-1209-4','自动生成的测试工单 #4','urgent','change','user_report','resolved','1','admin','3','运维人员1',NULL,NULL,NULL,NULL,NULL,NULL,NULL,0,'2025-12-09 03:00:00','2025-12-08 17:07:24',NULL,NULL),(82,'TK20251209003','系统告警工单-1209-3','自动生成的测试工单 #3','low','request','manual','pending','1','admin','5','运维人员4',NULL,NULL,NULL,NULL,NULL,'2025-12-09 13:00:00',NULL,0,'2025-12-09 13:00:00','2025-12-08 17:07:24',NULL,NULL),(83,'TK20251209002','系统告警工单-1209-2','自动生成的测试工单 #2','urgent','request','alarm','completed','1','admin','2','运维人员5',NULL,NULL,NULL,NULL,NULL,'2025-12-10 04:00:00',NULL,0,'2025-12-09 04:00:00','2025-12-08 17:07:24',NULL,NULL),(84,'TK20251209001','系统告警工单-1209-1','自动生成的测试工单 #1','urgent','request','alarm','closed','1','admin','2','运维人员2',NULL,NULL,NULL,NULL,NULL,'2025-12-10 08:00:00',NULL,0,'2025-12-09 16:00:00','2025-12-08 17:07:24',NULL,NULL),(85,'TK20251210005','系统告警工单-1210-5','自动生成的测试工单 #5','urgent','maintenance','user_report','pending','1','admin','2','运维人员5',NULL,NULL,NULL,NULL,NULL,NULL,NULL,0,'2025-12-10 15:00:00','2025-12-08 17:07:24',NULL,NULL),(86,'TK20251210004','系统告警工单-1210-4','自动生成的测试工单 #4','urgent','maintenance','scheduled','closed','1','admin','5','运维人员1',NULL,NULL,NULL,NULL,NULL,'2025-12-10 03:00:00',NULL,0,'2025-12-10 06:00:00','2025-12-08 17:07:24',NULL,NULL),(87,'TK20251210003','系统告警工单-1210-3','自动生成的测试工单 #3','urgent','fault','alarm','in_progress','1','admin','3','运维人员3',NULL,NULL,NULL,NULL,NULL,NULL,NULL,0,'2025-12-10 08:00:00','2025-12-08 17:07:24',NULL,NULL),(88,'TK20251210002','系统告警工单-1210-2','自动生成的测试工单 #2','urgent','maintenance','user_report','resolved','1','admin','4','运维人员1',NULL,NULL,NULL,NULL,NULL,NULL,NULL,0,'2025-12-10 07:00:00','2025-12-08 17:07:24',NULL,NULL),(89,'TK20251210001','系统告警工单-1210-1','自动生成的测试工单 #1','high','maintenance','manual','in_progress','1','admin','1','运维人员3',NULL,NULL,NULL,NULL,NULL,'2025-12-11 15:00:00',NULL,0,'2025-12-10 03:00:00','2025-12-08 17:07:24',NULL,NULL),(90,'TK20251211005','系统告警工单-1211-5','自动生成的测试工单 #5','urgent','request','alarm','in_progress','1','admin','3','运维人员4',NULL,NULL,NULL,NULL,NULL,'2025-12-12 04:00:00',NULL,0,'2025-12-11 15:00:00','2025-12-08 17:07:24',NULL,NULL),(91,'TK20251211004','系统告警工单-1211-4','自动生成的测试工单 #4','medium','request','scheduled','in_progress','1','admin','5','运维人员5',NULL,NULL,NULL,NULL,NULL,'2025-12-11 06:00:00',NULL,0,'2025-12-11 10:00:00','2025-12-08 17:07:24',NULL,NULL),(92,'TK20251211003','系统告警工单-1211-3','自动生成的测试工单 #3','medium','fault','scheduled','pending','1','admin','3','运维人员1',NULL,NULL,NULL,NULL,NULL,'2025-12-11 05:00:00',NULL,0,'2025-12-11 04:00:00','2025-12-08 17:07:24',NULL,NULL),(93,'TK20251211002','系统告警工单-1211-2','自动生成的测试工单 #2','medium','request','manual','completed','1','admin','3','运维人员2',NULL,NULL,NULL,NULL,NULL,NULL,NULL,0,'2025-12-11 03:00:00','2025-12-08 17:07:24',NULL,NULL),(94,'TK20251211001','系统告警工单-1211-1','自动生成的测试工单 #1','urgent','change','scheduled','pending','1','admin','1','运维人员5',NULL,NULL,NULL,NULL,NULL,NULL,NULL,0,'2025-12-11 11:00:00','2025-12-08 17:07:24',NULL,NULL),(95,'TK20251212005','系统告警工单-1212-5','自动生成的测试工单 #5','medium','fault','user_report','in_progress','1','admin','3','运维人员2',NULL,NULL,NULL,NULL,NULL,'2025-12-13 10:00:00',NULL,0,'2025-12-12 18:00:00','2025-12-08 17:07:24',NULL,NULL),(96,'TK20251212004','系统告警工单-1212-4','自动生成的测试工单 #4','high','maintenance','user_report','closed','1','admin','3','运维人员2',NULL,NULL,NULL,NULL,NULL,'2025-12-12 13:00:00',NULL,0,'2025-12-12 14:00:00','2025-12-08 17:07:24',NULL,NULL),(97,'TK20251212003','系统告警工单-1212-3','自动生成的测试工单 #3','medium','fault','user_report','pending','1','admin','5','运维人员4',NULL,NULL,NULL,NULL,NULL,'2025-12-12 04:00:00',NULL,0,'2025-12-12 07:00:00','2025-12-08 17:07:24',NULL,NULL),(98,'TK20251212002','系统告警工单-1212-2','自动生成的测试工单 #2','urgent','change','manual','resolved','1','admin','1','运维人员3',NULL,NULL,NULL,NULL,NULL,'2025-12-12 16:00:00',NULL,0,'2025-12-12 10:00:00','2025-12-08 17:07:24',NULL,NULL),(99,'TK20251212001','系统告警工单-1212-1','自动生成的测试工单 #1','low','change','manual','pending','1','admin','1','运维人员4',NULL,NULL,NULL,NULL,NULL,'2025-12-13 16:00:00',NULL,0,'2025-12-12 21:00:00','2025-12-08 17:07:24',NULL,NULL),(100,'TK20251213005','系统告警工单-1213-5','自动生成的测试工单 #5','low','fault','scheduled','closed','1','admin','1','运维人员1',NULL,NULL,NULL,NULL,NULL,'2025-12-14 06:00:00',NULL,0,'2025-12-13 10:00:00','2025-12-08 17:07:24',NULL,NULL),(101,'TK20251213004','系统告警工单-1213-4','自动生成的测试工单 #4','high','request','manual','closed','1','admin','2','运维人员5',NULL,NULL,NULL,NULL,NULL,'2025-12-13 16:00:00',NULL,0,'2025-12-13 13:00:00','2025-12-08 17:07:24',NULL,NULL),(102,'TK20251213003','系统告警工单-1213-3','自动生成的测试工单 #3','high','change','user_report','pending','1','admin','2','运维人员1',NULL,NULL,NULL,NULL,NULL,'2025-12-13 08:00:00',NULL,0,'2025-12-13 06:00:00','2025-12-08 17:07:24',NULL,NULL),(103,'TK20251213002','系统告警工单-1213-2','自动生成的测试工单 #2','low','maintenance','user_report','in_progress','1','admin','1','运维人员4',NULL,NULL,NULL,NULL,NULL,'2025-12-14 17:00:00',NULL,0,'2025-12-13 01:00:00','2025-12-08 17:07:24',NULL,NULL),(104,'TK20251213001','系统告警工单-1213-1','自动生成的测试工单 #1','low','fault','scheduled','completed','1','admin','2','运维人员5',NULL,NULL,NULL,NULL,NULL,'2025-12-13 04:00:00',NULL,0,'2025-12-13 23:00:00','2025-12-08 17:07:24',NULL,NULL),(105,'TK20251214005','系统告警工单-1214-5','自动生成的测试工单 #5','low','change','scheduled','in_progress','1','admin','1','运维人员4',NULL,NULL,NULL,NULL,NULL,'2025-12-14 05:00:00',NULL,0,'2025-12-14 00:00:00','2025-12-08 17:07:24',NULL,NULL),(106,'TK20251214004','系统告警工单-1214-4','自动生成的测试工单 #4','urgent','maintenance','manual','pending','1','admin','4','运维人员5',NULL,NULL,NULL,NULL,NULL,'2025-12-14 15:00:00',NULL,0,'2025-12-14 18:00:00','2025-12-08 17:07:24',NULL,NULL),(107,'TK20251214003','系统告警工单-1214-3','自动生成的测试工单 #3','medium','maintenance','manual','pending','1','admin','4','运维人员2',NULL,NULL,NULL,NULL,NULL,'2025-12-15 08:00:00',NULL,0,'2025-12-14 16:00:00','2025-12-08 17:07:24',NULL,NULL),(108,'TK20251214002','系统告警工单-1214-2','自动生成的测试工单 #2','low','fault','manual','pending','1','admin','1','运维人员4',NULL,NULL,NULL,NULL,NULL,NULL,NULL,0,'2025-12-14 12:00:00','2025-12-08 17:07:24',NULL,NULL),(109,'TK20251214001','系统告警工单-1214-1','自动生成的测试工单 #1','high','maintenance','alarm','resolved','1','admin','4','运维人员5',NULL,NULL,NULL,NULL,NULL,'2025-12-15 07:00:00',NULL,0,'2025-12-14 17:00:00','2025-12-08 17:07:24',NULL,NULL),(110,'TK20251215005','系统告警工单-1215-5','自动生成的测试工单 #5','urgent','fault','alarm','resolved','1','admin','2','运维人员1',NULL,NULL,NULL,NULL,NULL,'2025-12-16 20:00:00',NULL,0,'2025-12-15 15:00:00','2025-12-08 17:07:24',NULL,NULL),(111,'TK20251215004','系统告警工单-1215-4','自动生成的测试工单 #4','low','maintenance','manual','pending','1','admin','5','运维人员2',NULL,NULL,NULL,NULL,NULL,'2025-12-15 23:00:00',NULL,0,'2025-12-15 12:00:00','2025-12-08 17:07:24',NULL,NULL),(112,'TK20251215003','系统告警工单-1215-3','自动生成的测试工单 #3','urgent','change','user_report','completed','1','admin','1','运维人员5',NULL,NULL,NULL,NULL,NULL,'2025-12-16 15:00:00',NULL,0,'2025-12-15 12:00:00','2025-12-08 17:07:24',NULL,NULL),(113,'TK20251215002','系统告警工单-1215-2','自动生成的测试工单 #2','urgent','fault','manual','resolved','1','admin','1','运维人员5',NULL,NULL,NULL,NULL,NULL,'2025-12-16 14:00:00',NULL,0,'2025-12-15 07:00:00','2025-12-08 17:07:24',NULL,NULL),(114,'TK20251215001','系统告警工单-1215-1','自动生成的测试工单 #1','high','fault','scheduled','resolved','1','admin','1','运维人员3',NULL,NULL,NULL,NULL,NULL,'2025-12-15 09:00:00',NULL,0,'2025-12-15 19:00:00','2025-12-08 17:07:24',NULL,NULL),(115,'TK20251216005','系统告警工单-1216-5','自动生成的测试工单 #5','high','change','user_report','pending','1','admin','1','运维人员2',NULL,NULL,NULL,NULL,NULL,'2025-12-16 04:00:00',NULL,0,'2025-12-16 20:00:00','2025-12-08 17:07:24',NULL,NULL),(116,'TK20251216004','系统告警工单-1216-4','自动生成的测试工单 #4','urgent','fault','manual','in_progress','1','admin','2','运维人员4',NULL,NULL,NULL,NULL,NULL,NULL,NULL,0,'2025-12-16 22:00:00','2025-12-08 17:07:24',NULL,NULL),(117,'TK20251216003','系统告警工单-1216-3','自动生成的测试工单 #3','medium','maintenance','manual','completed','1','admin','5','运维人员2',NULL,NULL,NULL,NULL,NULL,'2025-12-16 17:00:00',NULL,0,'2025-12-16 21:00:00','2025-12-08 17:07:24',NULL,NULL),(118,'TK20251216002','系统告警工单-1216-2','自动生成的测试工单 #2','low','change','manual','pending','1','admin','1','运维人员2',NULL,NULL,NULL,NULL,NULL,'2025-12-16 20:00:00',NULL,0,'2025-12-16 11:00:00','2025-12-08 17:07:24',NULL,NULL),(119,'TK20251216001','系统告警工单-1216-1','自动生成的测试工单 #1','high','change','scheduled','resolved','1','admin','3','运维人员1',NULL,NULL,NULL,NULL,NULL,NULL,NULL,0,'2025-12-16 01:00:00','2025-12-08 17:07:24',NULL,NULL),(120,'TK20251217005','系统告警工单-1217-5','自动生成的测试工单 #5','low','maintenance','user_report','closed','1','admin','5','运维人员1',NULL,NULL,NULL,NULL,NULL,'2025-12-18 21:00:00',NULL,0,'2025-12-17 08:00:00','2025-12-08 17:07:24',NULL,NULL),(121,'TK20251217004','系统告警工单-1217-4','自动生成的测试工单 #4','high','change','user_report','in_progress','1','admin','1','运维人员3',NULL,NULL,NULL,NULL,NULL,NULL,NULL,0,'2025-12-17 10:00:00','2025-12-08 17:07:24',NULL,NULL),(122,'TK20251217003','系统告警工单-1217-3','自动生成的测试工单 #3','low','maintenance','scheduled','resolved','1','admin','5','运维人员3',NULL,NULL,NULL,NULL,NULL,'2025-12-17 08:00:00',NULL,0,'2025-12-17 00:00:00','2025-12-08 17:07:24',NULL,NULL),(123,'TK20251217002','系统告警工单-1217-2','自动生成的测试工单 #2','medium','change','manual','completed','1','admin','1','运维人员5',NULL,NULL,NULL,NULL,NULL,'2025-12-18 05:00:00',NULL,0,'2025-12-17 14:00:00','2025-12-08 17:07:24',NULL,NULL),(124,'TK20251217001','系统告警工单-1217-1','自动生成的测试工单 #1','urgent','request','alarm','pending','1','admin','4','运维人员1',NULL,NULL,NULL,NULL,NULL,NULL,NULL,0,'2025-12-17 00:00:00','2025-12-08 17:07:24',NULL,NULL),(125,'TK20251218005','系统告警工单-1218-5','自动生成的测试工单 #5','medium','change','manual','closed','1','admin','2','运维人员3',NULL,NULL,NULL,NULL,NULL,'2025-12-18 07:00:00',NULL,0,'2025-12-18 01:00:00','2025-12-08 17:07:24',NULL,NULL),(126,'TK20251218004','系统告警工单-1218-4','自动生成的测试工单 #4','medium','request','alarm','completed','1','admin','5','运维人员2',NULL,NULL,NULL,NULL,NULL,'2025-12-20 01:00:00',NULL,0,'2025-12-18 02:00:00','2025-12-08 17:07:24',NULL,NULL),(127,'TK20251218003','系统告警工单-1218-3','自动生成的测试工单 #3','high','request','manual','completed','1','admin','3','运维人员2',NULL,NULL,NULL,NULL,NULL,'2025-12-19 05:00:00',NULL,0,'2025-12-18 03:00:00','2025-12-08 17:07:24',NULL,NULL),(128,'TK20251218002','系统告警工单-1218-2','自动生成的测试工单 #2','urgent','change','user_report','closed','1','admin','2','运维人员5',NULL,NULL,NULL,NULL,NULL,NULL,NULL,0,'2025-12-18 07:00:00','2025-12-08 17:07:24',NULL,NULL),(129,'TK20251218001','系统告警工单-1218-1','自动生成的测试工单 #1','low','request','alarm','in_progress','1','admin','5','运维人员2',NULL,NULL,NULL,NULL,NULL,'2025-12-19 04:00:00',NULL,0,'2025-12-18 14:00:00','2025-12-08 17:07:24',NULL,NULL),(130,'TK20251219005','系统告警工单-1219-5','自动生成的测试工单 #5','medium','request','manual','completed','1','admin','2','运维人员2',NULL,NULL,NULL,NULL,NULL,'2025-12-20 09:00:00',NULL,0,'2025-12-19 22:00:00','2025-12-08 17:07:24',NULL,NULL),(131,'TK20251219004','系统告警工单-1219-4','自动生成的测试工单 #4','high','change','alarm','in_progress','1','admin','3','运维人员2',NULL,NULL,NULL,NULL,NULL,'2025-12-19 13:00:00',NULL,0,'2025-12-19 00:00:00','2025-12-08 17:07:24',NULL,NULL),(132,'TK20251219003','系统告警工单-1219-3','自动生成的测试工单 #3','high','request','scheduled','in_progress','1','admin','1','运维人员5',NULL,NULL,NULL,NULL,NULL,'2025-12-20 15:00:00',NULL,0,'2025-12-19 21:00:00','2025-12-08 17:07:24',NULL,NULL),(133,'TK20251219002','系统告警工单-1219-2','自动生成的测试工单 #2','urgent','maintenance','scheduled','in_progress','1','admin','3','运维人员5',NULL,NULL,NULL,NULL,NULL,'2025-12-20 23:00:00',NULL,0,'2025-12-19 02:00:00','2025-12-08 17:07:24',NULL,NULL),(134,'TK20251219001','系统告警工单-1219-1','自动生成的测试工单 #1','high','request','scheduled','in_progress','1','admin','5','运维人员5',NULL,NULL,NULL,NULL,NULL,NULL,NULL,0,'2025-12-19 16:00:00','2025-12-08 17:07:24',NULL,NULL),(135,'TK20251220005','系统告警工单-1220-5','自动生成的测试工单 #5','low','request','alarm','completed','1','admin','3','运维人员3',NULL,NULL,NULL,NULL,NULL,NULL,NULL,0,'2025-12-20 03:00:00','2025-12-08 17:07:24',NULL,NULL),(136,'TK20251220004','系统告警工单-1220-4','自动生成的测试工单 #4','medium','request','alarm','closed','1','admin','2','运维人员2',NULL,NULL,NULL,NULL,NULL,NULL,NULL,0,'2025-12-20 03:00:00','2025-12-08 17:07:24',NULL,NULL),(137,'TK20251220003','系统告警工单-1220-3','自动生成的测试工单 #3','low','maintenance','scheduled','resolved','1','admin','5','运维人员4',NULL,NULL,NULL,NULL,NULL,'2025-12-20 04:00:00',NULL,0,'2025-12-20 13:00:00','2025-12-08 17:07:24',NULL,NULL),(138,'TK20251220002','系统告警工单-1220-2','自动生成的测试工单 #2','high','request','scheduled','pending','1','admin','4','运维人员2',NULL,NULL,NULL,NULL,NULL,NULL,NULL,0,'2025-12-20 20:00:00','2025-12-08 17:07:24',NULL,NULL),(139,'TK20251220001','系统告警工单-1220-1','自动生成的测试工单 #1','high','fault','user_report','completed','1','admin','2','运维人员3',NULL,NULL,NULL,NULL,NULL,'2025-12-21 04:00:00',NULL,0,'2025-12-20 10:00:00','2025-12-08 17:07:24',NULL,NULL),(140,'TK20251221005','系统告警工单-1221-5','自动生成的测试工单 #5','urgent','request','manual','closed','1','admin','4','运维人员2',NULL,NULL,NULL,NULL,NULL,'2025-12-21 12:00:00',NULL,0,'2025-12-21 23:00:00','2025-12-08 17:07:24',NULL,NULL),(141,'TK20251221004','系统告警工单-1221-4','自动生成的测试工单 #4','low','maintenance','manual','pending','1','admin','4','运维人员3',NULL,NULL,NULL,NULL,NULL,'2025-12-21 11:00:00',NULL,0,'2025-12-21 20:00:00','2025-12-08 17:07:24',NULL,NULL),(142,'TK20251221003','系统告警工单-1221-3','自动生成的测试工单 #3','urgent','fault','scheduled','resolved','1','admin','1','运维人员3',NULL,NULL,NULL,NULL,NULL,'2025-12-21 02:00:00',NULL,0,'2025-12-21 13:00:00','2025-12-08 17:07:24',NULL,NULL),(143,'TK20251221002','系统告警工单-1221-2','自动生成的测试工单 #2','medium','request','alarm','closed','1','admin','5','运维人员2',NULL,NULL,NULL,NULL,NULL,NULL,NULL,0,'2025-12-21 18:00:00','2025-12-08 17:07:24',NULL,NULL),(144,'TK20251221001','系统告警工单-1221-1','自动生成的测试工单 #1','medium','fault','alarm','closed','1','admin','2','运维人员4',NULL,NULL,NULL,NULL,NULL,'2025-12-21 16:00:00',NULL,0,'2025-12-21 04:00:00','2025-12-08 17:07:24',NULL,NULL),(145,'TK20251222005','系统告警工单-1222-5','自动生成的测试工单 #5','high','change','alarm','in_progress','1','admin','3','运维人员5',NULL,NULL,NULL,NULL,NULL,NULL,NULL,0,'2025-12-22 00:00:00','2025-12-08 17:07:24',NULL,NULL),(146,'TK20251222004','系统告警工单-1222-4','自动生成的测试工单 #4','medium','fault','manual','in_progress','1','admin','4','运维人员4',NULL,NULL,NULL,NULL,NULL,'2025-12-22 12:00:00',NULL,0,'2025-12-22 05:00:00','2025-12-08 17:07:24',NULL,NULL),(147,'TK20251222003','系统告警工单-1222-3','自动生成的测试工单 #3','high','request','scheduled','in_progress','1','admin','5','运维人员4',NULL,NULL,NULL,NULL,NULL,'2025-12-23 09:00:00',NULL,0,'2025-12-22 22:00:00','2025-12-08 17:07:24',NULL,NULL),(148,'TK20251222002','系统告警工单-1222-2','自动生成的测试工单 #2','urgent','fault','alarm','resolved','1','admin','5','运维人员2',NULL,NULL,NULL,NULL,NULL,'2025-12-22 15:00:00',NULL,0,'2025-12-22 07:00:00','2025-12-08 17:07:24',NULL,NULL),(149,'TK20251222001','系统告警工单-1222-1','自动生成的测试工单 #1','urgent','maintenance','alarm','resolved','1','admin','4','运维人员4',NULL,NULL,NULL,NULL,NULL,'2025-12-23 14:00:00',NULL,0,'2025-12-22 09:00:00','2025-12-08 17:07:24',NULL,NULL),(150,'TK20251223005','系统告警工单-1223-5','自动生成的测试工单 #5','medium','fault','scheduled','resolved','1','admin','2','运维人员2',NULL,NULL,NULL,NULL,NULL,'2025-12-23 04:00:00',NULL,0,'2025-12-23 19:00:00','2025-12-08 17:07:24',NULL,NULL),(151,'TK20251223004','系统告警工单-1223-4','自动生成的测试工单 #4','high','maintenance','manual','resolved','1','admin','4','运维人员1',NULL,NULL,NULL,NULL,NULL,NULL,NULL,0,'2025-12-23 07:00:00','2025-12-08 17:07:24',NULL,NULL),(152,'TK20251223003','系统告警工单-1223-3','自动生成的测试工单 #3','urgent','change','manual','completed','1','admin','2','运维人员3',NULL,NULL,NULL,NULL,NULL,'2025-12-23 21:00:00',NULL,0,'2025-12-23 17:00:00','2025-12-08 17:07:24',NULL,NULL),(153,'TK20251223002','系统告警工单-1223-2','自动生成的测试工单 #2','urgent','fault','manual','pending','1','admin','3','运维人员4',NULL,NULL,NULL,NULL,NULL,'2025-12-24 23:00:00',NULL,0,'2025-12-23 22:00:00','2025-12-08 17:07:24',NULL,NULL),(154,'TK20251223001','系统告警工单-1223-1','自动生成的测试工单 #1','low','request','manual','pending','1','admin','2','运维人员4',NULL,NULL,NULL,NULL,NULL,'2025-12-23 11:00:00',NULL,0,'2025-12-23 00:00:00','2025-12-08 17:07:24',NULL,NULL),(155,'TK20251224005','系统告警工单-1224-5','自动生成的测试工单 #5','urgent','maintenance','scheduled','closed','1','admin','1','运维人员4',NULL,NULL,NULL,NULL,NULL,'2025-12-24 22:00:00',NULL,0,'2025-12-24 14:00:00','2025-12-08 17:07:24',NULL,NULL),(156,'TK20251224004','系统告警工单-1224-4','自动生成的测试工单 #4','medium','fault','alarm','pending','1','admin','5','运维人员1',NULL,NULL,NULL,NULL,NULL,'2025-12-24 02:00:00',NULL,0,'2025-12-24 09:00:00','2025-12-08 17:07:24',NULL,NULL),(157,'TK20251224003','系统告警工单-1224-3','自动生成的测试工单 #3','medium','maintenance','alarm','resolved','1','admin','5','运维人员1',NULL,NULL,NULL,NULL,NULL,'2025-12-24 20:00:00',NULL,0,'2025-12-24 14:00:00','2025-12-08 17:07:24',NULL,NULL),(158,'TK20251224002','系统告警工单-1224-2','自动生成的测试工单 #2','medium','request','scheduled','in_progress','1','admin','1','运维人员1',NULL,NULL,NULL,NULL,NULL,'2025-12-25 16:00:00',NULL,0,'2025-12-24 15:00:00','2025-12-08 17:07:24',NULL,NULL),(159,'TK20251224001','系统告警工单-1224-1','自动生成的测试工单 #1','high','fault','manual','pending','1','admin','1','运维人员3',NULL,NULL,NULL,NULL,NULL,'2025-12-24 20:00:00',NULL,0,'2025-12-24 13:00:00','2025-12-08 17:07:24',NULL,NULL),(160,'TK20251225005','系统告警工单-1225-5','自动生成的测试工单 #5','medium','fault','scheduled','resolved','1','admin','2','运维人员3',NULL,NULL,NULL,NULL,NULL,'2025-12-25 15:00:00',NULL,0,'2025-12-25 04:00:00','2025-12-08 17:07:24',NULL,NULL),(161,'TK20251225004','系统告警工单-1225-4','自动生成的测试工单 #4','high','maintenance','user_report','in_progress','1','admin','3','运维人员3',NULL,NULL,NULL,NULL,NULL,NULL,NULL,0,'2025-12-25 12:00:00','2025-12-08 17:07:24',NULL,NULL),(162,'TK20251225003','系统告警工单-1225-3','自动生成的测试工单 #3','low','change','scheduled','in_progress','1','admin','2','运维人员2',NULL,NULL,NULL,NULL,NULL,NULL,NULL,0,'2025-12-25 08:00:00','2025-12-08 17:07:24',NULL,NULL),(163,'TK20251225002','系统告警工单-1225-2','自动生成的测试工单 #2','medium','fault','user_report','completed','1','admin','5','运维人员3',NULL,NULL,NULL,NULL,NULL,'2025-12-26 14:00:00',NULL,0,'2025-12-25 01:00:00','2025-12-08 17:07:24',NULL,NULL),(164,'TK20251225001','系统告警工单-1225-1','自动生成的测试工单 #1','high','maintenance','scheduled','pending','1','admin','3','运维人员3',NULL,NULL,NULL,NULL,NULL,'2025-12-25 02:00:00',NULL,0,'2025-12-25 03:00:00','2025-12-08 17:07:24',NULL,NULL),(165,'TK20251226005','系统告警工单-1226-5','自动生成的测试工单 #5','medium','request','alarm','closed','1','admin','3','运维人员1',NULL,NULL,NULL,NULL,NULL,'2025-12-27 16:00:00',NULL,0,'2025-12-26 04:00:00','2025-12-08 17:07:24',NULL,NULL),(166,'TK20251226004','系统告警工单-1226-4','自动生成的测试工单 #4','urgent','change','user_report','closed','1','admin','1','运维人员1',NULL,NULL,NULL,NULL,NULL,'2025-12-26 09:00:00',NULL,0,'2025-12-26 02:00:00','2025-12-08 17:07:24',NULL,NULL),(167,'TK20251226003','系统告警工单-1226-3','自动生成的测试工单 #3','urgent','fault','scheduled','resolved','1','admin','5','运维人员1',NULL,NULL,NULL,NULL,NULL,NULL,NULL,0,'2025-12-26 08:00:00','2025-12-08 17:07:24',NULL,NULL),(168,'TK20251226002','系统告警工单-1226-2','自动生成的测试工单 #2','low','change','user_report','in_progress','1','admin','5','运维人员1',NULL,NULL,NULL,NULL,NULL,NULL,NULL,0,'2025-12-26 08:00:00','2025-12-08 17:07:24',NULL,NULL),(169,'TK20251226001','系统告警工单-1226-1','自动生成的测试工单 #1','medium','fault','user_report','closed','1','admin','3','运维人员2',NULL,NULL,NULL,NULL,NULL,'2025-12-26 23:00:00',NULL,0,'2025-12-26 13:00:00','2025-12-08 17:07:24',NULL,NULL),(170,'TK20251227005','系统告警工单-1227-5','自动生成的测试工单 #5','low','fault','scheduled','closed','1','admin','3','运维人员4',NULL,NULL,NULL,NULL,NULL,'2025-12-28 03:00:00',NULL,0,'2025-12-27 11:00:00','2025-12-08 17:07:24',NULL,NULL),(171,'TK20251227004','系统告警工单-1227-4','自动生成的测试工单 #4','urgent','request','user_report','resolved','1','admin','5','运维人员4',NULL,NULL,NULL,NULL,NULL,NULL,NULL,0,'2025-12-27 14:00:00','2025-12-08 17:07:24',NULL,NULL),(172,'TK20251227003','系统告警工单-1227-3','自动生成的测试工单 #3','medium','request','alarm','closed','1','admin','2','运维人员4',NULL,NULL,NULL,NULL,NULL,'2025-12-28 09:00:00',NULL,0,'2025-12-27 07:00:00','2025-12-08 17:07:24',NULL,NULL),(173,'TK20251227002','系统告警工单-1227-2','自动生成的测试工单 #2','high','request','scheduled','pending','1','admin','5','运维人员5',NULL,NULL,NULL,NULL,NULL,'2025-12-27 19:00:00',NULL,0,'2025-12-27 22:00:00','2025-12-08 17:07:24',NULL,NULL),(174,'TK20251227001','系统告警工单-1227-1','自动生成的测试工单 #1','high','change','scheduled','in_progress','1','admin','2','运维人员1',NULL,NULL,NULL,NULL,NULL,'2025-12-28 04:00:00',NULL,0,'2025-12-27 22:00:00','2025-12-08 17:07:24',NULL,NULL),(175,'TK20251228005','系统告警工单-1228-5','自动生成的测试工单 #5','urgent','maintenance','scheduled','pending','1','admin','4','运维人员3',NULL,NULL,NULL,NULL,NULL,'2025-12-29 07:00:00',NULL,0,'2025-12-28 23:00:00','2025-12-08 17:07:24',NULL,NULL),(176,'TK20251228004','系统告警工单-1228-4','自动生成的测试工单 #4','urgent','change','alarm','closed','1','admin','1','运维人员2',NULL,NULL,NULL,NULL,NULL,'2025-12-29 18:00:00',NULL,0,'2025-12-28 20:00:00','2025-12-08 17:07:24',NULL,NULL),(177,'TK20251228003','系统告警工单-1228-3','自动生成的测试工单 #3','high','maintenance','manual','in_progress','1','admin','3','运维人员1',NULL,NULL,NULL,NULL,NULL,NULL,NULL,0,'2025-12-28 01:00:00','2025-12-08 17:07:24',NULL,NULL),(178,'TK20251228002','系统告警工单-1228-2','自动生成的测试工单 #2','high','maintenance','scheduled','resolved','1','admin','1','运维人员1',NULL,NULL,NULL,NULL,NULL,'2025-12-29 00:00:00',NULL,0,'2025-12-28 14:00:00','2025-12-08 17:07:24',NULL,NULL),(179,'TK20251228001','系统告警工单-1228-1','自动生成的测试工单 #1','high','request','user_report','closed','1','admin','5','运维人员1',NULL,NULL,NULL,NULL,NULL,'2025-12-29 12:00:00',NULL,0,'2025-12-28 05:00:00','2025-12-08 17:07:24',NULL,NULL),(180,'TK20251229005','系统告警工单-1229-5','自动生成的测试工单 #5','urgent','fault','manual','in_progress','1','admin','3','运维人员1',NULL,NULL,NULL,NULL,NULL,'2025-12-30 22:00:00',NULL,0,'2025-12-29 18:00:00','2025-12-08 17:07:24',NULL,NULL),(181,'TK20251229004','系统告警工单-1229-4','自动生成的测试工单 #4','low','change','user_report','completed','1','admin','2','运维人员3',NULL,NULL,NULL,NULL,NULL,'2025-12-29 05:00:00',NULL,0,'2025-12-29 07:00:00','2025-12-08 17:07:24',NULL,NULL),(182,'TK20251229003','系统告警工单-1229-3','自动生成的测试工单 #3','urgent','fault','manual','pending','1','admin','2','运维人员1',NULL,NULL,NULL,NULL,NULL,'2025-12-30 20:00:00',NULL,0,'2025-12-29 10:00:00','2025-12-08 17:07:24',NULL,NULL),(183,'TK20251229002','系统告警工单-1229-2','自动生成的测试工单 #2','urgent','change','alarm','closed','1','admin','4','运维人员5',NULL,NULL,NULL,NULL,NULL,'2025-12-30 07:00:00',NULL,0,'2025-12-29 04:00:00','2025-12-08 17:07:24',NULL,NULL),(184,'TK20251229001','系统告警工单-1229-1','自动生成的测试工单 #1','urgent','change','alarm','pending','1','admin','5','运维人员4',NULL,NULL,NULL,NULL,NULL,NULL,NULL,0,'2025-12-29 12:00:00','2025-12-08 17:07:24',NULL,NULL),(185,'TK20251230005','系统告警工单-1230-5','自动生成的测试工单 #5','medium','fault','scheduled','completed','1','admin','3','运维人员4',NULL,NULL,NULL,NULL,NULL,'2025-12-31 22:00:00',NULL,0,'2025-12-30 00:00:00','2025-12-08 17:07:24',NULL,NULL),(186,'TK20251230004','系统告警工单-1230-4','自动生成的测试工单 #4','medium','fault','scheduled','completed','1','admin','3','运维人员3',NULL,NULL,NULL,NULL,NULL,NULL,NULL,0,'2025-12-30 22:00:00','2025-12-08 17:07:24',NULL,NULL),(187,'TK20251230003','系统告警工单-1230-3','自动生成的测试工单 #3','urgent','fault','alarm','completed','1','admin','2','运维人员4',NULL,NULL,NULL,NULL,NULL,NULL,NULL,0,'2025-12-30 05:00:00','2025-12-08 17:07:24',NULL,NULL),(188,'TK20251230002','系统告警工单-1230-2','自动生成的测试工单 #2','medium','change','user_report','resolved','1','admin','3','运维人员5',NULL,NULL,NULL,NULL,NULL,'2025-12-31 17:00:00',NULL,0,'2025-12-30 22:00:00','2025-12-08 17:07:24',NULL,NULL),(189,'TK20251230001','系统告警工单-1230-1','自动生成的测试工单 #1','urgent','change','scheduled','pending','1','admin','5','运维人员2',NULL,NULL,NULL,NULL,NULL,'2025-12-30 16:00:00',NULL,0,'2025-12-30 08:00:00','2025-12-08 17:07:24',NULL,NULL),(190,'TK20251231005','系统告警工单-1231-5','自动生成的测试工单 #5','medium','request','alarm','resolved','1','admin','3','运维人员3',NULL,NULL,NULL,NULL,NULL,'2025-12-31 07:00:00',NULL,0,'2025-12-31 12:00:00','2025-12-08 17:07:24',NULL,NULL),(191,'TK20251231004','系统告警工单-1231-4','自动生成的测试工单 #4','medium','maintenance','scheduled','closed','1','admin','4','运维人员2',NULL,NULL,NULL,NULL,NULL,'2026-01-02 00:00:00',NULL,0,'2025-12-31 07:00:00','2025-12-08 17:07:24',NULL,NULL),(192,'TK20251231003','系统告警工单-1231-3','自动生成的测试工单 #3','urgent','request','alarm','pending','1','admin','1','运维人员4',NULL,NULL,NULL,NULL,NULL,'2026-01-01 06:00:00',NULL,0,'2025-12-31 08:00:00','2025-12-08 17:07:24',NULL,NULL),(193,'TK20251231002','系统告警工单-1231-2','自动生成的测试工单 #2','medium','change','alarm','completed','1','admin','2','运维人员5',NULL,NULL,NULL,NULL,NULL,'2026-01-02 00:00:00',NULL,0,'2025-12-31 01:00:00','2025-12-08 17:07:24',NULL,NULL),(194,'TK20251231001','系统告警工单-1231-1','自动生成的测试工单 #1','low','fault','user_report','in_progress','1','admin','5','运维人员5',NULL,NULL,NULL,NULL,NULL,NULL,NULL,0,'2025-12-31 00:00:00','2025-12-08 17:07:24',NULL,NULL),(195,'TK20260101005','系统告警工单-0101-5','自动生成的测试工单 #5','high','change','manual','in_progress','1','admin','4','运维人员2',NULL,NULL,NULL,NULL,NULL,'2026-01-01 20:00:00',NULL,0,'2026-01-01 20:00:00','2025-12-08 17:07:24',NULL,NULL),(196,'TK20260101004','系统告警工单-0101-4','自动生成的测试工单 #4','urgent','maintenance','user_report','pending','1','admin','4','运维人员2',NULL,NULL,NULL,NULL,NULL,NULL,NULL,0,'2026-01-01 05:00:00','2025-12-08 17:07:24',NULL,NULL),(197,'TK20260101003','系统告警工单-0101-3','自动生成的测试工单 #3','medium','fault','user_report','in_progress','1','admin','5','运维人员2',NULL,NULL,NULL,NULL,NULL,'2026-01-01 17:00:00',NULL,0,'2026-01-01 06:00:00','2025-12-08 17:07:24',NULL,NULL),(198,'TK20260101002','系统告警工单-0101-2','自动生成的测试工单 #2','high','request','user_report','closed','1','admin','3','运维人员3',NULL,NULL,NULL,NULL,NULL,'2026-01-02 02:00:00',NULL,0,'2026-01-01 01:00:00','2025-12-08 17:07:24',NULL,NULL),(199,'TK20260101001','系统告警工单-0101-1','自动生成的测试工单 #1','urgent','request','user_report','pending','1','admin','3','运维人员2',NULL,NULL,NULL,NULL,NULL,'2026-01-02 09:00:00',NULL,0,'2026-01-01 13:00:00','2025-12-08 17:07:24',NULL,NULL),(200,'TK20260102005','系统告警工单-0102-5','自动生成的测试工单 #5','low','change','scheduled','in_progress','1','admin','4','运维人员5',NULL,NULL,NULL,NULL,NULL,NULL,NULL,0,'2026-01-02 20:00:00','2025-12-08 17:07:24',NULL,NULL),(201,'TK20260102004','系统告警工单-0102-4','自动生成的测试工单 #4','low','maintenance','scheduled','completed','1','admin','3','运维人员3',NULL,NULL,NULL,NULL,NULL,'2026-01-03 21:00:00',NULL,0,'2026-01-02 06:00:00','2025-12-08 17:07:24',NULL,NULL),(202,'TK20260102003','系统告警工单-0102-3','自动生成的测试工单 #3','medium','fault','manual','in_progress','1','admin','1','运维人员4',NULL,NULL,NULL,NULL,NULL,'2026-01-02 22:00:00',NULL,0,'2026-01-02 19:00:00','2025-12-08 17:07:24',NULL,NULL),(203,'TK20260102002','系统告警工单-0102-2','自动生成的测试工单 #2','low','request','scheduled','closed','1','admin','5','运维人员1',NULL,NULL,NULL,NULL,NULL,'2026-01-04 01:00:00',NULL,0,'2026-01-02 08:00:00','2025-12-08 17:07:24',NULL,NULL),(204,'TK20260102001','系统告警工单-0102-1','自动生成的测试工单 #1','low','maintenance','manual','pending','1','admin','4','运维人员1',NULL,NULL,NULL,NULL,NULL,'2026-01-03 20:00:00',NULL,0,'2026-01-02 02:00:00','2025-12-08 17:07:24',NULL,NULL),(205,'TK20260103005','系统告警工单-0103-5','自动生成的测试工单 #5','low','request','scheduled','pending','1','admin','2','运维人员4',NULL,NULL,NULL,NULL,NULL,NULL,NULL,0,'2026-01-03 00:00:00','2025-12-08 17:07:24',NULL,NULL),(206,'TK20260103004','系统告警工单-0103-4','自动生成的测试工单 #4','medium','fault','alarm','completed','1','admin','4','运维人员1',NULL,NULL,NULL,NULL,NULL,'2026-01-04 05:00:00',NULL,0,'2026-01-03 15:00:00','2025-12-08 17:07:24',NULL,NULL),(207,'TK20260103003','系统告警工单-0103-3','自动生成的测试工单 #3','low','maintenance','scheduled','resolved','1','admin','3','运维人员5',NULL,NULL,NULL,NULL,NULL,'2026-01-05 00:00:00',NULL,0,'2026-01-03 01:00:00','2025-12-08 17:07:24',NULL,NULL),(208,'TK20260103002','系统告警工单-0103-2','自动生成的测试工单 #2','low','maintenance','manual','resolved','1','admin','3','运维人员3',NULL,NULL,NULL,NULL,NULL,'2026-01-04 01:00:00',NULL,0,'2026-01-03 11:00:00','2025-12-08 17:07:24',NULL,NULL),(209,'TK20260103001','系统告警工单-0103-1','自动生成的测试工单 #1','medium','request','user_report','pending','1','admin','5','运维人员1',NULL,NULL,NULL,NULL,NULL,'2026-01-03 11:00:00',NULL,0,'2026-01-03 00:00:00','2025-12-08 17:07:24',NULL,NULL),(210,'TK20260104005','系统告警工单-0104-5','自动生成的测试工单 #5','medium','request','scheduled','resolved','1','admin','5','运维人员4',NULL,NULL,NULL,NULL,NULL,NULL,NULL,0,'2026-01-04 17:00:00','2025-12-08 17:07:24',NULL,NULL),(211,'TK20260104004','系统告警工单-0104-4','自动生成的测试工单 #4','high','change','manual','completed','1','admin','3','运维人员2',NULL,NULL,NULL,NULL,NULL,'2026-01-04 06:00:00',NULL,0,'2026-01-04 14:00:00','2025-12-08 17:07:24',NULL,NULL),(212,'TK20260104003','系统告警工单-0104-3','自动生成的测试工单 #3','medium','request','alarm','pending','1','admin','1','运维人员5',NULL,NULL,NULL,NULL,NULL,'2026-01-05 03:00:00',NULL,0,'2026-01-04 21:00:00','2025-12-08 17:07:24',NULL,NULL),(213,'TK20260104002','系统告警工单-0104-2','自动生成的测试工单 #2','high','request','scheduled','resolved','1','admin','3','运维人员1',NULL,NULL,NULL,NULL,NULL,NULL,NULL,0,'2026-01-04 23:00:00','2025-12-08 17:07:24',NULL,NULL),(214,'TK20260104001','系统告警工单-0104-1','自动生成的测试工单 #1','urgent','fault','manual','closed','1','admin','4','运维人员1',NULL,NULL,NULL,NULL,NULL,'2026-01-05 07:00:00',NULL,0,'2026-01-04 17:00:00','2025-12-08 17:07:24',NULL,NULL),(215,'TK20260105005','系统告警工单-0105-5','自动生成的测试工单 #5','urgent','fault','alarm','in_progress','1','admin','5','运维人员1',NULL,NULL,NULL,NULL,NULL,'2026-01-06 01:00:00',NULL,0,'2026-01-05 07:00:00','2025-12-08 17:07:24',NULL,NULL),(216,'TK20260105004','系统告警工单-0105-4','自动生成的测试工单 #4','low','fault','user_report','completed','1','admin','4','运维人员4',NULL,NULL,NULL,NULL,NULL,'2026-01-06 17:00:00',NULL,0,'2026-01-05 13:00:00','2025-12-08 17:07:24',NULL,NULL),(217,'TK20260105003','系统告警工单-0105-3','自动生成的测试工单 #3','medium','fault','user_report','completed','1','admin','1','运维人员4',NULL,NULL,NULL,NULL,NULL,'2026-01-06 13:00:00',NULL,0,'2026-01-05 19:00:00','2025-12-08 17:07:24',NULL,NULL),(218,'TK20260105002','系统告警工单-0105-2','自动生成的测试工单 #2','high','change','scheduled','in_progress','1','admin','2','运维人员5',NULL,NULL,NULL,NULL,NULL,'2026-01-05 15:00:00',NULL,0,'2026-01-05 02:00:00','2025-12-08 17:07:24',NULL,NULL),(219,'TK20260105001','系统告警工单-0105-1','自动生成的测试工单 #1','high','change','user_report','in_progress','1','admin','5','运维人员4',NULL,NULL,NULL,NULL,NULL,'2026-01-06 14:00:00',NULL,0,'2026-01-05 04:00:00','2025-12-08 17:07:24',NULL,NULL),(220,'TK20260106005','系统告警工单-0106-5','自动生成的测试工单 #5','urgent','maintenance','manual','resolved','1','admin','2','运维人员3',NULL,NULL,NULL,NULL,NULL,NULL,NULL,0,'2026-01-06 12:00:00','2025-12-08 17:07:24',NULL,NULL),(221,'TK20260106004','系统告警工单-0106-4','自动生成的测试工单 #4','high','maintenance','alarm','resolved','1','admin','1','运维人员3',NULL,NULL,NULL,NULL,NULL,NULL,NULL,0,'2026-01-06 13:00:00','2025-12-08 17:07:24',NULL,NULL),(222,'TK20260106003','系统告警工单-0106-3','自动生成的测试工单 #3','low','change','scheduled','closed','1','admin','4','运维人员2',NULL,NULL,NULL,NULL,NULL,NULL,NULL,0,'2026-01-06 04:00:00','2025-12-08 17:07:24',NULL,NULL),(223,'TK20260106002','系统告警工单-0106-2','自动生成的测试工单 #2','high','request','manual','closed','1','admin','4','运维人员1',NULL,NULL,NULL,NULL,NULL,'2026-01-06 10:00:00',NULL,0,'2026-01-06 11:00:00','2025-12-08 17:07:24',NULL,NULL),(224,'TK20260106001','系统告警工单-0106-1','自动生成的测试工单 #1','high','request','scheduled','closed','1','admin','2','运维人员4',NULL,NULL,NULL,NULL,NULL,'2026-01-07 01:00:00',NULL,0,'2026-01-06 16:00:00','2025-12-08 17:07:24',NULL,NULL),(330,'TK20251208101','服务器CPU告警','服务器CPU使用率过高','urgent','fault',NULL,'resolved','1','admin','2','运维人员1',NULL,NULL,NULL,NULL,NULL,'2025-12-08 17:30:26',NULL,0,'2025-12-08 17:00:26','2025-12-08 17:07:24',NULL,NULL),(331,'TK20251208102','数据库备份任务','例行数据库备份','medium','maintenance',NULL,'completed','1','admin','3','运维人员2',NULL,NULL,NULL,NULL,NULL,'2025-12-08 19:00:26',NULL,0,'2025-12-08 17:00:26','2025-12-08 17:07:24',NULL,NULL),(332,'TK20251208103','网络延迟问题','用户反馈网络延迟','high','fault',NULL,'in_progress','1','admin','2','运维人员1',NULL,NULL,NULL,NULL,NULL,NULL,NULL,0,'2025-12-08 17:00:26','2025-12-08 17:07:24',NULL,NULL),(333,'TK20251208104','系统升级申请','申请升级操作系统','low','change',NULL,'pending','1','admin','4','运维人员3',NULL,NULL,NULL,NULL,NULL,NULL,NULL,0,'2025-12-08 17:00:26','2025-12-08 17:07:24',NULL,NULL),(334,'TK20251208105','磁盘空间清理','清理服务器磁盘空间','medium','maintenance',NULL,'resolved','1','admin','2','运维人员1',NULL,NULL,NULL,NULL,NULL,'2025-12-08 18:00:26',NULL,0,'2025-12-08 17:00:26','2025-12-08 17:07:24',NULL,NULL),(335,'TK20251208106','用户权限申请','新员工权限配置','low','request',NULL,'completed','1','admin','3','运维人员2',NULL,NULL,NULL,NULL,NULL,'2025-12-08 21:00:26',NULL,0,'2025-12-08 17:00:26','2025-12-08 17:07:24',NULL,NULL),(336,'TK20251208107','防火墙规则变更','添加新的防火墙规则','high','change',NULL,'resolved','1','admin','4','运维人员3',NULL,NULL,NULL,NULL,NULL,'2025-12-08 20:00:26',NULL,0,'2025-12-08 17:00:26','2025-12-08 17:07:24',NULL,NULL),(337,'TK20251208108','服务器重启','计划内服务器重启','medium','maintenance',NULL,'pending','1','admin','2','运维人员1',NULL,NULL,NULL,NULL,NULL,NULL,NULL,0,'2025-12-08 17:00:26','2025-12-08 17:07:24',NULL,NULL),(338,'TK20251208109','VPN连接问题','用户VPN无法连接','high','fault',NULL,'resolved','1','admin','3','运维人员2',NULL,NULL,NULL,NULL,NULL,'2025-12-08 17:45:26',NULL,0,'2025-12-08 17:00:26','2025-12-08 17:07:24',NULL,NULL),(339,'TK20251208110','软件安装请求','安装办公软件','low','request',NULL,'in_progress','1','admin','4','运维人员3',NULL,NULL,NULL,NULL,NULL,NULL,NULL,0,'2025-12-08 17:00:26','2025-12-08 17:07:24',NULL,NULL),(340,'TK20251208111','数据库性能优化','数据库查询慢','urgent','fault',NULL,'resolved','1','admin','2','运维人员1',NULL,NULL,NULL,NULL,NULL,'2025-12-08 17:20:26',NULL,0,'2025-12-08 17:00:26','2025-12-08 17:07:24',NULL,NULL),(341,'TK20251208112','网络设备巡检','例行网络设备检查','medium','maintenance',NULL,'completed','1','admin','3','运维人员2',NULL,NULL,NULL,NULL,NULL,'2025-12-08 19:00:26',NULL,0,'2025-12-08 17:00:26','2025-12-08 17:07:24',NULL,NULL);
/*!40000 ALTER TABLE `ops_ticket` ENABLE KEYS */;
UNLOCK TABLES;

--
-- Table structure for table `prediction_alert`
--

DROP TABLE IF EXISTS `prediction_alert`;
/*!40101 SET @saved_cs_client     = @@character_set_client */;
/*!50503 SET character_set_client = utf8mb4 */;
CREATE TABLE `prediction_alert` (
  `id` bigint NOT NULL AUTO_INCREMENT,
  `alert_title` varchar(200) DEFAULT NULL,
  `alert_message` text,
  `alert_level` varchar(20) DEFAULT NULL,
  `alert_type` varchar(50) DEFAULT NULL,
  `asset_id` bigint DEFAULT NULL,
  `asset_name` varchar(100) DEFAULT NULL,
  `category_id` bigint DEFAULT NULL,
  `category_name` varchar(100) DEFAULT NULL,
  `metric_name` varchar(50) DEFAULT NULL,
  `metric_value` decimal(20,4) DEFAULT NULL,
  `predicted_value` decimal(20,4) DEFAULT NULL,
  `threshold_value` decimal(20,4) DEFAULT NULL,
  `prediction_time` int DEFAULT NULL,
  `predicted_at` datetime DEFAULT NULL,
  `risk_score` decimal(5,2) DEFAULT NULL,
  `confidence` decimal(5,2) DEFAULT NULL,
  `risk_description` text,
  `status` varchar(20) DEFAULT 'PENDING',
  `handle_user` varchar(50) DEFAULT NULL,
  `handle_time` datetime DEFAULT NULL,
  `handle_notes` text,
  `service_id` bigint DEFAULT NULL,
  `service_name` varchar(100) DEFAULT NULL,
  `algorithm_type` varchar(50) DEFAULT NULL,
  `created_at` datetime DEFAULT CURRENT_TIMESTAMP,
  `updated_at` datetime DEFAULT CURRENT_TIMESTAMP ON UPDATE CURRENT_TIMESTAMP,
  `deleted` int DEFAULT '0',
  PRIMARY KEY (`id`)
) ENGINE=InnoDB AUTO_INCREMENT=17 DEFAULT CHARSET=utf8mb4 COLLATE=utf8mb4_0900_ai_ci;
/*!40101 SET character_set_client = @saved_cs_client */;

--
-- Dumping data for table `prediction_alert`
--

LOCK TABLES `prediction_alert` WRITE;
/*!40000 ALTER TABLE `prediction_alert` DISABLE KEYS */;
INSERT INTO `prediction_alert` VALUES (1,'CPU使用率预测超限','预测未来3天内CPU使用率将达到95%，超过90%阈值','HIGH','PREDICTION',1,'web-server-01',1,'服务器','cpu_usage',78.5000,95.2000,90.0000,3,'2025-12-15 14:30:00',85.50,92.30,'建议提前扩容或优化应用性能','PENDING',NULL,NULL,NULL,NULL,'CPU预测服务','LSTM','2025-12-12 09:34:27','2025-12-12 09:34:27',0),(2,'内存溢出风险预警','预测未来2天内存使用率将达到98%，存在OOM风险','HIGH','PREDICTION',2,'db-server-01',1,'服务器','memory_usage',82.3000,98.1000,95.0000,2,'2025-12-14 10:00:00',92.00,88.50,'建议增加内存或优化数据库查询','PENDING',NULL,NULL,NULL,NULL,'内存预测服务','Prophet','2025-12-12 09:34:27','2025-12-12 09:34:27',0),(3,'存储空间告警','预测未来5天存储使用率将达到96%','HIGH','PREDICTION',3,'storage-01',3,'存储设备','disk_usage',85.0000,96.5000,90.0000,5,'2025-12-17 08:00:00',78.00,95.00,'建议清理无用数据或扩展存储','PENDING',NULL,NULL,NULL,NULL,'存储预测服务','ARIMA','2025-12-12 09:34:27','2025-12-12 09:34:27',0),(4,'网络带宽饱和预警','预测高峰期网络带宽将达到98%','HIGH','PREDICTION',4,'router-01',2,'网络设备','bandwidth_usage',75.0000,98.0000,90.0000,1,'2025-12-13 18:00:00',88.00,90.00,'建议升级带宽或实施流量控制','PROCESSING',NULL,NULL,NULL,NULL,'网络预测服务','LSTM','2025-12-12 09:34:27','2025-12-12 09:34:27',0),(5,'数据库连接池耗尽风险','预测连接池使用率将达到100%','HIGH','PREDICTION',2,'db-server-01',1,'服务器','db_connections',420.0000,500.0000,480.0000,2,'2025-12-14 16:00:00',95.00,87.00,'建议增加连接池大小或优化连接管理','PENDING',NULL,NULL,NULL,NULL,'数据库预测服务','XGBoost','2025-12-12 09:34:27','2025-12-12 09:34:27',0),(6,'CPU负载上升趋势','预测CPU负载将持续上升至85%','MEDIUM','PREDICTION',8,'app-server-01',1,'服务器','cpu_usage',65.0000,85.0000,80.0000,4,'2025-12-16 12:00:00',65.00,91.00,'建议关注应用性能','PENDING',NULL,NULL,NULL,NULL,'CPU预测服务','LSTM','2025-12-12 09:34:27','2025-12-12 09:34:27',0),(7,'内存使用率上升','预测内存使用率将达到88%','MEDIUM','PREDICTION',1,'web-server-01',1,'服务器','memory_usage',72.0000,88.0000,85.0000,3,'2025-12-15 09:00:00',58.00,89.00,'建议监控内存泄漏','PENDING',NULL,NULL,NULL,NULL,'内存预测服务','Prophet','2025-12-12 09:34:27','2025-12-12 09:34:27',0),(8,'磁盘IO延迟增加','预测磁盘IO延迟将增加50%','MEDIUM','PREDICTION',3,'storage-01',3,'存储设备','io_latency',15.0000,22.5000,20.0000,2,'2025-12-14 14:00:00',55.00,86.00,'建议检查磁盘健康状态','RESOLVED',NULL,NULL,NULL,NULL,'存储预测服务','ARIMA','2025-12-12 09:34:27','2025-12-12 09:34:27',0),(9,'网络延迟波动','预测网络延迟将出现较大波动','MEDIUM','PREDICTION',5,'switch-01',2,'网络设备','latency',8.0000,18.0000,15.0000,3,'2025-12-15 20:00:00',52.00,84.00,'建议检查网络链路','PENDING',NULL,NULL,NULL,NULL,'网络预测服务','LSTM','2025-12-12 09:34:27','2025-12-12 09:34:27',0),(10,'服务响应时间增加','预测服务响应时间将增加至2.5秒','MEDIUM','PREDICTION',6,'nginx-01',4,'Web服务器','response_time',1.2000,2.5000,2.0000,2,'2025-12-14 11:00:00',60.00,88.00,'建议优化后端服务','PENDING',NULL,NULL,NULL,NULL,'服务预测服务','XGBoost','2025-12-12 09:34:27','2025-12-12 09:34:27',0),(11,'温度上升趋势','预测机房温度将上升至30°C','MEDIUM','PREDICTION',10,'rack-sensor-01',5,'传感器','temperature',26.0000,30.0000,28.0000,1,'2025-12-13 15:00:00',48.00,92.00,'建议检查空调系统','RESOLVED',NULL,NULL,NULL,NULL,'环境预测服务','Prophet','2025-12-12 09:34:27','2025-12-12 09:34:27',0),(12,'CPU使用率轻微上升','预测CPU使用率将小幅上升','LOW','PREDICTION',8,'app-server-01',1,'服务器','cpu_usage',55.0000,72.0000,80.0000,5,'2025-12-17 10:00:00',35.00,94.00,'正常波动范围','PENDING',NULL,NULL,NULL,NULL,'CPU预测服务','LSTM','2025-12-12 09:34:27','2025-12-12 09:34:27',0),(13,'内存使用稳定','预测内存使用率保持稳定','LOW','PREDICTION',2,'db-server-01',1,'服务器','memory_usage',68.0000,75.0000,85.0000,7,'2025-12-19 08:00:00',25.00,96.00,'无需特别关注','PENDING',NULL,NULL,NULL,NULL,'内存预测服务','Prophet','2025-12-12 09:34:27','2025-12-12 09:34:27',0),(14,'存储增长正常','预测存储使用率正常增长','LOW','PREDICTION',3,'storage-01',3,'存储设备','disk_usage',78.0000,82.0000,90.0000,7,'2025-12-19 12:00:00',28.00,95.00,'增长速度在预期范围内','PENDING',NULL,NULL,NULL,NULL,'存储预测服务','ARIMA','2025-12-12 09:34:27','2025-12-12 09:34:27',0),(15,'网络流量正常','预测网络流量保持正常水平','LOW','PREDICTION',4,'router-01',2,'网络设备','traffic',45.0000,55.0000,80.0000,3,'2025-12-15 16:00:00',20.00,93.00,'流量在正常范围','RESOLVED',NULL,NULL,NULL,NULL,'网络预测服务','LSTM','2025-12-12 09:34:27','2025-12-12 09:34:27',0),(16,'系统负载稳定','预测系统负载保持稳定','LOW','PREDICTION',1,'web-server-01',1,'服务器','load_average',2.5000,3.2000,4.0000,4,'2025-12-16 14:00:00',22.00,91.00,'负载在可接受范围','PENDING',NULL,NULL,NULL,NULL,'系统预测服务','XGBoost','2025-12-12 09:34:27','2025-12-12 09:34:27',0);
/*!40000 ALTER TABLE `prediction_alert` ENABLE KEYS */;
UNLOCK TABLES;

--
-- Table structure for table `prediction_model_device`
--

DROP TABLE IF EXISTS `prediction_model_device`;
/*!40101 SET @saved_cs_client     = @@character_set_client */;
/*!50503 SET character_set_client = utf8mb4 */;
CREATE TABLE `prediction_model_device` (
  `id` bigint NOT NULL AUTO_INCREMENT,
  `service_id` bigint NOT NULL,
  `device_id` bigint DEFAULT NULL,
  `category_id` bigint DEFAULT NULL,
  `monitoring_type` varchar(50) DEFAULT NULL,
  `monitoring_metric` varchar(100) DEFAULT NULL,
  `status` int DEFAULT '1',
  `last_train_time` datetime DEFAULT NULL,
  `train_status` varchar(20) DEFAULT NULL,
  `notes` text,
  `create_time` datetime DEFAULT CURRENT_TIMESTAMP,
  `update_time` datetime DEFAULT CURRENT_TIMESTAMP ON UPDATE CURRENT_TIMESTAMP,
  `deleted` int DEFAULT '0',
  PRIMARY KEY (`id`)
) ENGINE=InnoDB AUTO_INCREMENT=18 DEFAULT CHARSET=utf8mb4 COLLATE=utf8mb4_0900_ai_ci;
/*!40101 SET character_set_client = @saved_cs_client */;

--
-- Dumping data for table `prediction_model_device`
--

LOCK TABLES `prediction_model_device` WRITE;
/*!40000 ALTER TABLE `prediction_model_device` DISABLE KEYS */;
INSERT INTO `prediction_model_device` VALUES (1,1,1,5,'performance','CPU使用率监控',1,'2025-11-29 17:31:29','success','Web服务器-01 CPU监控','2025-11-29 17:26:49','2025-11-29 18:29:53',1),(2,1,1,5,'performance','内存使用率监控',1,'2025-11-29 15:26:49','completed','Web服务器-01 内存监控','2025-11-29 17:26:49','2025-11-29 18:29:53',1),(3,1,2,5,'performance','CPU使用率监控',1,'2025-11-29 15:26:49','completed','数据库服务器-01 CPU监控','2025-11-29 17:26:49','2025-11-29 18:29:53',1),(4,1,3,5,'performance','磁盘使用率监控',1,'2025-11-29 15:26:49','completed','应用服务器-01 磁盘监控','2025-11-29 17:26:49','2025-11-29 18:29:53',1),(5,2,10,2,'fault','packet_loss',1,'2025-11-28 17:26:49','completed','核心交换机故障监控','2025-11-29 17:26:49','2025-11-29 17:26:49',0),(6,2,11,2,'fault','port_error',1,'2025-11-28 17:26:49','completed','接入交换机故障监控','2025-11-29 17:26:49','2025-11-29 17:26:49',0),(7,2,12,2,'fault','link_status',1,'2025-11-29 16:26:49','training','路由器链路监控','2025-11-29 17:26:49','2025-11-29 17:26:49',0),(8,3,20,3,'capacity','storage_usage',1,'2025-11-26 17:26:49','completed','主存储容量监控','2025-11-29 17:26:49','2025-11-29 17:26:49',0),(9,3,21,3,'capacity','iops',1,'2025-11-26 17:26:49','completed','备份存储IOPS监控','2025-11-29 17:26:49','2025-11-29 17:26:49',0),(10,5,30,4,'health','stream_quality',1,'2025-12-11 11:01:18','success','视频服务器流媒体质量','2025-11-29 17:26:49','2025-12-11 11:01:18',0),(11,5,31,4,'health','camera_status',1,'2025-12-11 11:01:18','success','摄像头状态监控','2025-11-29 17:26:49','2025-12-11 11:01:18',0),(12,5,32,4,'health','recording_status',1,'2025-12-11 11:01:18','success','录像机状态监控','2025-11-29 17:26:49','2025-12-11 11:01:18',0),(13,1,25,5,'performance','CPU使用率监控',1,'2025-12-10 10:00:55','success',NULL,'2025-11-29 18:29:53','2025-12-10 10:00:55',0),(14,1,25,5,'performance','内存使用率监控',1,'2025-12-08 10:00:53','success',NULL,'2025-11-29 18:29:53','2025-12-08 10:00:53',0),(15,1,26,5,'performance','CPU使用率监控',1,'2025-12-08 10:00:53','success',NULL,'2025-11-29 18:29:53','2025-12-08 10:00:53',0),(16,1,27,5,'performance','磁盘使用率监控',1,'2025-12-08 10:00:53','success',NULL,'2025-11-29 18:29:53','2025-12-08 10:00:53',0);
/*!40000 ALTER TABLE `prediction_model_device` ENABLE KEYS */;
UNLOCK TABLES;

--
-- Table structure for table `prediction_model_service`
--

DROP TABLE IF EXISTS `prediction_model_service`;
/*!40101 SET @saved_cs_client     = @@character_set_client */;
/*!50503 SET character_set_client = utf8mb4 */;
CREATE TABLE `prediction_model_service` (
  `id` bigint NOT NULL AUTO_INCREMENT,
  `service_name` varchar(100) NOT NULL,
  `service_code` varchar(50) DEFAULT NULL,
  `algorithm_type` varchar(50) DEFAULT NULL,
  `status` int DEFAULT '1',
  `update_cycle` int DEFAULT NULL,
  `auto_prediction` int DEFAULT '0',
  `prediction_cycle` int DEFAULT NULL,
  `prediction_duration` int DEFAULT NULL,
  `notes` text,
  `last_train_time` datetime DEFAULT NULL,
  `last_prediction_time` datetime DEFAULT NULL,
  `train_count` int DEFAULT '0',
  `prediction_count` int DEFAULT '0',
  `accuracy_rate` decimal(5,2) DEFAULT NULL,
  `create_time` datetime DEFAULT CURRENT_TIMESTAMP,
  `update_time` datetime DEFAULT CURRENT_TIMESTAMP ON UPDATE CURRENT_TIMESTAMP,
  `deleted` int DEFAULT '0',
  PRIMARY KEY (`id`),
  UNIQUE KEY `service_code` (`service_code`)
) ENGINE=InnoDB AUTO_INCREMENT=7 DEFAULT CHARSET=utf8mb4 COLLATE=utf8mb4_0900_ai_ci;
/*!40101 SET character_set_client = @saved_cs_client */;

--
-- Dumping data for table `prediction_model_service`
--

LOCK TABLES `prediction_model_service` WRITE;
/*!40000 ALTER TABLE `prediction_model_service` DISABLE KEYS */;
INSERT INTO `prediction_model_service` VALUES (1,'服务器性能预测模型','SRV_PERF_001','KNN',1,7,1,1,1,'KNN多变量时间序列预测，用于服务器CPU、内存等指标预测','2025-12-08 10:00:53','2025-11-29 16:56:35',2,1248,87.62,'2025-11-29 17:26:35','2025-12-08 10:00:53',0),(2,'网络设备故障预测','NET_FAULT_001','Prophet',1,14,1,3,7,'Prophet时间序列预测，专用于网络设备故障提前预警','2025-11-28 17:26:35','2025-11-29 16:26:35',89,534,88.72,'2025-11-29 17:26:35','2025-11-29 17:26:35',0),(3,'存储容量预测服务','STORAGE_CAP_001','LSTM',1,30,1,7,30,'LSTM深度学习预测，预测存储设备容量使用趋势','2025-11-26 17:26:35','2025-11-29 15:26:35',45,312,94.18,'2025-11-29 17:26:35','2025-11-29 17:26:35',0),(4,'数据库性能分析','DB_PERF_001','ARIMA',0,7,0,1,3,'ARIMA统计预测，暂停使用中','2025-11-22 17:26:35','2025-11-24 17:26:35',23,156,85.50,'2025-11-29 17:26:35','2025-11-29 17:26:35',0),(5,'视频设备监控预测','VIDEO_MON_001','XGBoost',1,3,1,1,1,'XGBoost机器学习预测，实时监控视频设备状态','2025-12-11 11:01:18','2025-11-29 17:11:35',3,2156,90.84,'2025-11-29 17:26:35','2025-12-11 11:01:18',0),(6,'test','KNN_DEV_20251210_J5IU','KNN',1,7,1,1,1,'test',NULL,NULL,0,0,NULL,'2025-12-10 10:02:43','2025-12-10 10:02:46',1);
/*!40000 ALTER TABLE `prediction_model_service` ENABLE KEYS */;
UNLOCK TABLES;

--
-- Table structure for table `prediction_report`
--

DROP TABLE IF EXISTS `prediction_report`;
/*!40101 SET @saved_cs_client     = @@character_set_client */;
/*!50503 SET character_set_client = utf8mb4 */;
CREATE TABLE `prediction_report` (
  `id` bigint NOT NULL AUTO_INCREMENT,
  `category_id` bigint DEFAULT NULL,
  `category_name` varchar(100) DEFAULT NULL,
  `category_type` varchar(50) DEFAULT NULL,
  `predict_days` int DEFAULT NULL,
  `predict_date` date DEFAULT NULL,
  `total_devices` int DEFAULT NULL,
  `normal_devices` int DEFAULT NULL,
  `warning_devices` int DEFAULT NULL,
  `risk_devices` int DEFAULT NULL,
  `predicted_failures` int DEFAULT NULL,
  `failure_probability` decimal(5,2) DEFAULT NULL,
  `confidence_level` decimal(5,2) DEFAULT NULL,
  `avg_cpu_usage` decimal(5,2) DEFAULT NULL,
  `avg_memory_usage` decimal(5,2) DEFAULT NULL,
  `avg_disk_usage` decimal(5,2) DEFAULT NULL,
  `avg_network_traffic` decimal(10,2) DEFAULT NULL,
  `health_score` int DEFAULT NULL,
  `health_status` varchar(20) DEFAULT NULL,
  `trend` varchar(20) DEFAULT NULL,
  `trend_description` text,
  `risk_level` varchar(20) DEFAULT NULL,
  `risk_factors` text,
  `recommendations` text,
  `detailed_report` longtext,
  `report_summary` text,
  `created_at` datetime DEFAULT CURRENT_TIMESTAMP,
  `updated_at` datetime DEFAULT CURRENT_TIMESTAMP ON UPDATE CURRENT_TIMESTAMP,
  `generated_by` varchar(50) DEFAULT NULL,
  PRIMARY KEY (`id`)
) ENGINE=InnoDB AUTO_INCREMENT=10 DEFAULT CHARSET=utf8mb4 COLLATE=utf8mb4_0900_ai_ci;
/*!40101 SET character_set_client = @saved_cs_client */;

--
-- Dumping data for table `prediction_report`
--

LOCK TABLES `prediction_report` WRITE;
/*!40000 ALTER TABLE `prediction_report` DISABLE KEYS */;
INSERT INTO `prediction_report` VALUES (1,1,'服务器','server',7,'2025-11-29',6,4,1,1,1,15.50,92.50,55.30,62.40,45.20,1024.50,85,'healthy','stable','服务器整体运行稳定，CPU和内存使用率正常','low','部分服务器磁盘使用率偏高','建议定期清理磁盘空间，监控高负载服务器',NULL,'服务器集群整体健康状况良好，6台设备中4台运行正常，1台预警，1台需关注。平均健康评分85分。','2025-11-29 18:33:44','2025-11-29 18:33:44','system'),(2,2,'网络设备','network',7,'2025-11-29',5,4,1,0,0,8.20,95.00,25.60,30.20,NULL,5120.80,92,'healthy','stable','网络设备运行稳定，带宽利用率正常','low','核心交换机流量较高','建议优化网络拓扑，分散流量压力',NULL,'网络设备整体健康状况优秀，5台设备中4台运行正常，1台轻微预警。平均健康评分92分。','2025-11-29 18:33:44','2025-11-29 18:33:44','system'),(3,3,'存储设备','storage',7,'2025-11-29',4,3,1,0,0,12.00,90.50,15.30,20.10,72.50,2048.00,88,'healthy','rising','存储设备容量使用率上升，需要关注','medium','存储容量使用率持续增长','建议规划存储扩容，清理无用数据',NULL,'存储设备健康状况良好，4台设备中3台正常，1台需关注容量。平均健康评分88分。','2025-11-29 18:33:44','2025-11-29 18:33:44','system'),(4,5,'Web服务器','server',7,'2025-11-29',2,1,1,0,0,18.50,88.00,65.20,70.30,55.60,512.30,82,'healthy','stable','Web服务器负载正常，响应时间稳定','low','高峰期CPU使用率偏高','建议增加缓存配置，优化数据库查询',NULL,'Web服务器运行状态良好，2台设备中1台正常，1台轻微预警。','2025-11-29 18:33:44','2025-11-29 18:33:44','system'),(5,8,'交换机','network',7,'2025-11-29',2,2,0,0,0,5.00,96.50,20.10,25.30,NULL,3072.50,95,'healthy','stable','交换机运行稳定，端口利用率正常','low',NULL,'设备运行正常，继续保持监控',NULL,'交换机设备健康状况优秀，2台设备全部正常运行。','2025-11-29 18:33:44','2025-11-29 18:33:44','system'),(6,1,'服务器','server',1,'2025-11-29',8,6,1,1,1,15.50,92.50,55.30,62.40,45.20,NULL,85,'healthy','stable','服务器整体运行稳定','low',NULL,NULL,NULL,NULL,'2025-11-29 19:29:43','2025-11-29 19:29:43','system'),(7,2,'网络设备','network',1,'2025-11-29',9,7,2,0,0,8.20,95.00,25.60,30.20,NULL,NULL,92,'healthy','stable','网络设备运行稳定','low',NULL,NULL,NULL,NULL,'2025-11-29 19:29:43','2025-11-29 19:29:43','system'),(8,3,'存储设备','storage',1,'2025-11-29',4,3,1,0,0,12.00,90.50,15.30,20.10,72.50,NULL,88,'healthy','rising','存储容量使用率上升','medium',NULL,NULL,NULL,NULL,'2025-11-29 19:29:43','2025-11-29 19:29:43','system'),(9,4,'视频管理','video',1,'2025-11-29',9,8,1,0,0,6.50,93.00,30.20,45.10,50.30,NULL,90,'healthy','stable','视频设备运行稳定','low',NULL,NULL,NULL,NULL,'2025-11-29 19:29:43','2025-11-29 19:29:43','system');
/*!40000 ALTER TABLE `prediction_report` ENABLE KEYS */;
UNLOCK TABLES;

--
-- Table structure for table `prediction_report_enhanced`
--

DROP TABLE IF EXISTS `prediction_report_enhanced`;
/*!40101 SET @saved_cs_client     = @@character_set_client */;
/*!50503 SET character_set_client = utf8mb4 */;
CREATE TABLE `prediction_report_enhanced` (
  `id` bigint NOT NULL AUTO_INCREMENT,
  `service_id` bigint DEFAULT NULL,
  `device_id` bigint DEFAULT NULL,
  `report_type` varchar(50) DEFAULT NULL,
  `report_period` varchar(20) DEFAULT NULL,
  `report_title` varchar(200) DEFAULT NULL,
  `total_predictions` int DEFAULT NULL,
  `anomaly_count` int DEFAULT NULL,
  `accuracy_rate` decimal(5,4) DEFAULT NULL,
  `health_score` decimal(5,4) DEFAULT NULL,
  `critical_alerts` int DEFAULT NULL,
  `warning_alerts` int DEFAULT NULL,
  `info_alerts` int DEFAULT NULL,
  `trend_direction` varchar(20) DEFAULT NULL,
  `trend_confidence` decimal(5,4) DEFAULT NULL,
  `summary` text,
  `key_findings` text,
  `recommendations` text,
  `detailed_analysis` longtext,
  `period_start` datetime DEFAULT NULL,
  `period_end` datetime DEFAULT NULL,
  `report_time` datetime DEFAULT NULL,
  `generated_by` varchar(50) DEFAULT NULL,
  `template_version` varchar(20) DEFAULT NULL,
  `create_time` datetime DEFAULT CURRENT_TIMESTAMP,
  `update_time` datetime DEFAULT CURRENT_TIMESTAMP ON UPDATE CURRENT_TIMESTAMP,
  `deleted` int DEFAULT '0',
  PRIMARY KEY (`id`)
) ENGINE=InnoDB AUTO_INCREMENT=5 DEFAULT CHARSET=utf8mb4 COLLATE=utf8mb4_0900_ai_ci;
/*!40101 SET character_set_client = @saved_cs_client */;

--
-- Dumping data for table `prediction_report_enhanced`
--

LOCK TABLES `prediction_report_enhanced` WRITE;
/*!40000 ALTER TABLE `prediction_report_enhanced` DISABLE KEYS */;
INSERT INTO `prediction_report_enhanced` VALUES (1,30,NULL,'HEALTH','DAILY','服务30周度健康度报告',0,0,0.0000,0.6000,0,0,0,NULL,NULL,'设备健康度评分为 60.0 分，处于较差状态。在2025-11-29 至 2025-11-30内，共进行了 0 次预测，其中 0 次检测到异常，预测准确率为 0.0%。共产生 0 条告警，其中严重告警 0 条，警告告警 0 条。','[\"设备健康度较差，需要立即关注和处理\",\"预测准确率偏低，建议重新训练模型或调整参数\",\"统计周期内无告警产生，系统运行平稳\",\"预测置信度偏低，建议检查模型训练质量\"]','[\"设备健康度较差，建议加强监控频率\",\"制定设备维护计划，定期检查关键指标\",\"重新训练预测模型，增加训练数据量\",\"调整模型参数，优化预测算法\",\"检查数据质量，清理异常数据\",\"定期备份设备配置，确保快速恢复\",\"建立设备性能基线，便于异常对比\"]','## 详细分析报告\n\n### 健康度评分分析\n当前健康度评分：60.0分 (较差)\n设备健康度较低，建议：1. 重新训练预测模型，提高准确率；4. 加强设备监控和维护。\n\n### 预测性能分析\n统计周期内无预测数据。\n\n### 告警情况分析\n统计周期内无告警产生，系统运行平稳。\n\n### 趋势分析\n基于当前数据，建议持续关注以下指标的变化趋势：\n- 预测准确率变化\n- 异常检测频率\n- 告警产生模式\n- 设备性能指标\n','2025-11-29 00:00:00','2025-11-30 00:00:00','2025-11-30 02:00:00','SYSTEM','v1.0','2025-11-30 02:00:00','2025-11-30 02:00:00',0),(2,31,NULL,'HEALTH','DAILY','服务31周度健康度报告',0,0,0.0000,0.6000,0,0,0,NULL,NULL,'设备健康度评分为 60.0 分，处于较差状态。在2025-11-29 至 2025-11-30内，共进行了 0 次预测，其中 0 次检测到异常，预测准确率为 0.0%。共产生 0 条告警，其中严重告警 0 条，警告告警 0 条。','[\"设备健康度较差，需要立即关注和处理\",\"预测准确率偏低，建议重新训练模型或调整参数\",\"统计周期内无告警产生，系统运行平稳\",\"预测置信度偏低，建议检查模型训练质量\"]','[\"设备健康度较差，建议加强监控频率\",\"制定设备维护计划，定期检查关键指标\",\"重新训练预测模型，增加训练数据量\",\"调整模型参数，优化预测算法\",\"检查数据质量，清理异常数据\",\"定期备份设备配置，确保快速恢复\",\"建立设备性能基线，便于异常对比\"]','## 详细分析报告\n\n### 健康度评分分析\n当前健康度评分：60.0分 (较差)\n设备健康度较低，建议：1. 重新训练预测模型，提高准确率；4. 加强设备监控和维护。\n\n### 预测性能分析\n统计周期内无预测数据。\n\n### 告警情况分析\n统计周期内无告警产生，系统运行平稳。\n\n### 趋势分析\n基于当前数据，建议持续关注以下指标的变化趋势：\n- 预测准确率变化\n- 异常检测频率\n- 告警产生模式\n- 设备性能指标\n','2025-11-29 00:00:00','2025-11-30 00:00:00','2025-11-30 02:00:00','SYSTEM','v1.0','2025-11-30 02:00:00','2025-11-30 02:00:00',0),(3,32,NULL,'HEALTH','DAILY','服务32周度健康度报告',0,0,0.0000,0.6000,0,0,0,NULL,NULL,'设备健康度评分为 60.0 分，处于较差状态。在2025-11-29 至 2025-11-30内，共进行了 0 次预测，其中 0 次检测到异常，预测准确率为 0.0%。共产生 0 条告警，其中严重告警 0 条，警告告警 0 条。','[\"设备健康度较差，需要立即关注和处理\",\"预测准确率偏低，建议重新训练模型或调整参数\",\"统计周期内无告警产生，系统运行平稳\",\"预测置信度偏低，建议检查模型训练质量\"]','[\"设备健康度较差，建议加强监控频率\",\"制定设备维护计划，定期检查关键指标\",\"重新训练预测模型，增加训练数据量\",\"调整模型参数，优化预测算法\",\"检查数据质量，清理异常数据\",\"定期备份设备配置，确保快速恢复\",\"建立设备性能基线，便于异常对比\"]','## 详细分析报告\n\n### 健康度评分分析\n当前健康度评分：60.0分 (较差)\n设备健康度较低，建议：1. 重新训练预测模型，提高准确率；4. 加强设备监控和维护。\n\n### 预测性能分析\n统计周期内无预测数据。\n\n### 告警情况分析\n统计周期内无告警产生，系统运行平稳。\n\n### 趋势分析\n基于当前数据，建议持续关注以下指标的变化趋势：\n- 预测准确率变化\n- 异常检测频率\n- 告警产生模式\n- 设备性能指标\n','2025-11-29 00:00:00','2025-11-30 00:00:00','2025-11-30 02:00:00','SYSTEM','v1.0','2025-11-30 02:00:00','2025-11-30 02:00:00',0),(4,30,28,'HEALTH','DAILY','设备28周度健康度报告',0,0,0.0000,0.6000,0,0,0,NULL,NULL,'设备健康度评分为 60.0 分，处于较差状态。在2025-12-11 至 2025-12-12内，共进行了 0 次预测，其中 0 次检测到异常，预测准确率为 0.0%。共产生 0 条告警，其中严重告警 0 条，警告告警 0 条。','[\"设备健康度较差，需要立即关注和处理\",\"预测准确率偏低，建议重新训练模型或调整参数\",\"统计周期内无告警产生，系统运行平稳\",\"预测置信度偏低，建议检查模型训练质量\"]','[\"设备健康度较差，建议加强监控频率\",\"制定设备维护计划，定期检查关键指标\",\"重新训练预测模型，增加训练数据量\",\"调整模型参数，优化预测算法\",\"检查数据质量，清理异常数据\",\"定期备份设备配置，确保快速恢复\",\"建立设备性能基线，便于异常对比\"]','## 详细分析报告\n\n### 健康度评分分析\n当前健康度评分：60.0分 (较差)\n设备健康度较低，建议：1. 重新训练预测模型，提高准确率；4. 加强设备监控和维护。\n\n### 预测性能分析\n统计周期内无预测数据。\n\n### 告警情况分析\n统计周期内无告警产生，系统运行平稳。\n\n### 趋势分析\n基于当前数据，建议持续关注以下指标的变化趋势：\n- 预测准确率变化\n- 异常检测频率\n- 告警产生模式\n- 设备性能指标\n','2025-12-11 09:14:53','2025-12-12 09:14:53','2025-12-12 09:14:53','SYSTEM','v1.0','2025-12-12 09:14:53','2025-12-12 09:14:53',0);
/*!40000 ALTER TABLE `prediction_report_enhanced` ENABLE KEYS */;
UNLOCK TABLES;

--
-- Table structure for table `prediction_result`
--

DROP TABLE IF EXISTS `prediction_result`;
/*!40101 SET @saved_cs_client     = @@character_set_client */;
/*!50503 SET character_set_client = utf8mb4 */;
CREATE TABLE `prediction_result` (
  `id` bigint NOT NULL AUTO_INCREMENT,
  `service_id` bigint DEFAULT NULL,
  `device_id` bigint DEFAULT NULL,
  `model_id` bigint DEFAULT NULL,
  `category_id` bigint DEFAULT NULL,
  `metric_name` varchar(50) DEFAULT NULL,
  `algorithm_type` varchar(50) DEFAULT NULL,
  `predicted_value` decimal(20,4) DEFAULT NULL,
  `actual_value` decimal(20,4) DEFAULT NULL,
  `is_anomalous` int DEFAULT '0',
  `confidence` decimal(5,4) DEFAULT NULL,
  `accuracy` decimal(5,2) DEFAULT NULL COMMENT '预测准确度百分比',
  `prediction_time` datetime DEFAULT NULL,
  `prediction_for_time` datetime DEFAULT NULL,
  `model_version` varchar(50) DEFAULT NULL,
  `create_time` datetime DEFAULT CURRENT_TIMESTAMP,
  `update_time` datetime DEFAULT CURRENT_TIMESTAMP ON UPDATE CURRENT_TIMESTAMP,
  PRIMARY KEY (`id`)
) ENGINE=InnoDB AUTO_INCREMENT=877 DEFAULT CHARSET=utf8mb4 COLLATE=utf8mb4_0900_ai_ci;
/*!40101 SET character_set_client = @saved_cs_client */;

--
-- Dumping data for table `prediction_result`
--

LOCK TABLES `prediction_result` WRITE;
/*!40000 ALTER TABLE `prediction_result` DISABLE KEYS */;
INSERT INTO `prediction_result` VALUES (1,1,1,1,NULL,NULL,'KNN',87.6600,NULL,1,0.9482,NULL,'2025-11-29 17:57:01',NULL,NULL,'2025-11-29 17:57:01','2025-11-29 17:57:00'),(2,1,1,1,NULL,NULL,'KNN',45.1100,NULL,0,0.9306,NULL,'2025-11-29 18:07:00',NULL,NULL,'2025-11-29 18:07:00','2025-11-29 18:07:00'),(3,1,1,1,NULL,NULL,'KNN',31.7200,NULL,0,0.9500,NULL,'2025-11-29 18:15:00',NULL,NULL,'2025-11-29 18:15:00','2025-11-29 18:15:00'),(4,1,1,1,NULL,'cpu','KNN',65.5000,63.2000,0,0.9200,96.37,'2025-11-25 09:54:30','2025-11-26 09:54:30',NULL,'2025-12-02 09:54:30','2025-12-02 09:54:30'),(5,1,1,1,NULL,'cpu','LSTM',68.2000,70.1000,0,0.9400,97.29,'2025-11-25 09:54:30','2025-11-26 09:54:30',NULL,'2025-12-02 09:54:30','2025-12-02 09:54:30'),(6,1,1,1,NULL,'cpu','Prophet',62.8000,65.5000,0,0.8900,95.88,'2025-11-25 09:54:30','2025-11-26 09:54:30',NULL,'2025-12-02 09:54:30','2025-12-02 09:54:30'),(7,1,1,1,NULL,'cpu','XGBoost',66.1000,63.8000,0,0.9100,96.40,'2025-11-25 09:54:30','2025-11-26 09:54:30',NULL,'2025-12-02 09:54:30','2025-12-02 09:54:30'),(8,1,1,1,NULL,'cpu','ARIMA',64.3000,68.2000,0,0.8500,94.28,'2025-11-25 09:54:30','2025-11-26 09:54:30',NULL,'2025-12-02 09:54:30','2025-12-02 09:54:30'),(9,1,1,1,NULL,'cpu','KNN',72.1000,74.5000,0,0.9300,96.78,'2025-11-26 09:54:30','2025-11-27 09:54:30',NULL,'2025-12-02 09:54:30','2025-12-02 09:54:30'),(10,1,1,1,NULL,'cpu','LSTM',75.8000,73.2000,0,0.9500,96.45,'2025-11-26 09:54:30','2025-11-27 09:54:30',NULL,'2025-12-02 09:54:30','2025-12-02 09:54:30'),(11,1,1,1,NULL,'cpu','Prophet',70.5000,72.8000,0,0.8800,96.84,'2025-11-26 09:54:30','2025-11-27 09:54:30',NULL,'2025-12-02 09:54:30','2025-12-02 09:54:30'),(12,1,1,1,NULL,'cpu','XGBoost',73.2000,74.1000,0,0.9200,98.79,'2025-11-26 09:54:30','2025-11-27 09:54:30',NULL,'2025-12-02 09:54:30','2025-12-02 09:54:30'),(13,1,1,1,NULL,'cpu','ARIMA',71.8000,75.6000,0,0.8400,94.97,'2025-11-26 09:54:30','2025-11-27 09:54:30',NULL,'2025-12-02 09:54:30','2025-12-02 09:54:30'),(14,1,1,1,NULL,'cpu','KNN',58.3000,56.8000,0,0.9400,97.36,'2025-11-27 09:54:30','2025-11-28 09:54:30',NULL,'2025-12-02 09:54:30','2025-12-02 09:54:30'),(15,1,1,1,NULL,'cpu','LSTM',55.6000,58.1000,0,0.9600,95.69,'2025-11-27 09:54:30','2025-11-28 09:54:30',NULL,'2025-12-02 09:54:30','2025-12-02 09:54:30'),(16,1,1,1,NULL,'cpu','Prophet',59.2000,57.4000,0,0.8700,96.86,'2025-11-27 09:54:30','2025-11-28 09:54:30',NULL,'2025-12-02 09:54:30','2025-12-02 09:54:30'),(17,1,1,1,NULL,'cpu','XGBoost',57.8000,56.2000,0,0.9300,97.15,'2025-11-27 09:54:30','2025-11-28 09:54:30',NULL,'2025-12-02 09:54:30','2025-12-02 09:54:30'),(18,1,1,1,NULL,'cpu','ARIMA',60.1000,55.8000,0,0.8200,92.29,'2025-11-27 09:54:30','2025-11-28 09:54:30',NULL,'2025-12-02 09:54:30','2025-12-02 09:54:30'),(19,1,1,1,NULL,'cpu','KNN',82.5000,80.1000,0,0.9100,97.00,'2025-11-28 09:54:30','2025-11-29 09:54:30',NULL,'2025-12-02 09:54:30','2025-12-02 09:54:30'),(20,1,1,1,NULL,'cpu','LSTM',78.2000,81.5000,0,0.9300,95.95,'2025-11-28 09:54:30','2025-11-29 09:54:30',NULL,'2025-12-02 09:54:30','2025-12-02 09:54:30'),(21,1,1,1,NULL,'cpu','Prophet',80.8000,79.2000,0,0.8600,97.98,'2025-11-28 09:54:30','2025-11-29 09:54:30',NULL,'2025-12-02 09:54:30','2025-12-02 09:54:30'),(22,1,1,1,NULL,'cpu','XGBoost',81.1000,80.5000,0,0.9400,99.26,'2025-11-28 09:54:30','2025-11-29 09:54:30',NULL,'2025-12-02 09:54:30','2025-12-02 09:54:30'),(23,1,1,1,NULL,'cpu','ARIMA',79.5000,82.3000,0,0.8300,96.60,'2025-11-28 09:54:30','2025-11-29 09:54:30',NULL,'2025-12-02 09:54:30','2025-12-02 09:54:30'),(24,1,1,1,NULL,'cpu','KNN',68.3000,70.2000,0,0.9200,97.29,'2025-11-29 09:55:00','2025-11-30 09:55:00',NULL,'2025-12-02 09:55:00','2025-12-02 09:55:00'),(25,1,1,1,NULL,'cpu','LSTM',71.5000,69.8000,0,0.9500,97.56,'2025-11-29 09:55:00','2025-11-30 09:55:00',NULL,'2025-12-02 09:55:00','2025-12-02 09:55:00'),(26,1,1,1,NULL,'cpu','Prophet',67.8000,71.1000,0,0.8600,95.35,'2025-11-29 09:55:00','2025-11-30 09:55:00',NULL,'2025-12-02 09:55:00','2025-12-02 09:55:00'),(27,1,1,1,NULL,'cpu','XGBoost',70.2000,70.0000,0,0.9300,99.71,'2025-11-29 09:55:00','2025-11-30 09:55:00',NULL,'2025-12-02 09:55:00','2025-12-02 09:55:00'),(28,1,1,1,NULL,'cpu','ARIMA',69.1000,72.5000,0,0.8100,95.31,'2025-11-29 09:55:00','2025-11-30 09:55:00',NULL,'2025-12-02 09:55:00','2025-12-02 09:55:00'),(29,1,1,1,NULL,'cpu','KNN',55.2000,53.8000,0,0.9300,97.40,'2025-11-30 09:55:00','2025-12-01 09:55:00',NULL,'2025-12-02 09:55:00','2025-12-02 09:55:00'),(30,1,1,1,NULL,'cpu','LSTM',52.8000,54.5000,0,0.9600,96.88,'2025-11-30 09:55:00','2025-12-01 09:55:00',NULL,'2025-12-02 09:55:00','2025-12-02 09:55:00'),(31,1,1,1,NULL,'cpu','Prophet',54.5000,53.2000,0,0.8800,97.56,'2025-11-30 09:55:00','2025-12-01 09:55:00',NULL,'2025-12-02 09:55:00','2025-12-02 09:55:00'),(32,1,1,1,NULL,'cpu','XGBoost',53.1000,54.0000,0,0.9400,98.33,'2025-11-30 09:55:00','2025-12-01 09:55:00',NULL,'2025-12-02 09:55:00','2025-12-02 09:55:00'),(33,1,1,1,NULL,'cpu','ARIMA',56.3000,52.8000,0,0.8000,93.37,'2025-11-30 09:55:00','2025-12-01 09:55:00',NULL,'2025-12-02 09:55:00','2025-12-02 09:55:00'),(34,1,1,1,NULL,'cpu','KNN',62.8000,64.1000,0,0.9400,97.97,'2025-12-01 09:55:00','2025-12-02 09:55:00',NULL,'2025-12-02 09:55:00','2025-12-02 09:55:00'),(35,1,1,1,NULL,'cpu','LSTM',65.2000,63.5000,0,0.9700,97.32,'2025-12-01 09:55:00','2025-12-02 09:55:00',NULL,'2025-12-02 09:55:00','2025-12-02 09:55:00'),(36,1,1,1,NULL,'cpu','Prophet',61.5000,64.8000,0,0.8700,94.91,'2025-12-01 09:55:00','2025-12-02 09:55:00',NULL,'2025-12-02 09:55:00','2025-12-02 09:55:00'),(37,1,1,1,NULL,'cpu','XGBoost',64.1000,63.8000,0,0.9500,99.53,'2025-12-01 09:55:00','2025-12-02 09:55:00',NULL,'2025-12-02 09:55:00','2025-12-02 09:55:00'),(38,1,1,1,NULL,'cpu','ARIMA',63.5000,65.2000,0,0.8200,97.39,'2025-12-01 09:55:00','2025-12-02 09:55:00',NULL,'2025-12-02 09:55:00','2025-12-02 09:55:00'),(39,1,1,1,NULL,'memory','KNN',72.3000,74.1000,0,0.9100,97.57,'2025-11-25 09:55:00','2025-11-26 09:55:00',NULL,'2025-12-02 09:55:00','2025-12-02 09:55:00'),(40,1,1,1,NULL,'memory','LSTM',75.5000,73.8000,0,0.9400,97.70,'2025-11-25 09:55:00','2025-11-26 09:55:00',NULL,'2025-12-02 09:55:00','2025-12-02 09:55:00'),(41,1,1,1,NULL,'memory','Prophet',71.8000,74.5000,0,0.8800,96.37,'2025-11-25 09:55:00','2025-11-26 09:55:00',NULL,'2025-12-02 09:55:00','2025-12-02 09:55:00'),(42,1,1,1,NULL,'memory','XGBoost',73.6000,74.2000,0,0.9200,99.19,'2025-11-25 09:55:00','2025-11-26 09:55:00',NULL,'2025-12-02 09:55:00','2025-12-02 09:55:00'),(43,1,1,1,NULL,'memory','ARIMA',74.2000,72.5000,0,0.8400,97.65,'2025-11-25 09:55:00','2025-11-26 09:55:00',NULL,'2025-12-02 09:55:00','2025-12-02 09:55:00'),(44,1,1,1,NULL,'memory','KNN',78.5000,76.8000,0,0.9200,97.79,'2025-11-26 09:55:31','2025-11-27 09:55:31',NULL,'2025-12-02 09:55:31','2025-12-02 09:55:31'),(45,1,1,1,NULL,'memory','LSTM',76.2000,77.5000,0,0.9500,98.32,'2025-11-26 09:55:31','2025-11-27 09:55:31',NULL,'2025-12-02 09:55:31','2025-12-02 09:55:31'),(46,1,1,1,NULL,'memory','Prophet',77.8000,76.2000,0,0.8700,97.90,'2025-11-26 09:55:31','2025-11-27 09:55:31',NULL,'2025-12-02 09:55:31','2025-12-02 09:55:31'),(47,1,1,1,NULL,'memory','XGBoost',76.9000,77.3000,0,0.9300,99.48,'2025-11-26 09:55:31','2025-11-27 09:55:31',NULL,'2025-12-02 09:55:31','2025-12-02 09:55:31'),(48,1,1,1,NULL,'memory','ARIMA',78.1000,75.8000,0,0.8300,96.96,'2025-11-26 09:55:31','2025-11-27 09:55:31',NULL,'2025-12-02 09:55:31','2025-12-02 09:55:31'),(49,1,1,1,NULL,'memory','KNN',68.8000,70.2000,0,0.9300,98.01,'2025-11-27 09:55:31','2025-11-28 09:55:31',NULL,'2025-12-02 09:55:31','2025-12-02 09:55:31'),(50,1,1,1,NULL,'memory','LSTM',71.3000,69.8000,0,0.9600,97.85,'2025-11-27 09:55:31','2025-11-28 09:55:31',NULL,'2025-12-02 09:55:31','2025-12-02 09:55:31'),(51,1,1,1,NULL,'memory','Prophet',69.5000,71.2000,0,0.8600,97.61,'2025-11-27 09:55:31','2025-11-28 09:55:31',NULL,'2025-12-02 09:55:31','2025-12-02 09:55:31'),(52,1,1,1,NULL,'memory','XGBoost',70.2000,70.0000,0,0.9400,99.71,'2025-11-27 09:55:31','2025-11-28 09:55:31',NULL,'2025-12-02 09:55:31','2025-12-02 09:55:31'),(53,1,1,1,NULL,'memory','ARIMA',71.8000,68.5000,0,0.8200,95.18,'2025-11-27 09:55:31','2025-11-28 09:55:31',NULL,'2025-12-02 09:55:31','2025-12-02 09:55:31'),(54,2,1,2,NULL,'network','KNN',45.2000,43.8000,0,0.9000,96.80,'2025-11-25 09:55:31','2025-11-26 09:55:31',NULL,'2025-12-02 09:55:31','2025-12-02 09:55:31'),(55,2,1,2,NULL,'network','LSTM',44.5000,45.8000,0,0.9300,97.16,'2025-11-25 09:55:31','2025-11-26 09:55:31',NULL,'2025-12-02 09:55:31','2025-12-02 09:55:31'),(56,2,1,2,NULL,'network','Prophet',43.8000,44.2000,0,0.8500,99.10,'2025-11-25 09:55:31','2025-11-26 09:55:31',NULL,'2025-12-02 09:55:31','2025-12-02 09:55:31'),(57,2,1,2,NULL,'network','XGBoost',44.9000,44.5000,0,0.9100,99.10,'2025-11-25 09:55:31','2025-11-26 09:55:31',NULL,'2025-12-02 09:55:31','2025-12-02 09:55:31'),(58,2,1,2,NULL,'network','ARIMA',45.5000,43.2000,0,0.8000,94.67,'2025-11-25 09:55:31','2025-11-26 09:55:31',NULL,'2025-12-02 09:55:31','2025-12-02 09:55:31'),(59,2,1,2,NULL,'network','KNN',52.3000,50.8000,0,0.9100,97.05,'2025-11-26 09:55:31','2025-11-27 09:55:31',NULL,'2025-12-02 09:55:31','2025-12-02 09:55:31'),(60,2,1,2,NULL,'network','LSTM',51.5000,52.1000,0,0.9400,98.85,'2025-11-26 09:55:31','2025-11-27 09:55:31',NULL,'2025-12-02 09:55:31','2025-12-02 09:55:31'),(61,2,1,2,NULL,'network','Prophet',50.8000,51.5000,0,0.8400,98.64,'2025-11-26 09:55:31','2025-11-27 09:55:31',NULL,'2025-12-02 09:55:31','2025-12-02 09:55:31'),(62,2,1,2,NULL,'network','XGBoost',51.2000,51.0000,0,0.9200,99.61,'2025-11-26 09:55:31','2025-11-27 09:55:31',NULL,'2025-12-02 09:55:31','2025-12-02 09:55:31'),(63,2,1,2,NULL,'network','ARIMA',52.8000,50.2000,0,0.7900,94.82,'2025-11-26 09:55:31','2025-11-27 09:55:31',NULL,'2025-12-02 09:55:31','2025-12-02 09:55:31'),(64,2,1,2,NULL,'network','KNN',48.2000,46.5000,0,0.9100,96.34,'2025-11-27 10:36:53','2025-11-28 10:36:53',NULL,'2025-12-02 10:36:53','2025-12-02 10:36:53'),(65,2,1,2,NULL,'network','LSTM',47.1000,48.2000,0,0.9400,97.72,'2025-11-27 10:36:53','2025-11-28 10:36:53',NULL,'2025-12-02 10:36:53','2025-12-02 10:36:53'),(66,2,1,2,NULL,'network','Prophet',46.5000,47.8000,0,0.8600,97.28,'2025-11-27 10:36:53','2025-11-28 10:36:53',NULL,'2025-12-02 10:36:53','2025-12-02 10:36:53'),(67,2,1,2,NULL,'network','XGBoost',47.8000,47.5000,0,0.9200,99.37,'2025-11-27 10:36:53','2025-11-28 10:36:53',NULL,'2025-12-02 10:36:53','2025-12-02 10:36:53'),(68,2,1,2,NULL,'network','ARIMA',49.1000,46.8000,0,0.8100,95.08,'2025-11-27 10:36:53','2025-11-28 10:36:53',NULL,'2025-12-02 10:36:53','2025-12-02 10:36:53'),(69,2,1,2,NULL,'network','KNN',55.8000,54.2000,0,0.9200,97.05,'2025-11-28 10:36:53','2025-11-29 10:36:53',NULL,'2025-12-02 10:36:53','2025-12-02 10:36:53'),(70,2,1,2,NULL,'network','LSTM',53.5000,55.1000,0,0.9500,97.10,'2025-11-28 10:36:53','2025-11-29 10:36:53',NULL,'2025-12-02 10:36:53','2025-12-02 10:36:53'),(71,2,1,2,NULL,'network','Prophet',54.8000,54.5000,0,0.8700,99.45,'2025-11-28 10:36:53','2025-11-29 10:36:53',NULL,'2025-12-02 10:36:53','2025-12-02 10:36:53'),(72,2,1,2,NULL,'network','XGBoost',54.2000,54.8000,0,0.9300,98.91,'2025-11-28 10:36:53','2025-11-29 10:36:53',NULL,'2025-12-02 10:36:53','2025-12-02 10:36:53'),(73,2,1,2,NULL,'network','ARIMA',56.5000,53.8000,0,0.8000,94.98,'2025-11-28 10:36:53','2025-11-29 10:36:53',NULL,'2025-12-02 10:36:53','2025-12-02 10:36:53'),(74,2,1,2,NULL,'network','KNN',42.3000,44.1000,0,0.9300,95.92,'2025-11-29 10:36:53','2025-11-30 10:36:53',NULL,'2025-12-02 10:36:53','2025-12-02 10:36:53'),(75,2,1,2,NULL,'network','LSTM',44.8000,43.5000,0,0.9600,97.01,'2025-11-29 10:36:53','2025-11-30 10:36:53',NULL,'2025-12-02 10:36:53','2025-12-02 10:36:53'),(76,2,1,2,NULL,'network','Prophet',43.2000,44.5000,0,0.8500,97.08,'2025-11-29 10:36:53','2025-11-30 10:36:53',NULL,'2025-12-02 10:36:53','2025-12-02 10:36:53'),(77,2,1,2,NULL,'network','XGBoost',44.1000,43.8000,0,0.9400,99.31,'2025-11-29 10:36:53','2025-11-30 10:36:53',NULL,'2025-12-02 10:36:53','2025-12-02 10:36:53'),(78,2,1,2,NULL,'network','ARIMA',45.2000,42.5000,0,0.7900,93.65,'2025-11-29 10:36:53','2025-11-30 10:36:53',NULL,'2025-12-02 10:36:53','2025-12-02 10:36:53'),(79,2,1,2,NULL,'network','KNN',58.5000,56.8000,0,0.9100,97.01,'2025-11-30 10:36:53','2025-12-01 10:36:53',NULL,'2025-12-02 10:36:53','2025-12-02 10:36:53'),(80,2,1,2,NULL,'network','LSTM',55.8000,57.2000,0,0.9500,97.55,'2025-11-30 10:36:53','2025-12-01 10:36:53',NULL,'2025-12-02 10:36:53','2025-12-02 10:36:53'),(81,2,1,2,NULL,'network','Prophet',57.2000,56.5000,0,0.8600,98.76,'2025-11-30 10:36:53','2025-12-01 10:36:53',NULL,'2025-12-02 10:36:53','2025-12-02 10:36:53'),(82,2,1,2,NULL,'network','XGBoost',56.5000,57.0000,0,0.9300,99.12,'2025-11-30 10:36:53','2025-12-01 10:36:53',NULL,'2025-12-02 10:36:53','2025-12-02 10:36:53'),(83,2,1,2,NULL,'network','ARIMA',59.1000,55.8000,0,0.7800,94.08,'2025-11-30 10:36:53','2025-12-01 10:36:53',NULL,'2025-12-02 10:36:53','2025-12-02 10:36:53'),(84,2,1,2,NULL,'network','KNN',50.2000,48.8000,0,0.9200,97.13,'2025-12-01 10:36:53','2025-12-02 10:36:53',NULL,'2025-12-02 10:36:53','2025-12-02 10:36:53'),(85,2,1,2,NULL,'network','LSTM',48.5000,49.8000,0,0.9600,97.39,'2025-12-01 10:36:53','2025-12-02 10:36:53',NULL,'2025-12-02 10:36:53','2025-12-02 10:36:53'),(86,2,1,2,NULL,'network','Prophet',49.8000,49.2000,0,0.8700,98.78,'2025-12-01 10:36:53','2025-12-02 10:36:53',NULL,'2025-12-02 10:36:53','2025-12-02 10:36:53'),(87,2,1,2,NULL,'network','XGBoost',49.1000,49.5000,0,0.9400,99.19,'2025-12-01 10:36:53','2025-12-02 10:36:53',NULL,'2025-12-02 10:36:53','2025-12-02 10:36:53'),(88,2,1,2,NULL,'network','ARIMA',51.2000,48.2000,0,0.7900,93.78,'2025-12-01 10:36:53','2025-12-02 10:36:53',NULL,'2025-12-02 10:36:53','2025-12-02 10:36:53'),(89,1,1,1,NULL,'memory','KNN',75.2000,73.8000,0,0.9200,98.10,'2025-11-28 10:37:23','2025-11-29 10:37:23',NULL,'2025-12-02 10:37:23','2025-12-02 10:37:23'),(90,1,1,1,NULL,'memory','LSTM',74.5000,76.1000,0,0.9500,97.90,'2025-11-28 10:37:23','2025-11-29 10:37:23',NULL,'2025-12-02 10:37:23','2025-12-02 10:37:23'),(91,1,1,1,NULL,'memory','Prophet',73.8000,75.2000,0,0.8600,98.14,'2025-11-28 10:37:23','2025-11-29 10:37:23',NULL,'2025-12-02 10:37:23','2025-12-02 10:37:23'),(92,1,1,1,NULL,'memory','XGBoost',74.1000,74.5000,0,0.9300,99.46,'2025-11-28 10:37:23','2025-11-29 10:37:23',NULL,'2025-12-02 10:37:23','2025-12-02 10:37:23'),(93,1,1,1,NULL,'memory','ARIMA',76.5000,73.2000,0,0.8200,95.49,'2025-11-28 10:37:23','2025-11-29 10:37:23',NULL,'2025-12-02 10:37:23','2025-12-02 10:37:23'),(94,1,1,1,NULL,'memory','KNN',82.3000,80.5000,0,0.9100,97.76,'2025-11-29 10:37:23','2025-11-30 10:37:23',NULL,'2025-12-02 10:37:23','2025-12-02 10:37:23'),(95,1,1,1,NULL,'memory','LSTM',79.8000,81.2000,0,0.9500,98.28,'2025-11-29 10:37:23','2025-11-30 10:37:23',NULL,'2025-12-02 10:37:23','2025-12-02 10:37:23'),(96,1,1,1,NULL,'memory','Prophet',80.5000,80.8000,0,0.8700,99.63,'2025-11-29 10:37:23','2025-11-30 10:37:23',NULL,'2025-12-02 10:37:23','2025-12-02 10:37:23'),(97,1,1,1,NULL,'memory','XGBoost',81.2000,80.2000,0,0.9400,98.75,'2025-11-29 10:37:23','2025-11-30 10:37:23',NULL,'2025-12-02 10:37:23','2025-12-02 10:37:23'),(98,1,1,1,NULL,'memory','ARIMA',83.1000,79.5000,0,0.8100,95.47,'2025-11-29 10:37:23','2025-11-30 10:37:23',NULL,'2025-12-02 10:37:23','2025-12-02 10:37:23'),(99,1,1,1,NULL,'memory','KNN',72.5000,74.2000,0,0.9300,97.71,'2025-11-30 10:37:23','2025-12-01 10:37:23',NULL,'2025-12-02 10:37:23','2025-12-02 10:37:23'),(100,1,1,1,NULL,'memory','LSTM',74.8000,73.5000,0,0.9600,98.23,'2025-11-30 10:37:23','2025-12-01 10:37:23',NULL,'2025-12-02 10:37:23','2025-12-02 10:37:23'),(101,1,1,1,NULL,'memory','Prophet',73.5000,74.8000,0,0.8600,98.26,'2025-11-30 10:37:23','2025-12-01 10:37:23',NULL,'2025-12-02 10:37:23','2025-12-02 10:37:23'),(102,1,1,1,NULL,'memory','XGBoost',74.2000,74.0000,0,0.9400,99.73,'2025-11-30 10:37:23','2025-12-01 10:37:23',NULL,'2025-12-02 10:37:23','2025-12-02 10:37:23'),(103,1,1,1,NULL,'memory','ARIMA',75.8000,72.5000,0,0.8000,95.45,'2025-11-30 10:37:23','2025-12-01 10:37:23',NULL,'2025-12-02 10:37:23','2025-12-02 10:37:23'),(104,1,1,1,NULL,'memory','KNN',78.2000,76.8000,0,0.9200,98.18,'2025-12-01 10:37:23','2025-12-02 10:37:23',NULL,'2025-12-02 10:37:23','2025-12-02 10:37:23'),(105,1,1,1,NULL,'memory','LSTM',76.5000,77.8000,0,0.9500,98.33,'2025-12-01 10:37:23','2025-12-02 10:37:23',NULL,'2025-12-02 10:37:23','2025-12-02 10:37:23'),(106,1,1,1,NULL,'memory','Prophet',77.8000,77.2000,0,0.8700,99.22,'2025-12-01 10:37:23','2025-12-02 10:37:23',NULL,'2025-12-02 10:37:23','2025-12-02 10:37:23'),(107,1,1,1,NULL,'memory','XGBoost',77.2000,77.5000,0,0.9400,99.61,'2025-12-01 10:37:23','2025-12-02 10:37:23',NULL,'2025-12-02 10:37:23','2025-12-02 10:37:23'),(108,1,1,1,NULL,'memory','ARIMA',79.5000,76.2000,0,0.8100,95.67,'2025-12-01 10:37:23','2025-12-02 10:37:23',NULL,'2025-12-02 10:37:23','2025-12-02 10:37:23'),(109,1,1,1,NULL,'cpu','ARIMA',66.8100,76.7700,0,0.9036,93.34,'2025-11-24 10:50:33','2025-11-25 10:50:33',NULL,'2025-12-02 10:50:33','2025-12-02 10:50:33'),(110,1,1,1,NULL,'cpu','XGBoost',83.3700,71.7200,0,0.9639,93.45,'2025-11-24 10:50:33','2025-11-25 10:50:33',NULL,'2025-12-02 10:50:33','2025-12-02 10:50:33'),(111,1,1,1,NULL,'cpu','Prophet',70.7100,66.8800,0,0.8991,98.14,'2025-11-24 10:50:33','2025-11-25 10:50:33',NULL,'2025-12-02 10:50:33','2025-12-02 10:50:33'),(112,1,1,1,NULL,'cpu','LSTM',56.7100,76.4500,0,0.8985,98.26,'2025-11-24 10:50:33','2025-11-25 10:50:33',NULL,'2025-12-02 10:50:33','2025-12-02 10:50:33'),(113,1,1,1,NULL,'cpu','KNN',60.0600,61.4200,0,0.9178,94.09,'2025-11-24 10:50:33','2025-11-25 10:50:33',NULL,'2025-12-02 10:50:33','2025-12-02 10:50:33'),(114,1,1,1,NULL,'cpu','ARIMA',61.4400,70.8500,0,0.9697,95.41,'2025-11-23 10:50:33','2025-11-24 10:50:33',NULL,'2025-12-02 10:50:33','2025-12-02 10:50:33'),(115,1,1,1,NULL,'cpu','XGBoost',55.5100,81.3800,0,0.8915,93.56,'2025-11-23 10:50:33','2025-11-24 10:50:33',NULL,'2025-12-02 10:50:33','2025-12-02 10:50:33'),(116,1,1,1,NULL,'cpu','Prophet',67.7500,80.3900,0,0.9648,94.46,'2025-11-23 10:50:33','2025-11-24 10:50:33',NULL,'2025-12-02 10:50:33','2025-12-02 10:50:33'),(117,1,1,1,NULL,'cpu','LSTM',65.5200,55.6500,0,0.8567,94.29,'2025-11-23 10:50:33','2025-11-24 10:50:33',NULL,'2025-12-02 10:50:33','2025-12-02 10:50:33'),(118,1,1,1,NULL,'cpu','KNN',82.2000,81.6500,0,0.9367,98.68,'2025-11-23 10:50:33','2025-11-24 10:50:33',NULL,'2025-12-02 10:50:33','2025-12-02 10:50:33'),(119,1,1,1,NULL,'cpu','ARIMA',71.9700,84.6500,0,0.8793,94.54,'2025-11-22 10:50:33','2025-11-23 10:50:33',NULL,'2025-12-02 10:50:33','2025-12-02 10:50:33'),(120,1,1,1,NULL,'cpu','XGBoost',71.5800,84.7700,0,0.8865,96.25,'2025-11-22 10:50:33','2025-11-23 10:50:33',NULL,'2025-12-02 10:50:33','2025-12-02 10:50:33'),(121,1,1,1,NULL,'cpu','Prophet',78.9400,65.9400,0,0.9014,93.29,'2025-11-22 10:50:33','2025-11-23 10:50:33',NULL,'2025-12-02 10:50:33','2025-12-02 10:50:33'),(122,1,1,1,NULL,'cpu','LSTM',83.7700,74.4600,0,0.8940,98.31,'2025-11-22 10:50:33','2025-11-23 10:50:33',NULL,'2025-12-02 10:50:33','2025-12-02 10:50:33'),(123,1,1,1,NULL,'cpu','KNN',64.8800,84.7000,0,0.9654,98.03,'2025-11-22 10:50:33','2025-11-23 10:50:33',NULL,'2025-12-02 10:50:33','2025-12-02 10:50:33'),(124,1,1,1,NULL,'cpu','ARIMA',64.2400,55.7400,0,0.8739,98.53,'2025-11-21 10:50:33','2025-11-22 10:50:33',NULL,'2025-12-02 10:50:33','2025-12-02 10:50:33'),(125,1,1,1,NULL,'cpu','XGBoost',55.2300,63.2700,0,0.8927,98.70,'2025-11-21 10:50:33','2025-11-22 10:50:33',NULL,'2025-12-02 10:50:33','2025-12-02 10:50:33'),(126,1,1,1,NULL,'cpu','Prophet',75.5700,72.2900,0,0.9490,95.38,'2025-11-21 10:50:33','2025-11-22 10:50:33',NULL,'2025-12-02 10:50:33','2025-12-02 10:50:33'),(127,1,1,1,NULL,'cpu','LSTM',70.2200,65.4100,0,0.8755,93.14,'2025-11-21 10:50:33','2025-11-22 10:50:33',NULL,'2025-12-02 10:50:33','2025-12-02 10:50:33'),(128,1,1,1,NULL,'cpu','KNN',69.3800,64.7800,0,0.8731,98.89,'2025-11-21 10:50:33','2025-11-22 10:50:33',NULL,'2025-12-02 10:50:33','2025-12-02 10:50:33'),(129,1,1,1,NULL,'cpu','ARIMA',65.0600,76.8800,0,0.9269,93.11,'2025-11-20 10:50:33','2025-11-21 10:50:33',NULL,'2025-12-02 10:50:33','2025-12-02 10:50:33'),(130,1,1,1,NULL,'cpu','XGBoost',59.9900,78.3200,0,0.8965,96.64,'2025-11-20 10:50:33','2025-11-21 10:50:33',NULL,'2025-12-02 10:50:33','2025-12-02 10:50:33'),(131,1,1,1,NULL,'cpu','Prophet',81.0300,70.6200,0,0.8500,95.64,'2025-11-20 10:50:33','2025-11-21 10:50:33',NULL,'2025-12-02 10:50:33','2025-12-02 10:50:33'),(132,1,1,1,NULL,'cpu','LSTM',60.9000,74.9500,0,0.9381,97.06,'2025-11-20 10:50:33','2025-11-21 10:50:33',NULL,'2025-12-02 10:50:33','2025-12-02 10:50:33'),(133,1,1,1,NULL,'cpu','KNN',60.4000,81.1100,0,0.9473,95.67,'2025-11-20 10:50:33','2025-11-21 10:50:33',NULL,'2025-12-02 10:50:33','2025-12-02 10:50:33'),(134,1,1,1,NULL,'cpu','ARIMA',78.8200,73.9900,0,0.9439,93.09,'2025-11-19 10:50:33','2025-11-20 10:50:33',NULL,'2025-12-02 10:50:33','2025-12-02 10:50:33'),(135,1,1,1,NULL,'cpu','XGBoost',76.8600,72.9100,0,0.9459,94.24,'2025-11-19 10:50:33','2025-11-20 10:50:33',NULL,'2025-12-02 10:50:33','2025-12-02 10:50:33'),(136,1,1,1,NULL,'cpu','Prophet',73.9700,71.3100,0,0.9485,95.83,'2025-11-19 10:50:33','2025-11-20 10:50:33',NULL,'2025-12-02 10:50:33','2025-12-02 10:50:33'),(137,1,1,1,NULL,'cpu','LSTM',82.0100,57.5100,0,0.9362,95.04,'2025-11-19 10:50:33','2025-11-20 10:50:33',NULL,'2025-12-02 10:50:33','2025-12-02 10:50:33'),(138,1,1,1,NULL,'cpu','KNN',71.4300,76.5100,0,0.9630,96.34,'2025-11-19 10:50:33','2025-11-20 10:50:33',NULL,'2025-12-02 10:50:33','2025-12-02 10:50:33'),(139,1,1,1,NULL,'cpu','ARIMA',83.7600,58.7100,0,0.9391,95.04,'2025-11-18 10:50:33','2025-11-19 10:50:33',NULL,'2025-12-02 10:50:33','2025-12-02 10:50:33'),(140,1,1,1,NULL,'cpu','XGBoost',69.1800,65.3100,0,0.8860,95.81,'2025-11-18 10:50:33','2025-11-19 10:50:33',NULL,'2025-12-02 10:50:33','2025-12-02 10:50:33'),(141,1,1,1,NULL,'cpu','Prophet',68.2600,79.1400,0,0.9337,93.45,'2025-11-18 10:50:33','2025-11-19 10:50:33',NULL,'2025-12-02 10:50:33','2025-12-02 10:50:33'),(142,1,1,1,NULL,'cpu','LSTM',63.4500,60.4900,0,0.8583,97.79,'2025-11-18 10:50:33','2025-11-19 10:50:33',NULL,'2025-12-02 10:50:33','2025-12-02 10:50:33'),(143,1,1,1,NULL,'cpu','KNN',78.6000,71.1000,0,0.8888,93.04,'2025-11-18 10:50:33','2025-11-19 10:50:33',NULL,'2025-12-02 10:50:33','2025-12-02 10:50:33'),(144,1,1,1,NULL,'cpu','ARIMA',56.8600,63.7200,0,0.8821,95.79,'2025-11-17 10:50:33','2025-11-18 10:50:33',NULL,'2025-12-02 10:50:33','2025-12-02 10:50:33'),(145,1,1,1,NULL,'cpu','XGBoost',70.7800,61.9600,0,0.9199,94.31,'2025-11-17 10:50:33','2025-11-18 10:50:33',NULL,'2025-12-02 10:50:33','2025-12-02 10:50:33'),(146,1,1,1,NULL,'cpu','Prophet',65.2700,56.7200,0,0.8811,93.74,'2025-11-17 10:50:33','2025-11-18 10:50:33',NULL,'2025-12-02 10:50:33','2025-12-02 10:50:33'),(147,1,1,1,NULL,'cpu','LSTM',80.1800,79.8200,0,0.9242,96.66,'2025-11-17 10:50:33','2025-11-18 10:50:33',NULL,'2025-12-02 10:50:33','2025-12-02 10:50:33'),(148,1,1,1,NULL,'cpu','KNN',60.7900,59.1000,0,0.8625,93.66,'2025-11-17 10:50:33','2025-11-18 10:50:33',NULL,'2025-12-02 10:50:33','2025-12-02 10:50:33'),(149,1,1,1,NULL,'cpu','ARIMA',62.1100,80.6900,0,0.9185,94.70,'2025-11-16 10:50:33','2025-11-17 10:50:33',NULL,'2025-12-02 10:50:33','2025-12-02 10:50:33'),(150,1,1,1,NULL,'cpu','XGBoost',76.1800,75.3900,0,0.8837,95.19,'2025-11-16 10:50:33','2025-11-17 10:50:33',NULL,'2025-12-02 10:50:33','2025-12-02 10:50:33'),(151,1,1,1,NULL,'cpu','Prophet',84.4500,79.4100,0,0.8648,94.05,'2025-11-16 10:50:33','2025-11-17 10:50:33',NULL,'2025-12-02 10:50:33','2025-12-02 10:50:33'),(152,1,1,1,NULL,'cpu','LSTM',70.1000,84.8100,0,0.9050,94.86,'2025-11-16 10:50:33','2025-11-17 10:50:33',NULL,'2025-12-02 10:50:33','2025-12-02 10:50:33'),(153,1,1,1,NULL,'cpu','KNN',60.1900,83.1000,0,0.8697,93.06,'2025-11-16 10:50:33','2025-11-17 10:50:33',NULL,'2025-12-02 10:50:33','2025-12-02 10:50:33'),(154,1,1,1,NULL,'cpu','ARIMA',71.6500,77.3900,0,0.8582,93.60,'2025-11-15 10:50:33','2025-11-16 10:50:33',NULL,'2025-12-02 10:50:33','2025-12-02 10:50:33'),(155,1,1,1,NULL,'cpu','XGBoost',63.9300,60.6400,0,0.8555,97.00,'2025-11-15 10:50:33','2025-11-16 10:50:33',NULL,'2025-12-02 10:50:33','2025-12-02 10:50:33'),(156,1,1,1,NULL,'cpu','Prophet',60.8500,84.2500,0,0.8847,96.14,'2025-11-15 10:50:33','2025-11-16 10:50:33',NULL,'2025-12-02 10:50:33','2025-12-02 10:50:33'),(157,1,1,1,NULL,'cpu','LSTM',77.4100,59.9900,0,0.9208,95.70,'2025-11-15 10:50:33','2025-11-16 10:50:33',NULL,'2025-12-02 10:50:33','2025-12-02 10:50:33'),(158,1,1,1,NULL,'cpu','KNN',69.3900,56.4800,0,0.9469,98.33,'2025-11-15 10:50:33','2025-11-16 10:50:33',NULL,'2025-12-02 10:50:33','2025-12-02 10:50:33'),(159,1,1,1,NULL,'cpu','ARIMA',55.6500,68.2500,0,0.8672,95.36,'2025-11-14 10:50:33','2025-11-15 10:50:33',NULL,'2025-12-02 10:50:33','2025-12-02 10:50:33'),(160,1,1,1,NULL,'cpu','XGBoost',70.9800,69.5700,0,0.9497,97.17,'2025-11-14 10:50:33','2025-11-15 10:50:33',NULL,'2025-12-02 10:50:33','2025-12-02 10:50:33'),(161,1,1,1,NULL,'cpu','Prophet',84.5500,80.1800,0,0.8790,97.13,'2025-11-14 10:50:33','2025-11-15 10:50:33',NULL,'2025-12-02 10:50:33','2025-12-02 10:50:33'),(162,1,1,1,NULL,'cpu','LSTM',76.5800,70.9200,0,0.9095,98.32,'2025-11-14 10:50:33','2025-11-15 10:50:33',NULL,'2025-12-02 10:50:33','2025-12-02 10:50:33'),(163,1,1,1,NULL,'cpu','KNN',83.4700,57.4700,0,0.9178,96.47,'2025-11-14 10:50:33','2025-11-15 10:50:33',NULL,'2025-12-02 10:50:33','2025-12-02 10:50:33'),(164,1,1,1,NULL,'cpu','ARIMA',60.9400,62.6400,0,0.9314,96.77,'2025-11-13 10:50:33','2025-11-14 10:50:33',NULL,'2025-12-02 10:50:33','2025-12-02 10:50:33'),(165,1,1,1,NULL,'cpu','XGBoost',58.1100,74.0500,0,0.9537,95.49,'2025-11-13 10:50:33','2025-11-14 10:50:33',NULL,'2025-12-02 10:50:33','2025-12-02 10:50:33'),(166,1,1,1,NULL,'cpu','Prophet',69.3900,59.6700,0,0.8908,94.39,'2025-11-13 10:50:33','2025-11-14 10:50:33',NULL,'2025-12-02 10:50:33','2025-12-02 10:50:33'),(167,1,1,1,NULL,'cpu','LSTM',59.2100,55.1600,0,0.9227,93.09,'2025-11-13 10:50:33','2025-11-14 10:50:33',NULL,'2025-12-02 10:50:33','2025-12-02 10:50:33'),(168,1,1,1,NULL,'cpu','KNN',62.6400,61.8800,0,0.8960,94.37,'2025-11-13 10:50:33','2025-11-14 10:50:33',NULL,'2025-12-02 10:50:33','2025-12-02 10:50:33'),(169,1,1,1,NULL,'cpu','ARIMA',84.6400,62.7400,0,0.8891,98.13,'2025-11-12 10:50:33','2025-11-13 10:50:33',NULL,'2025-12-02 10:50:33','2025-12-02 10:50:33'),(170,1,1,1,NULL,'cpu','XGBoost',63.8200,82.2400,0,0.9288,96.37,'2025-11-12 10:50:33','2025-11-13 10:50:33',NULL,'2025-12-02 10:50:33','2025-12-02 10:50:33'),(171,1,1,1,NULL,'cpu','Prophet',80.1100,70.0100,0,0.9689,95.71,'2025-11-12 10:50:33','2025-11-13 10:50:33',NULL,'2025-12-02 10:50:33','2025-12-02 10:50:33'),(172,1,1,1,NULL,'cpu','LSTM',63.5700,57.2300,0,0.9118,95.10,'2025-11-12 10:50:33','2025-11-13 10:50:33',NULL,'2025-12-02 10:50:33','2025-12-02 10:50:33'),(173,1,1,1,NULL,'cpu','KNN',61.1700,84.3600,0,0.8832,95.68,'2025-11-12 10:50:33','2025-11-13 10:50:33',NULL,'2025-12-02 10:50:33','2025-12-02 10:50:33'),(174,1,1,1,NULL,'cpu','ARIMA',67.1900,75.7100,0,0.8778,93.53,'2025-11-11 10:50:33','2025-11-12 10:50:33',NULL,'2025-12-02 10:50:33','2025-12-02 10:50:33'),(175,1,1,1,NULL,'cpu','XGBoost',77.3300,68.7300,0,0.8567,98.43,'2025-11-11 10:50:33','2025-11-12 10:50:33',NULL,'2025-12-02 10:50:33','2025-12-02 10:50:33'),(176,1,1,1,NULL,'cpu','Prophet',65.7200,57.1600,0,0.8846,94.34,'2025-11-11 10:50:33','2025-11-12 10:50:33',NULL,'2025-12-02 10:50:33','2025-12-02 10:50:33'),(177,1,1,1,NULL,'cpu','LSTM',62.6800,73.2600,0,0.8829,96.28,'2025-11-11 10:50:33','2025-11-12 10:50:33',NULL,'2025-12-02 10:50:33','2025-12-02 10:50:33'),(178,1,1,1,NULL,'cpu','KNN',82.2800,82.2300,0,0.9471,94.95,'2025-11-11 10:50:33','2025-11-12 10:50:33',NULL,'2025-12-02 10:50:33','2025-12-02 10:50:33'),(179,1,1,1,NULL,'cpu','ARIMA',60.8000,84.8300,0,0.8969,98.83,'2025-11-10 10:50:33','2025-11-11 10:50:33',NULL,'2025-12-02 10:50:33','2025-12-02 10:50:33'),(180,1,1,1,NULL,'cpu','XGBoost',75.6400,70.7200,0,0.9167,94.23,'2025-11-10 10:50:33','2025-11-11 10:50:33',NULL,'2025-12-02 10:50:33','2025-12-02 10:50:33'),(181,1,1,1,NULL,'cpu','Prophet',65.8700,60.8400,0,0.9564,98.09,'2025-11-10 10:50:33','2025-11-11 10:50:33',NULL,'2025-12-02 10:50:33','2025-12-02 10:50:33'),(182,1,1,1,NULL,'cpu','LSTM',72.3700,65.5700,0,0.8529,93.38,'2025-11-10 10:50:33','2025-11-11 10:50:33',NULL,'2025-12-02 10:50:33','2025-12-02 10:50:33'),(183,1,1,1,NULL,'cpu','KNN',62.4200,56.3200,0,0.9075,94.58,'2025-11-10 10:50:33','2025-11-11 10:50:33',NULL,'2025-12-02 10:50:33','2025-12-02 10:50:33'),(184,1,1,1,NULL,'cpu','ARIMA',81.3300,73.0000,0,0.8940,93.19,'2025-11-09 10:50:33','2025-11-10 10:50:33',NULL,'2025-12-02 10:50:33','2025-12-02 10:50:33'),(185,1,1,1,NULL,'cpu','XGBoost',56.7700,61.0000,0,0.9487,96.09,'2025-11-09 10:50:33','2025-11-10 10:50:33',NULL,'2025-12-02 10:50:33','2025-12-02 10:50:33'),(186,1,1,1,NULL,'cpu','Prophet',58.0900,84.1600,0,0.9160,98.02,'2025-11-09 10:50:33','2025-11-10 10:50:33',NULL,'2025-12-02 10:50:33','2025-12-02 10:50:33'),(187,1,1,1,NULL,'cpu','LSTM',70.9400,59.4300,0,0.8672,94.65,'2025-11-09 10:50:33','2025-11-10 10:50:33',NULL,'2025-12-02 10:50:33','2025-12-02 10:50:33'),(188,1,1,1,NULL,'cpu','KNN',83.3300,81.9100,0,0.9282,96.40,'2025-11-09 10:50:33','2025-11-10 10:50:33',NULL,'2025-12-02 10:50:33','2025-12-02 10:50:33'),(189,1,1,1,NULL,'cpu','ARIMA',81.3800,75.9000,0,0.9514,93.81,'2025-11-08 10:50:33','2025-11-09 10:50:33',NULL,'2025-12-02 10:50:33','2025-12-02 10:50:33'),(190,1,1,1,NULL,'cpu','XGBoost',59.2800,64.1900,0,0.8624,96.59,'2025-11-08 10:50:33','2025-11-09 10:50:33',NULL,'2025-12-02 10:50:33','2025-12-02 10:50:33'),(191,1,1,1,NULL,'cpu','Prophet',75.3500,72.9400,0,0.9647,98.92,'2025-11-08 10:50:33','2025-11-09 10:50:33',NULL,'2025-12-02 10:50:33','2025-12-02 10:50:33'),(192,1,1,1,NULL,'cpu','LSTM',56.8600,65.5500,0,0.9186,97.83,'2025-11-08 10:50:33','2025-11-09 10:50:33',NULL,'2025-12-02 10:50:33','2025-12-02 10:50:33'),(193,1,1,1,NULL,'cpu','KNN',64.2700,58.8900,0,0.9366,94.32,'2025-11-08 10:50:33','2025-11-09 10:50:33',NULL,'2025-12-02 10:50:33','2025-12-02 10:50:33'),(194,1,1,1,NULL,'cpu','ARIMA',82.9800,55.1500,0,0.8772,93.71,'2025-11-07 10:50:33','2025-11-08 10:50:33',NULL,'2025-12-02 10:50:33','2025-12-02 10:50:33'),(195,1,1,1,NULL,'cpu','XGBoost',82.4200,61.4200,0,0.8893,98.97,'2025-11-07 10:50:33','2025-11-08 10:50:33',NULL,'2025-12-02 10:50:33','2025-12-02 10:50:33'),(196,1,1,1,NULL,'cpu','Prophet',84.7100,84.0700,0,0.9548,95.77,'2025-11-07 10:50:33','2025-11-08 10:50:33',NULL,'2025-12-02 10:50:33','2025-12-02 10:50:33'),(197,1,1,1,NULL,'cpu','LSTM',75.5700,56.3200,0,0.8696,97.10,'2025-11-07 10:50:33','2025-11-08 10:50:33',NULL,'2025-12-02 10:50:33','2025-12-02 10:50:33'),(198,1,1,1,NULL,'cpu','KNN',82.9300,73.0900,0,0.8766,94.79,'2025-11-07 10:50:33','2025-11-08 10:50:33',NULL,'2025-12-02 10:50:33','2025-12-02 10:50:33'),(199,1,1,1,NULL,'cpu','ARIMA',79.7200,61.8400,0,0.9301,96.92,'2025-11-06 10:50:33','2025-11-07 10:50:33',NULL,'2025-12-02 10:50:33','2025-12-02 10:50:33'),(200,1,1,1,NULL,'cpu','XGBoost',62.9400,65.8800,0,0.8524,93.07,'2025-11-06 10:50:33','2025-11-07 10:50:33',NULL,'2025-12-02 10:50:33','2025-12-02 10:50:33'),(201,1,1,1,NULL,'cpu','Prophet',85.0000,83.9100,0,0.9482,94.21,'2025-11-06 10:50:33','2025-11-07 10:50:33',NULL,'2025-12-02 10:50:33','2025-12-02 10:50:33'),(202,1,1,1,NULL,'cpu','LSTM',71.4800,59.3400,0,0.8589,98.62,'2025-11-06 10:50:33','2025-11-07 10:50:33',NULL,'2025-12-02 10:50:33','2025-12-02 10:50:33'),(203,1,1,1,NULL,'cpu','KNN',68.9300,70.3100,0,0.8689,94.55,'2025-11-06 10:50:33','2025-11-07 10:50:33',NULL,'2025-12-02 10:50:33','2025-12-02 10:50:33'),(204,1,1,1,NULL,'cpu','ARIMA',79.4800,64.1900,0,0.8600,95.99,'2025-11-05 10:50:33','2025-11-06 10:50:33',NULL,'2025-12-02 10:50:33','2025-12-02 10:50:33'),(205,1,1,1,NULL,'cpu','XGBoost',62.2300,76.3200,0,0.9496,93.12,'2025-11-05 10:50:33','2025-11-06 10:50:33',NULL,'2025-12-02 10:50:33','2025-12-02 10:50:33'),(206,1,1,1,NULL,'cpu','Prophet',73.2300,84.3700,0,0.8586,95.52,'2025-11-05 10:50:33','2025-11-06 10:50:33',NULL,'2025-12-02 10:50:33','2025-12-02 10:50:33'),(207,1,1,1,NULL,'cpu','LSTM',81.6400,60.3600,0,0.8775,96.67,'2025-11-05 10:50:33','2025-11-06 10:50:33',NULL,'2025-12-02 10:50:33','2025-12-02 10:50:33'),(208,1,1,1,NULL,'cpu','KNN',66.0200,55.0900,0,0.9595,96.32,'2025-11-05 10:50:33','2025-11-06 10:50:33',NULL,'2025-12-02 10:50:33','2025-12-02 10:50:33'),(209,1,1,1,NULL,'cpu','ARIMA',55.9600,69.9600,0,0.8976,95.92,'2025-11-04 10:50:33','2025-11-05 10:50:33',NULL,'2025-12-02 10:50:33','2025-12-02 10:50:33'),(210,1,1,1,NULL,'cpu','XGBoost',62.3000,77.7100,0,0.8565,93.01,'2025-11-04 10:50:33','2025-11-05 10:50:33',NULL,'2025-12-02 10:50:33','2025-12-02 10:50:33'),(211,1,1,1,NULL,'cpu','Prophet',80.3900,61.7600,0,0.9205,94.57,'2025-11-04 10:50:33','2025-11-05 10:50:33',NULL,'2025-12-02 10:50:33','2025-12-02 10:50:33'),(212,1,1,1,NULL,'cpu','LSTM',71.3500,83.2100,0,0.8581,96.10,'2025-11-04 10:50:33','2025-11-05 10:50:33',NULL,'2025-12-02 10:50:33','2025-12-02 10:50:33'),(213,1,1,1,NULL,'cpu','KNN',66.3300,65.2000,0,0.9181,97.90,'2025-11-04 10:50:33','2025-11-05 10:50:33',NULL,'2025-12-02 10:50:33','2025-12-02 10:50:33'),(214,1,1,1,NULL,'cpu','ARIMA',66.3300,68.2400,0,0.8588,93.25,'2025-11-03 10:50:33','2025-11-04 10:50:33',NULL,'2025-12-02 10:50:33','2025-12-02 10:50:33'),(215,1,1,1,NULL,'cpu','XGBoost',84.7400,79.9200,0,0.8714,95.40,'2025-11-03 10:50:33','2025-11-04 10:50:33',NULL,'2025-12-02 10:50:33','2025-12-02 10:50:33'),(216,1,1,1,NULL,'cpu','Prophet',68.9300,58.6800,0,0.8763,97.38,'2025-11-03 10:50:33','2025-11-04 10:50:33',NULL,'2025-12-02 10:50:33','2025-12-02 10:50:33'),(217,1,1,1,NULL,'cpu','LSTM',84.7300,77.9400,0,0.9521,98.77,'2025-11-03 10:50:33','2025-11-04 10:50:33',NULL,'2025-12-02 10:50:33','2025-12-02 10:50:33'),(218,1,1,1,NULL,'cpu','KNN',62.5800,66.3800,0,0.8667,96.34,'2025-11-03 10:50:33','2025-11-04 10:50:33',NULL,'2025-12-02 10:50:33','2025-12-02 10:50:33'),(219,1,1,1,NULL,'cpu','ARIMA',66.0300,60.0400,0,0.9383,94.06,'2025-11-02 10:50:33','2025-11-03 10:50:33',NULL,'2025-12-02 10:50:33','2025-12-02 10:50:33'),(220,1,1,1,NULL,'cpu','XGBoost',75.3300,80.6800,0,0.8798,97.03,'2025-11-02 10:50:33','2025-11-03 10:50:33',NULL,'2025-12-02 10:50:33','2025-12-02 10:50:33'),(221,1,1,1,NULL,'cpu','Prophet',73.4900,56.9600,0,0.9073,94.14,'2025-11-02 10:50:33','2025-11-03 10:50:33',NULL,'2025-12-02 10:50:33','2025-12-02 10:50:33'),(222,1,1,1,NULL,'cpu','LSTM',70.6200,55.9400,0,0.9215,98.31,'2025-11-02 10:50:33','2025-11-03 10:50:33',NULL,'2025-12-02 10:50:33','2025-12-02 10:50:33'),(223,1,1,1,NULL,'cpu','KNN',74.0100,70.4800,0,0.9314,98.07,'2025-11-02 10:50:33','2025-11-03 10:50:33',NULL,'2025-12-02 10:50:33','2025-12-02 10:50:33'),(236,1,1,1,NULL,'memory','ARIMA',69.7100,75.1800,0,0.9066,94.67,'2025-11-24 10:50:45','2025-11-25 10:50:45',NULL,'2025-12-02 10:50:45','2025-12-02 10:50:45'),(237,1,1,1,NULL,'memory','XGBoost',71.4800,87.3100,0,0.9322,97.74,'2025-11-24 10:50:45','2025-11-25 10:50:45',NULL,'2025-12-02 10:50:45','2025-12-02 10:50:45'),(238,1,1,1,NULL,'memory','Prophet',82.0500,69.2100,0,0.9454,96.36,'2025-11-24 10:50:45','2025-11-25 10:50:45',NULL,'2025-12-02 10:50:45','2025-12-02 10:50:45'),(239,1,1,1,NULL,'memory','LSTM',89.2600,75.9700,0,0.8839,94.49,'2025-11-24 10:50:45','2025-11-25 10:50:45',NULL,'2025-12-02 10:50:45','2025-12-02 10:50:45'),(240,1,1,1,NULL,'memory','KNN',81.0000,87.6800,0,0.9239,95.78,'2025-11-24 10:50:45','2025-11-25 10:50:45',NULL,'2025-12-02 10:50:45','2025-12-02 10:50:45'),(241,1,1,1,NULL,'memory','ARIMA',88.3900,80.2100,0,0.8783,95.76,'2025-11-23 10:50:45','2025-11-24 10:50:45',NULL,'2025-12-02 10:50:45','2025-12-02 10:50:45'),(242,1,1,1,NULL,'memory','XGBoost',66.3700,70.4300,0,0.9606,98.79,'2025-11-23 10:50:45','2025-11-24 10:50:45',NULL,'2025-12-02 10:50:45','2025-12-02 10:50:45'),(243,1,1,1,NULL,'memory','Prophet',65.5000,70.7100,0,0.8600,97.65,'2025-11-23 10:50:45','2025-11-24 10:50:45',NULL,'2025-12-02 10:50:45','2025-12-02 10:50:45'),(244,1,1,1,NULL,'memory','LSTM',74.9900,85.2100,0,0.9511,97.95,'2025-11-23 10:50:45','2025-11-24 10:50:45',NULL,'2025-12-02 10:50:45','2025-12-02 10:50:45'),(245,1,1,1,NULL,'memory','KNN',75.4200,82.9300,0,0.8902,96.61,'2025-11-23 10:50:45','2025-11-24 10:50:45',NULL,'2025-12-02 10:50:45','2025-12-02 10:50:45'),(246,1,1,1,NULL,'memory','ARIMA',80.1700,76.6800,0,0.9120,94.90,'2025-11-22 10:50:45','2025-11-23 10:50:45',NULL,'2025-12-02 10:50:45','2025-12-02 10:50:45'),(247,1,1,1,NULL,'memory','XGBoost',73.7400,70.2100,0,0.9692,95.70,'2025-11-22 10:50:45','2025-11-23 10:50:45',NULL,'2025-12-02 10:50:45','2025-12-02 10:50:45'),(248,1,1,1,NULL,'memory','Prophet',83.1300,80.0900,0,0.9511,96.01,'2025-11-22 10:50:45','2025-11-23 10:50:45',NULL,'2025-12-02 10:50:45','2025-12-02 10:50:45'),(249,1,1,1,NULL,'memory','LSTM',77.1600,70.5600,0,0.9284,96.99,'2025-11-22 10:50:45','2025-11-23 10:50:45',NULL,'2025-12-02 10:50:45','2025-12-02 10:50:45'),(250,1,1,1,NULL,'memory','KNN',65.7900,74.0800,0,0.9365,96.58,'2025-11-22 10:50:45','2025-11-23 10:50:45',NULL,'2025-12-02 10:50:45','2025-12-02 10:50:45'),(251,1,1,1,NULL,'memory','ARIMA',75.3300,78.0100,0,0.8934,95.24,'2025-11-21 10:50:45','2025-11-22 10:50:45',NULL,'2025-12-02 10:50:45','2025-12-02 10:50:45'),(252,1,1,1,NULL,'memory','XGBoost',68.9300,66.0300,0,0.9380,96.72,'2025-11-21 10:50:45','2025-11-22 10:50:45',NULL,'2025-12-02 10:50:45','2025-12-02 10:50:45'),(253,1,1,1,NULL,'memory','Prophet',78.0800,89.5300,0,0.8904,97.69,'2025-11-21 10:50:45','2025-11-22 10:50:45',NULL,'2025-12-02 10:50:45','2025-12-02 10:50:45'),(254,1,1,1,NULL,'memory','LSTM',82.0400,69.8600,0,0.9612,94.25,'2025-11-21 10:50:45','2025-11-22 10:50:45',NULL,'2025-12-02 10:50:45','2025-12-02 10:50:45'),(255,1,1,1,NULL,'memory','KNN',76.8100,70.2800,0,0.9266,96.79,'2025-11-21 10:50:45','2025-11-22 10:50:45',NULL,'2025-12-02 10:50:45','2025-12-02 10:50:45'),(256,1,1,1,NULL,'memory','ARIMA',86.8700,82.5000,0,0.9550,95.37,'2025-11-20 10:50:45','2025-11-21 10:50:45',NULL,'2025-12-02 10:50:45','2025-12-02 10:50:45'),(257,1,1,1,NULL,'memory','XGBoost',83.7400,88.1000,0,0.8945,94.40,'2025-11-20 10:50:45','2025-11-21 10:50:45',NULL,'2025-12-02 10:50:45','2025-12-02 10:50:45'),(258,1,1,1,NULL,'memory','Prophet',72.3100,70.4900,0,0.8766,96.24,'2025-11-20 10:50:45','2025-11-21 10:50:45',NULL,'2025-12-02 10:50:45','2025-12-02 10:50:45'),(259,1,1,1,NULL,'memory','LSTM',79.4200,78.4600,0,0.9655,94.98,'2025-11-20 10:50:45','2025-11-21 10:50:45',NULL,'2025-12-02 10:50:45','2025-12-02 10:50:45'),(260,1,1,1,NULL,'memory','KNN',67.3400,86.9900,0,0.8641,98.74,'2025-11-20 10:50:45','2025-11-21 10:50:45',NULL,'2025-12-02 10:50:45','2025-12-02 10:50:45'),(261,1,1,1,NULL,'memory','ARIMA',74.6900,67.3500,0,0.8870,95.29,'2025-11-19 10:50:45','2025-11-20 10:50:45',NULL,'2025-12-02 10:50:45','2025-12-02 10:50:45'),(262,1,1,1,NULL,'memory','XGBoost',74.1700,66.4700,0,0.8733,97.97,'2025-11-19 10:50:45','2025-11-20 10:50:45',NULL,'2025-12-02 10:50:45','2025-12-02 10:50:45'),(263,1,1,1,NULL,'memory','Prophet',74.6500,78.7200,0,0.9203,95.41,'2025-11-19 10:50:45','2025-11-20 10:50:45',NULL,'2025-12-02 10:50:45','2025-12-02 10:50:45'),(264,1,1,1,NULL,'memory','LSTM',81.3500,75.5700,0,0.8683,96.46,'2025-11-19 10:50:45','2025-11-20 10:50:45',NULL,'2025-12-02 10:50:45','2025-12-02 10:50:45'),(265,1,1,1,NULL,'memory','KNN',65.1700,78.9200,0,0.9416,94.72,'2025-11-19 10:50:45','2025-11-20 10:50:45',NULL,'2025-12-02 10:50:45','2025-12-02 10:50:45'),(266,1,1,1,NULL,'memory','ARIMA',75.8600,83.4400,0,0.8961,97.55,'2025-11-18 10:50:45','2025-11-19 10:50:45',NULL,'2025-12-02 10:50:45','2025-12-02 10:50:45'),(267,1,1,1,NULL,'memory','XGBoost',74.9300,86.4100,0,0.8608,98.40,'2025-11-18 10:50:45','2025-11-19 10:50:45',NULL,'2025-12-02 10:50:45','2025-12-02 10:50:45'),(268,1,1,1,NULL,'memory','Prophet',68.1900,89.9900,0,0.9238,94.37,'2025-11-18 10:50:45','2025-11-19 10:50:45',NULL,'2025-12-02 10:50:45','2025-12-02 10:50:45'),(269,1,1,1,NULL,'memory','LSTM',78.2700,75.7400,0,0.9167,96.45,'2025-11-18 10:50:45','2025-11-19 10:50:45',NULL,'2025-12-02 10:50:45','2025-12-02 10:50:45'),(270,1,1,1,NULL,'memory','KNN',84.6300,76.3500,0,0.9598,95.05,'2025-11-18 10:50:45','2025-11-19 10:50:45',NULL,'2025-12-02 10:50:45','2025-12-02 10:50:45'),(271,1,1,1,NULL,'memory','ARIMA',72.7700,88.0200,0,0.9307,97.00,'2025-11-17 10:50:45','2025-11-18 10:50:45',NULL,'2025-12-02 10:50:45','2025-12-02 10:50:45'),(272,1,1,1,NULL,'memory','XGBoost',89.5800,67.8800,0,0.9251,97.93,'2025-11-17 10:50:45','2025-11-18 10:50:45',NULL,'2025-12-02 10:50:45','2025-12-02 10:50:45'),(273,1,1,1,NULL,'memory','Prophet',66.1900,87.0700,0,0.8824,97.52,'2025-11-17 10:50:45','2025-11-18 10:50:45',NULL,'2025-12-02 10:50:45','2025-12-02 10:50:45'),(274,1,1,1,NULL,'memory','LSTM',82.7000,75.7200,0,0.8523,98.05,'2025-11-17 10:50:45','2025-11-18 10:50:45',NULL,'2025-12-02 10:50:45','2025-12-02 10:50:45'),(275,1,1,1,NULL,'memory','KNN',89.7900,78.2000,0,0.9298,97.71,'2025-11-17 10:50:45','2025-11-18 10:50:45',NULL,'2025-12-02 10:50:45','2025-12-02 10:50:45'),(276,1,1,1,NULL,'memory','ARIMA',82.8100,73.4400,0,0.9162,97.72,'2025-11-16 10:50:45','2025-11-17 10:50:45',NULL,'2025-12-02 10:50:45','2025-12-02 10:50:45'),(277,1,1,1,NULL,'memory','XGBoost',66.6100,67.2900,0,0.8817,94.22,'2025-11-16 10:50:45','2025-11-17 10:50:45',NULL,'2025-12-02 10:50:45','2025-12-02 10:50:45'),(278,1,1,1,NULL,'memory','Prophet',75.7700,65.5100,0,0.9471,98.93,'2025-11-16 10:50:45','2025-11-17 10:50:45',NULL,'2025-12-02 10:50:45','2025-12-02 10:50:45'),(279,1,1,1,NULL,'memory','LSTM',77.4900,78.5300,0,0.8749,96.07,'2025-11-16 10:50:45','2025-11-17 10:50:45',NULL,'2025-12-02 10:50:45','2025-12-02 10:50:45'),(280,1,1,1,NULL,'memory','KNN',76.2300,65.0500,0,0.9296,95.54,'2025-11-16 10:50:45','2025-11-17 10:50:45',NULL,'2025-12-02 10:50:45','2025-12-02 10:50:45'),(281,1,1,1,NULL,'memory','ARIMA',78.8600,86.1600,0,0.9183,95.53,'2025-11-15 10:50:45','2025-11-16 10:50:45',NULL,'2025-12-02 10:50:45','2025-12-02 10:50:45'),(282,1,1,1,NULL,'memory','XGBoost',85.5600,69.8700,0,0.9109,98.75,'2025-11-15 10:50:45','2025-11-16 10:50:45',NULL,'2025-12-02 10:50:45','2025-12-02 10:50:45'),(283,1,1,1,NULL,'memory','Prophet',70.8300,72.8200,0,0.9538,95.92,'2025-11-15 10:50:45','2025-11-16 10:50:45',NULL,'2025-12-02 10:50:45','2025-12-02 10:50:45'),(284,1,1,1,NULL,'memory','LSTM',73.2600,77.4500,0,0.9099,99.00,'2025-11-15 10:50:45','2025-11-16 10:50:45',NULL,'2025-12-02 10:50:45','2025-12-02 10:50:45'),(285,1,1,1,NULL,'memory','KNN',77.5600,77.8100,0,0.8566,97.69,'2025-11-15 10:50:45','2025-11-16 10:50:45',NULL,'2025-12-02 10:50:45','2025-12-02 10:50:45'),(286,1,1,1,NULL,'memory','ARIMA',78.0400,74.9200,0,0.9002,98.51,'2025-11-14 10:50:45','2025-11-15 10:50:45',NULL,'2025-12-02 10:50:45','2025-12-02 10:50:45'),(287,1,1,1,NULL,'memory','XGBoost',71.3800,79.2300,0,0.8597,97.48,'2025-11-14 10:50:45','2025-11-15 10:50:45',NULL,'2025-12-02 10:50:45','2025-12-02 10:50:45'),(288,1,1,1,NULL,'memory','Prophet',70.9600,67.6000,0,0.9466,97.56,'2025-11-14 10:50:45','2025-11-15 10:50:45',NULL,'2025-12-02 10:50:45','2025-12-02 10:50:45'),(289,1,1,1,NULL,'memory','LSTM',68.6300,79.7700,0,0.9121,98.08,'2025-11-14 10:50:45','2025-11-15 10:50:45',NULL,'2025-12-02 10:50:45','2025-12-02 10:50:45'),(290,1,1,1,NULL,'memory','KNN',78.2100,69.8300,0,0.8956,95.60,'2025-11-14 10:50:45','2025-11-15 10:50:45',NULL,'2025-12-02 10:50:45','2025-12-02 10:50:45'),(291,1,1,1,NULL,'memory','ARIMA',76.6000,73.9300,0,0.8972,98.48,'2025-11-13 10:50:45','2025-11-14 10:50:45',NULL,'2025-12-02 10:50:45','2025-12-02 10:50:45'),(292,1,1,1,NULL,'memory','XGBoost',72.5300,85.4200,0,0.8717,96.27,'2025-11-13 10:50:45','2025-11-14 10:50:45',NULL,'2025-12-02 10:50:45','2025-12-02 10:50:45'),(293,1,1,1,NULL,'memory','Prophet',83.1100,71.5300,0,0.8660,98.42,'2025-11-13 10:50:45','2025-11-14 10:50:45',NULL,'2025-12-02 10:50:45','2025-12-02 10:50:45'),(294,1,1,1,NULL,'memory','LSTM',65.4300,75.8800,0,0.8649,95.57,'2025-11-13 10:50:45','2025-11-14 10:50:45',NULL,'2025-12-02 10:50:45','2025-12-02 10:50:45'),(295,1,1,1,NULL,'memory','KNN',69.9800,66.3400,0,0.9304,94.95,'2025-11-13 10:50:45','2025-11-14 10:50:45',NULL,'2025-12-02 10:50:45','2025-12-02 10:50:45'),(296,1,1,1,NULL,'memory','ARIMA',88.4600,68.0700,0,0.9458,97.12,'2025-11-12 10:50:45','2025-11-13 10:50:45',NULL,'2025-12-02 10:50:45','2025-12-02 10:50:45'),(297,1,1,1,NULL,'memory','XGBoost',83.1700,84.0200,0,0.9249,98.18,'2025-11-12 10:50:45','2025-11-13 10:50:45',NULL,'2025-12-02 10:50:45','2025-12-02 10:50:45'),(298,1,1,1,NULL,'memory','Prophet',72.7700,66.1200,0,0.8850,95.62,'2025-11-12 10:50:45','2025-11-13 10:50:45',NULL,'2025-12-02 10:50:45','2025-12-02 10:50:45'),(299,1,1,1,NULL,'memory','LSTM',83.5500,83.5200,0,0.9072,94.81,'2025-11-12 10:50:45','2025-11-13 10:50:45',NULL,'2025-12-02 10:50:45','2025-12-02 10:50:45'),(300,1,1,1,NULL,'memory','KNN',74.4100,74.9500,0,0.9533,94.56,'2025-11-12 10:50:45','2025-11-13 10:50:45',NULL,'2025-12-02 10:50:45','2025-12-02 10:50:45'),(301,1,1,1,NULL,'memory','ARIMA',89.4000,78.6000,0,0.9451,95.65,'2025-11-11 10:50:45','2025-11-12 10:50:45',NULL,'2025-12-02 10:50:45','2025-12-02 10:50:45'),(302,1,1,1,NULL,'memory','XGBoost',71.8000,74.2700,0,0.8546,94.39,'2025-11-11 10:50:45','2025-11-12 10:50:45',NULL,'2025-12-02 10:50:45','2025-12-02 10:50:45'),(303,1,1,1,NULL,'memory','Prophet',71.9100,68.6800,0,0.9589,94.48,'2025-11-11 10:50:45','2025-11-12 10:50:45',NULL,'2025-12-02 10:50:45','2025-12-02 10:50:45'),(304,1,1,1,NULL,'memory','LSTM',84.0000,77.7500,0,0.8824,98.10,'2025-11-11 10:50:45','2025-11-12 10:50:45',NULL,'2025-12-02 10:50:45','2025-12-02 10:50:45'),(305,1,1,1,NULL,'memory','KNN',72.2900,89.9400,0,0.8634,96.84,'2025-11-11 10:50:45','2025-11-12 10:50:45',NULL,'2025-12-02 10:50:45','2025-12-02 10:50:45'),(306,1,1,1,NULL,'memory','ARIMA',77.6000,85.3800,0,0.9177,95.88,'2025-11-10 10:50:45','2025-11-11 10:50:45',NULL,'2025-12-02 10:50:45','2025-12-02 10:50:45'),(307,1,1,1,NULL,'memory','XGBoost',69.7100,85.3500,0,0.9104,94.38,'2025-11-10 10:50:45','2025-11-11 10:50:45',NULL,'2025-12-02 10:50:45','2025-12-02 10:50:45'),(308,1,1,1,NULL,'memory','Prophet',86.8100,68.2800,0,0.8547,98.01,'2025-11-10 10:50:45','2025-11-11 10:50:45',NULL,'2025-12-02 10:50:45','2025-12-02 10:50:45'),(309,1,1,1,NULL,'memory','LSTM',87.3500,66.6000,0,0.9264,98.97,'2025-11-10 10:50:45','2025-11-11 10:50:45',NULL,'2025-12-02 10:50:45','2025-12-02 10:50:45'),(310,1,1,1,NULL,'memory','KNN',66.3900,72.4600,0,0.8889,97.64,'2025-11-10 10:50:45','2025-11-11 10:50:45',NULL,'2025-12-02 10:50:45','2025-12-02 10:50:45'),(311,1,1,1,NULL,'memory','ARIMA',81.5500,68.2300,0,0.9292,98.56,'2025-11-09 10:50:45','2025-11-10 10:50:45',NULL,'2025-12-02 10:50:45','2025-12-02 10:50:45'),(312,1,1,1,NULL,'memory','XGBoost',79.6100,69.5800,0,0.8694,95.30,'2025-11-09 10:50:45','2025-11-10 10:50:45',NULL,'2025-12-02 10:50:45','2025-12-02 10:50:45'),(313,1,1,1,NULL,'memory','Prophet',85.4300,72.6200,0,0.8586,96.22,'2025-11-09 10:50:45','2025-11-10 10:50:45',NULL,'2025-12-02 10:50:45','2025-12-02 10:50:45'),(314,1,1,1,NULL,'memory','LSTM',65.2000,82.6400,0,0.9105,96.02,'2025-11-09 10:50:45','2025-11-10 10:50:45',NULL,'2025-12-02 10:50:45','2025-12-02 10:50:45'),(315,1,1,1,NULL,'memory','KNN',77.6900,73.1700,0,0.8632,96.86,'2025-11-09 10:50:45','2025-11-10 10:50:45',NULL,'2025-12-02 10:50:45','2025-12-02 10:50:45'),(316,1,1,1,NULL,'memory','ARIMA',78.1600,87.9500,0,0.8513,95.51,'2025-11-08 10:50:45','2025-11-09 10:50:45',NULL,'2025-12-02 10:50:45','2025-12-02 10:50:45'),(317,1,1,1,NULL,'memory','XGBoost',76.8500,76.6400,0,0.9587,94.65,'2025-11-08 10:50:45','2025-11-09 10:50:45',NULL,'2025-12-02 10:50:45','2025-12-02 10:50:45'),(318,1,1,1,NULL,'memory','Prophet',88.4500,72.4300,0,0.9306,96.34,'2025-11-08 10:50:45','2025-11-09 10:50:45',NULL,'2025-12-02 10:50:45','2025-12-02 10:50:45'),(319,1,1,1,NULL,'memory','LSTM',73.1400,70.5700,0,0.8666,94.11,'2025-11-08 10:50:45','2025-11-09 10:50:45',NULL,'2025-12-02 10:50:45','2025-12-02 10:50:45'),(320,1,1,1,NULL,'memory','KNN',82.3600,75.1700,0,0.9641,96.66,'2025-11-08 10:50:45','2025-11-09 10:50:45',NULL,'2025-12-02 10:50:45','2025-12-02 10:50:45'),(321,1,1,1,NULL,'memory','ARIMA',85.2300,76.2500,0,0.9487,97.82,'2025-11-07 10:50:45','2025-11-08 10:50:45',NULL,'2025-12-02 10:50:45','2025-12-02 10:50:45'),(322,1,1,1,NULL,'memory','XGBoost',73.7300,76.4000,0,0.8778,97.95,'2025-11-07 10:50:45','2025-11-08 10:50:45',NULL,'2025-12-02 10:50:45','2025-12-02 10:50:45'),(323,1,1,1,NULL,'memory','Prophet',71.4600,87.9800,0,0.9486,95.74,'2025-11-07 10:50:45','2025-11-08 10:50:45',NULL,'2025-12-02 10:50:45','2025-12-02 10:50:45'),(324,1,1,1,NULL,'memory','LSTM',72.0000,73.8500,0,0.9615,96.92,'2025-11-07 10:50:45','2025-11-08 10:50:45',NULL,'2025-12-02 10:50:45','2025-12-02 10:50:45'),(325,1,1,1,NULL,'memory','KNN',68.3000,87.7000,0,0.8674,99.00,'2025-11-07 10:50:45','2025-11-08 10:50:45',NULL,'2025-12-02 10:50:45','2025-12-02 10:50:45'),(326,1,1,1,NULL,'memory','ARIMA',79.1100,85.5500,0,0.9001,97.11,'2025-11-06 10:50:45','2025-11-07 10:50:45',NULL,'2025-12-02 10:50:45','2025-12-02 10:50:45'),(327,1,1,1,NULL,'memory','XGBoost',86.3900,75.3200,0,0.9097,95.25,'2025-11-06 10:50:45','2025-11-07 10:50:45',NULL,'2025-12-02 10:50:45','2025-12-02 10:50:45'),(328,1,1,1,NULL,'memory','Prophet',83.9500,65.9900,0,0.9608,96.48,'2025-11-06 10:50:45','2025-11-07 10:50:45',NULL,'2025-12-02 10:50:45','2025-12-02 10:50:45'),(329,1,1,1,NULL,'memory','LSTM',82.8500,67.0100,0,0.8811,94.28,'2025-11-06 10:50:45','2025-11-07 10:50:45',NULL,'2025-12-02 10:50:45','2025-12-02 10:50:45'),(330,1,1,1,NULL,'memory','KNN',77.5000,73.3400,0,0.8701,98.18,'2025-11-06 10:50:45','2025-11-07 10:50:45',NULL,'2025-12-02 10:50:45','2025-12-02 10:50:45'),(331,1,1,1,NULL,'memory','ARIMA',81.9000,86.8200,0,0.8904,94.32,'2025-11-05 10:50:45','2025-11-06 10:50:45',NULL,'2025-12-02 10:50:45','2025-12-02 10:50:45'),(332,1,1,1,NULL,'memory','XGBoost',72.7400,73.9300,0,0.9529,95.07,'2025-11-05 10:50:45','2025-11-06 10:50:45',NULL,'2025-12-02 10:50:45','2025-12-02 10:50:45'),(333,1,1,1,NULL,'memory','Prophet',77.4600,86.2500,0,0.9406,95.12,'2025-11-05 10:50:45','2025-11-06 10:50:45',NULL,'2025-12-02 10:50:45','2025-12-02 10:50:45'),(334,1,1,1,NULL,'memory','LSTM',86.3200,79.8400,0,0.8991,95.33,'2025-11-05 10:50:45','2025-11-06 10:50:45',NULL,'2025-12-02 10:50:45','2025-12-02 10:50:45'),(335,1,1,1,NULL,'memory','KNN',67.5200,82.6700,0,0.8778,94.19,'2025-11-05 10:50:45','2025-11-06 10:50:45',NULL,'2025-12-02 10:50:45','2025-12-02 10:50:45'),(336,1,1,1,NULL,'memory','ARIMA',77.4400,74.2800,0,0.8937,97.54,'2025-11-04 10:50:45','2025-11-05 10:50:45',NULL,'2025-12-02 10:50:45','2025-12-02 10:50:45'),(337,1,1,1,NULL,'memory','XGBoost',76.2600,68.1300,0,0.8830,98.99,'2025-11-04 10:50:45','2025-11-05 10:50:45',NULL,'2025-12-02 10:50:45','2025-12-02 10:50:45'),(338,1,1,1,NULL,'memory','Prophet',69.2200,86.1900,0,0.9378,94.58,'2025-11-04 10:50:45','2025-11-05 10:50:45',NULL,'2025-12-02 10:50:45','2025-12-02 10:50:45'),(339,1,1,1,NULL,'memory','LSTM',74.6400,79.4700,0,0.9385,98.75,'2025-11-04 10:50:45','2025-11-05 10:50:45',NULL,'2025-12-02 10:50:45','2025-12-02 10:50:45'),(340,1,1,1,NULL,'memory','KNN',78.5600,86.5000,0,0.9306,97.89,'2025-11-04 10:50:45','2025-11-05 10:50:45',NULL,'2025-12-02 10:50:45','2025-12-02 10:50:45'),(341,1,1,1,NULL,'memory','ARIMA',86.8400,65.8700,0,0.9165,97.32,'2025-11-03 10:50:45','2025-11-04 10:50:45',NULL,'2025-12-02 10:50:45','2025-12-02 10:50:45'),(342,1,1,1,NULL,'memory','XGBoost',81.5000,72.6700,0,0.9166,98.26,'2025-11-03 10:50:45','2025-11-04 10:50:45',NULL,'2025-12-02 10:50:45','2025-12-02 10:50:45'),(343,1,1,1,NULL,'memory','Prophet',80.0000,76.0300,0,0.8987,97.53,'2025-11-03 10:50:45','2025-11-04 10:50:45',NULL,'2025-12-02 10:50:45','2025-12-02 10:50:45'),(344,1,1,1,NULL,'memory','LSTM',72.8400,76.2300,0,0.8865,94.88,'2025-11-03 10:50:45','2025-11-04 10:50:45',NULL,'2025-12-02 10:50:45','2025-12-02 10:50:45'),(345,1,1,1,NULL,'memory','KNN',89.0900,72.2900,0,0.9181,98.82,'2025-11-03 10:50:45','2025-11-04 10:50:45',NULL,'2025-12-02 10:50:45','2025-12-02 10:50:45'),(346,1,1,1,NULL,'memory','ARIMA',67.8700,82.0800,0,0.8586,95.55,'2025-11-02 10:50:45','2025-11-03 10:50:45',NULL,'2025-12-02 10:50:45','2025-12-02 10:50:45'),(347,1,1,1,NULL,'memory','XGBoost',73.3000,83.2900,0,0.9294,94.57,'2025-11-02 10:50:45','2025-11-03 10:50:45',NULL,'2025-12-02 10:50:45','2025-12-02 10:50:45'),(348,1,1,1,NULL,'memory','Prophet',79.5400,79.2100,0,0.8617,97.91,'2025-11-02 10:50:45','2025-11-03 10:50:45',NULL,'2025-12-02 10:50:45','2025-12-02 10:50:45'),(349,1,1,1,NULL,'memory','LSTM',80.4200,83.4400,0,0.9507,98.90,'2025-11-02 10:50:45','2025-11-03 10:50:45',NULL,'2025-12-02 10:50:45','2025-12-02 10:50:45'),(350,1,1,1,NULL,'memory','KNN',74.7000,89.9500,0,0.9490,94.67,'2025-11-02 10:50:45','2025-11-03 10:50:45',NULL,'2025-12-02 10:50:45','2025-12-02 10:50:45'),(363,2,1,2,NULL,'network','ARIMA',46.6100,59.0900,0,0.8524,93.99,'2025-11-24 10:50:57','2025-11-25 10:50:57',NULL,'2025-12-02 10:50:57','2025-12-02 10:50:57'),(364,2,1,2,NULL,'network','XGBoost',52.0700,48.0300,0,0.8457,98.23,'2025-11-24 10:50:57','2025-11-25 10:50:57',NULL,'2025-12-02 10:50:57','2025-12-02 10:50:57'),(365,2,1,2,NULL,'network','Prophet',40.8500,57.6700,0,0.8932,97.46,'2025-11-24 10:50:57','2025-11-25 10:50:57',NULL,'2025-12-02 10:50:57','2025-12-02 10:50:57'),(366,2,1,2,NULL,'network','LSTM',52.7300,60.5500,0,0.9482,95.76,'2025-11-24 10:50:57','2025-11-25 10:50:57',NULL,'2025-12-02 10:50:57','2025-12-02 10:50:57'),(367,2,1,2,NULL,'network','KNN',66.8900,56.1500,0,0.8302,96.74,'2025-11-24 10:50:57','2025-11-25 10:50:57',NULL,'2025-12-02 10:50:57','2025-12-02 10:50:57'),(368,2,1,2,NULL,'network','ARIMA',43.9500,64.2900,0,0.8483,96.44,'2025-11-23 10:50:57','2025-11-24 10:50:57',NULL,'2025-12-02 10:50:57','2025-12-02 10:50:57'),(369,2,1,2,NULL,'network','XGBoost',56.5700,62.6600,0,0.9444,93.85,'2025-11-23 10:50:57','2025-11-24 10:50:57',NULL,'2025-12-02 10:50:57','2025-12-02 10:50:57'),(370,2,1,2,NULL,'network','Prophet',49.1200,70.6700,0,0.9139,95.20,'2025-11-23 10:50:57','2025-11-24 10:50:57',NULL,'2025-12-02 10:50:57','2025-12-02 10:50:57'),(371,2,1,2,NULL,'network','LSTM',41.2600,42.8100,0,0.8711,94.37,'2025-11-23 10:50:57','2025-11-24 10:50:57',NULL,'2025-12-02 10:50:57','2025-12-02 10:50:57'),(372,2,1,2,NULL,'network','KNN',49.0100,61.1500,0,0.8648,95.57,'2025-11-23 10:50:57','2025-11-24 10:50:57',NULL,'2025-12-02 10:50:57','2025-12-02 10:50:57'),(373,2,1,2,NULL,'network','ARIMA',54.0000,64.9400,0,0.8808,97.06,'2025-11-22 10:50:57','2025-11-23 10:50:57',NULL,'2025-12-02 10:50:57','2025-12-02 10:50:57'),(374,2,1,2,NULL,'network','XGBoost',50.3900,55.8400,0,0.8821,96.03,'2025-11-22 10:50:57','2025-11-23 10:50:57',NULL,'2025-12-02 10:50:57','2025-12-02 10:50:57'),(375,2,1,2,NULL,'network','Prophet',54.1700,57.8900,0,0.8778,94.04,'2025-11-22 10:50:57','2025-11-23 10:50:57',NULL,'2025-12-02 10:50:57','2025-12-02 10:50:57'),(376,2,1,2,NULL,'network','LSTM',69.5900,64.6800,0,0.9685,97.99,'2025-11-22 10:50:57','2025-11-23 10:50:57',NULL,'2025-12-02 10:50:57','2025-12-02 10:50:57'),(377,2,1,2,NULL,'network','KNN',46.5300,55.4300,0,0.9202,98.39,'2025-11-22 10:50:57','2025-11-23 10:50:57',NULL,'2025-12-02 10:50:57','2025-12-02 10:50:57'),(378,2,1,2,NULL,'network','ARIMA',59.5800,43.5700,0,0.9465,98.13,'2025-11-21 10:50:57','2025-11-22 10:50:57',NULL,'2025-12-02 10:50:57','2025-12-02 10:50:57'),(379,2,1,2,NULL,'network','XGBoost',67.1500,51.0300,0,0.8649,94.80,'2025-11-21 10:50:57','2025-11-22 10:50:57',NULL,'2025-12-02 10:50:57','2025-12-02 10:50:57'),(380,2,1,2,NULL,'network','Prophet',66.2600,69.8600,0,0.8321,96.09,'2025-11-21 10:50:57','2025-11-22 10:50:57',NULL,'2025-12-02 10:50:57','2025-12-02 10:50:57'),(381,2,1,2,NULL,'network','LSTM',58.4700,43.3600,0,0.9554,94.15,'2025-11-21 10:50:57','2025-11-22 10:50:57',NULL,'2025-12-02 10:50:57','2025-12-02 10:50:57'),(382,2,1,2,NULL,'network','KNN',49.5000,67.3400,0,0.8429,93.69,'2025-11-21 10:50:57','2025-11-22 10:50:57',NULL,'2025-12-02 10:50:57','2025-12-02 10:50:57'),(383,2,1,2,NULL,'network','ARIMA',50.5900,45.8200,0,0.9593,93.72,'2025-11-20 10:50:57','2025-11-21 10:50:57',NULL,'2025-12-02 10:50:57','2025-12-02 10:50:57'),(384,2,1,2,NULL,'network','XGBoost',68.9500,67.1700,0,0.8861,97.04,'2025-11-20 10:50:57','2025-11-21 10:50:57',NULL,'2025-12-02 10:50:57','2025-12-02 10:50:57'),(385,2,1,2,NULL,'network','Prophet',45.9100,68.7600,0,0.9143,96.26,'2025-11-20 10:50:57','2025-11-21 10:50:57',NULL,'2025-12-02 10:50:57','2025-12-02 10:50:57'),(386,2,1,2,NULL,'network','LSTM',72.0100,72.9500,0,0.9648,98.94,'2025-11-20 10:50:57','2025-11-21 10:50:57',NULL,'2025-12-02 10:50:57','2025-12-02 10:50:57'),(387,2,1,2,NULL,'network','KNN',42.2000,52.0100,0,0.9038,96.64,'2025-11-20 10:50:57','2025-11-21 10:50:57',NULL,'2025-12-02 10:50:57','2025-12-02 10:50:57'),(388,2,1,2,NULL,'network','ARIMA',55.9200,55.8100,0,0.9553,93.71,'2025-11-19 10:50:57','2025-11-20 10:50:57',NULL,'2025-12-02 10:50:57','2025-12-02 10:50:57'),(389,2,1,2,NULL,'network','XGBoost',71.7400,46.3000,0,0.8551,95.14,'2025-11-19 10:50:57','2025-11-20 10:50:57',NULL,'2025-12-02 10:50:57','2025-12-02 10:50:57'),(390,2,1,2,NULL,'network','Prophet',48.6200,45.6300,0,0.8391,98.06,'2025-11-19 10:50:57','2025-11-20 10:50:57',NULL,'2025-12-02 10:50:57','2025-12-02 10:50:57'),(391,2,1,2,NULL,'network','LSTM',40.7300,60.0900,0,0.9432,94.91,'2025-11-19 10:50:57','2025-11-20 10:50:57',NULL,'2025-12-02 10:50:57','2025-12-02 10:50:57'),(392,2,1,2,NULL,'network','KNN',45.9600,71.3000,0,0.9644,93.71,'2025-11-19 10:50:57','2025-11-20 10:50:57',NULL,'2025-12-02 10:50:57','2025-12-02 10:50:57'),(393,2,1,2,NULL,'network','ARIMA',64.8900,47.0400,0,0.9521,97.54,'2025-11-18 10:50:57','2025-11-19 10:50:57',NULL,'2025-12-02 10:50:57','2025-12-02 10:50:57'),(394,2,1,2,NULL,'network','XGBoost',45.9000,60.0100,0,0.8794,93.30,'2025-11-18 10:50:57','2025-11-19 10:50:57',NULL,'2025-12-02 10:50:57','2025-12-02 10:50:57'),(395,2,1,2,NULL,'network','Prophet',46.6000,67.8200,0,0.8872,96.95,'2025-11-18 10:50:57','2025-11-19 10:50:57',NULL,'2025-12-02 10:50:57','2025-12-02 10:50:57'),(396,2,1,2,NULL,'network','LSTM',42.4200,52.9100,0,0.9190,93.44,'2025-11-18 10:50:57','2025-11-19 10:50:57',NULL,'2025-12-02 10:50:57','2025-12-02 10:50:57'),(397,2,1,2,NULL,'network','KNN',56.1600,43.0200,0,0.8365,98.84,'2025-11-18 10:50:57','2025-11-19 10:50:57',NULL,'2025-12-02 10:50:57','2025-12-02 10:50:57'),(398,2,1,2,NULL,'network','ARIMA',65.3900,64.7900,0,0.8812,97.22,'2025-11-17 10:50:57','2025-11-18 10:50:57',NULL,'2025-12-02 10:50:57','2025-12-02 10:50:57'),(399,2,1,2,NULL,'network','XGBoost',54.6200,74.2900,0,0.9204,94.74,'2025-11-17 10:50:57','2025-11-18 10:50:57',NULL,'2025-12-02 10:50:57','2025-12-02 10:50:57'),(400,2,1,2,NULL,'network','Prophet',58.0600,64.7500,0,0.9683,97.90,'2025-11-17 10:50:57','2025-11-18 10:50:57',NULL,'2025-12-02 10:50:57','2025-12-02 10:50:57'),(401,2,1,2,NULL,'network','LSTM',44.2600,45.5100,0,0.8891,96.83,'2025-11-17 10:50:57','2025-11-18 10:50:57',NULL,'2025-12-02 10:50:57','2025-12-02 10:50:57'),(402,2,1,2,NULL,'network','KNN',72.4700,65.2800,0,0.9460,98.86,'2025-11-17 10:50:57','2025-11-18 10:50:57',NULL,'2025-12-02 10:50:57','2025-12-02 10:50:57'),(403,2,1,2,NULL,'network','ARIMA',53.7900,41.4600,0,0.8338,93.06,'2025-11-16 10:50:57','2025-11-17 10:50:57',NULL,'2025-12-02 10:50:57','2025-12-02 10:50:57'),(404,2,1,2,NULL,'network','XGBoost',73.8800,68.3800,0,0.8510,94.90,'2025-11-16 10:50:57','2025-11-17 10:50:57',NULL,'2025-12-02 10:50:57','2025-12-02 10:50:57'),(405,2,1,2,NULL,'network','Prophet',44.7000,65.2300,0,0.8583,98.08,'2025-11-16 10:50:57','2025-11-17 10:50:57',NULL,'2025-12-02 10:50:57','2025-12-02 10:50:57'),(406,2,1,2,NULL,'network','LSTM',62.0200,61.1700,0,0.8492,98.22,'2025-11-16 10:50:57','2025-11-17 10:50:57',NULL,'2025-12-02 10:50:57','2025-12-02 10:50:57'),(407,2,1,2,NULL,'network','KNN',72.7700,42.5800,0,0.9083,96.45,'2025-11-16 10:50:57','2025-11-17 10:50:57',NULL,'2025-12-02 10:50:57','2025-12-02 10:50:57'),(408,2,1,2,NULL,'network','ARIMA',46.8800,49.0400,0,0.9282,97.40,'2025-11-15 10:50:57','2025-11-16 10:50:57',NULL,'2025-12-02 10:50:57','2025-12-02 10:50:57'),(409,2,1,2,NULL,'network','XGBoost',59.7500,61.7100,0,0.8871,94.07,'2025-11-15 10:50:57','2025-11-16 10:50:57',NULL,'2025-12-02 10:50:57','2025-12-02 10:50:57'),(410,2,1,2,NULL,'network','Prophet',63.3800,68.1800,0,0.8330,97.16,'2025-11-15 10:50:57','2025-11-16 10:50:57',NULL,'2025-12-02 10:50:57','2025-12-02 10:50:57'),(411,2,1,2,NULL,'network','LSTM',53.9500,72.0200,0,0.8830,93.89,'2025-11-15 10:50:57','2025-11-16 10:50:57',NULL,'2025-12-02 10:50:57','2025-12-02 10:50:57'),(412,2,1,2,NULL,'network','KNN',61.3000,60.8500,0,0.8514,98.86,'2025-11-15 10:50:57','2025-11-16 10:50:57',NULL,'2025-12-02 10:50:57','2025-12-02 10:50:57'),(413,2,1,2,NULL,'network','ARIMA',54.9500,47.1700,0,0.9340,93.59,'2025-11-14 10:50:57','2025-11-15 10:50:57',NULL,'2025-12-02 10:50:57','2025-12-02 10:50:57'),(414,2,1,2,NULL,'network','XGBoost',49.3600,41.3800,0,0.8853,98.14,'2025-11-14 10:50:57','2025-11-15 10:50:57',NULL,'2025-12-02 10:50:57','2025-12-02 10:50:57'),(415,2,1,2,NULL,'network','Prophet',43.4700,72.4000,0,0.8763,98.26,'2025-11-14 10:50:57','2025-11-15 10:50:57',NULL,'2025-12-02 10:50:57','2025-12-02 10:50:57'),(416,2,1,2,NULL,'network','LSTM',53.7400,51.5900,0,0.8971,95.41,'2025-11-14 10:50:57','2025-11-15 10:50:57',NULL,'2025-12-02 10:50:57','2025-12-02 10:50:57'),(417,2,1,2,NULL,'network','KNN',59.9500,62.6000,0,0.9026,96.94,'2025-11-14 10:50:57','2025-11-15 10:50:57',NULL,'2025-12-02 10:50:57','2025-12-02 10:50:57'),(418,2,1,2,NULL,'network','ARIMA',65.4700,63.3600,0,0.8517,97.63,'2025-11-13 10:50:57','2025-11-14 10:50:57',NULL,'2025-12-02 10:50:57','2025-12-02 10:50:57'),(419,2,1,2,NULL,'network','XGBoost',53.8900,63.3600,0,0.8504,97.36,'2025-11-13 10:50:57','2025-11-14 10:50:57',NULL,'2025-12-02 10:50:57','2025-12-02 10:50:57'),(420,2,1,2,NULL,'network','Prophet',46.9400,68.3500,0,0.8937,98.08,'2025-11-13 10:50:57','2025-11-14 10:50:57',NULL,'2025-12-02 10:50:57','2025-12-02 10:50:57'),(421,2,1,2,NULL,'network','LSTM',70.2600,67.4800,0,0.8764,94.82,'2025-11-13 10:50:57','2025-11-14 10:50:57',NULL,'2025-12-02 10:50:57','2025-12-02 10:50:57'),(422,2,1,2,NULL,'network','KNN',58.2000,64.1900,0,0.9553,95.42,'2025-11-13 10:50:57','2025-11-14 10:50:57',NULL,'2025-12-02 10:50:57','2025-12-02 10:50:57'),(423,2,1,2,NULL,'network','ARIMA',51.5600,55.4500,0,0.8603,97.54,'2025-11-12 10:50:57','2025-11-13 10:50:57',NULL,'2025-12-02 10:50:57','2025-12-02 10:50:57'),(424,2,1,2,NULL,'network','XGBoost',44.7800,54.4200,0,0.9210,93.09,'2025-11-12 10:50:57','2025-11-13 10:50:57',NULL,'2025-12-02 10:50:57','2025-12-02 10:50:57'),(425,2,1,2,NULL,'network','Prophet',44.3700,60.2500,0,0.9026,98.13,'2025-11-12 10:50:57','2025-11-13 10:50:57',NULL,'2025-12-02 10:50:57','2025-12-02 10:50:57'),(426,2,1,2,NULL,'network','LSTM',65.3500,41.8900,0,0.8435,94.93,'2025-11-12 10:50:57','2025-11-13 10:50:57',NULL,'2025-12-02 10:50:57','2025-12-02 10:50:57'),(427,2,1,2,NULL,'network','KNN',51.2100,62.2300,0,0.8601,94.02,'2025-11-12 10:50:57','2025-11-13 10:50:57',NULL,'2025-12-02 10:50:57','2025-12-02 10:50:57'),(428,2,1,2,NULL,'network','ARIMA',47.1300,57.8300,0,0.9611,93.91,'2025-11-11 10:50:57','2025-11-12 10:50:57',NULL,'2025-12-02 10:50:57','2025-12-02 10:50:57'),(429,2,1,2,NULL,'network','XGBoost',73.3200,50.6500,0,0.9231,95.47,'2025-11-11 10:50:57','2025-11-12 10:50:57',NULL,'2025-12-02 10:50:57','2025-12-02 10:50:57'),(430,2,1,2,NULL,'network','Prophet',42.3100,43.2500,0,0.8673,93.32,'2025-11-11 10:50:57','2025-11-12 10:50:57',NULL,'2025-12-02 10:50:57','2025-12-02 10:50:57'),(431,2,1,2,NULL,'network','LSTM',56.4700,46.6900,0,0.9061,93.86,'2025-11-11 10:50:57','2025-11-12 10:50:57',NULL,'2025-12-02 10:50:57','2025-12-02 10:50:57'),(432,2,1,2,NULL,'network','KNN',43.1200,40.5100,0,0.9427,98.88,'2025-11-11 10:50:57','2025-11-12 10:50:57',NULL,'2025-12-02 10:50:57','2025-12-02 10:50:57'),(433,2,1,2,NULL,'network','ARIMA',57.1000,57.5200,0,0.8352,97.11,'2025-11-10 10:50:57','2025-11-11 10:50:57',NULL,'2025-12-02 10:50:57','2025-12-02 10:50:57'),(434,2,1,2,NULL,'network','XGBoost',50.9700,57.9200,0,0.9167,96.36,'2025-11-10 10:50:57','2025-11-11 10:50:57',NULL,'2025-12-02 10:50:57','2025-12-02 10:50:57'),(435,2,1,2,NULL,'network','Prophet',73.0700,41.4900,0,0.8830,97.59,'2025-11-10 10:50:57','2025-11-11 10:50:57',NULL,'2025-12-02 10:50:57','2025-12-02 10:50:57'),(436,2,1,2,NULL,'network','LSTM',64.0600,45.0300,0,0.9218,98.08,'2025-11-10 10:50:57','2025-11-11 10:50:57',NULL,'2025-12-02 10:50:57','2025-12-02 10:50:57'),(437,2,1,2,NULL,'network','KNN',49.4400,68.2300,0,0.8614,97.21,'2025-11-10 10:50:57','2025-11-11 10:50:57',NULL,'2025-12-02 10:50:57','2025-12-02 10:50:57'),(438,2,1,2,NULL,'network','ARIMA',69.1700,42.2000,0,0.9440,98.30,'2025-11-09 10:50:57','2025-11-10 10:50:57',NULL,'2025-12-02 10:50:57','2025-12-02 10:50:57'),(439,2,1,2,NULL,'network','XGBoost',73.9600,47.1500,0,0.8453,98.61,'2025-11-09 10:50:57','2025-11-10 10:50:57',NULL,'2025-12-02 10:50:57','2025-12-02 10:50:57'),(440,2,1,2,NULL,'network','Prophet',52.2300,72.9100,0,0.9215,95.67,'2025-11-09 10:50:57','2025-11-10 10:50:57',NULL,'2025-12-02 10:50:57','2025-12-02 10:50:57'),(441,2,1,2,NULL,'network','LSTM',49.4100,40.2200,0,0.8616,93.66,'2025-11-09 10:50:57','2025-11-10 10:50:57',NULL,'2025-12-02 10:50:57','2025-12-02 10:50:57'),(442,2,1,2,NULL,'network','KNN',70.4600,40.7800,0,0.9002,95.65,'2025-11-09 10:50:57','2025-11-10 10:50:57',NULL,'2025-12-02 10:50:57','2025-12-02 10:50:57'),(443,2,1,2,NULL,'network','ARIMA',64.4800,46.1300,0,0.9387,95.15,'2025-11-08 10:50:57','2025-11-09 10:50:57',NULL,'2025-12-02 10:50:57','2025-12-02 10:50:57'),(444,2,1,2,NULL,'network','XGBoost',56.0700,47.7700,0,0.9326,99.00,'2025-11-08 10:50:57','2025-11-09 10:50:57',NULL,'2025-12-02 10:50:57','2025-12-02 10:50:57'),(445,2,1,2,NULL,'network','Prophet',67.9600,74.8500,0,0.9114,98.53,'2025-11-08 10:50:57','2025-11-09 10:50:57',NULL,'2025-12-02 10:50:57','2025-12-02 10:50:57'),(446,2,1,2,NULL,'network','LSTM',70.1600,59.0700,0,0.8495,93.37,'2025-11-08 10:50:57','2025-11-09 10:50:57',NULL,'2025-12-02 10:50:57','2025-12-02 10:50:57'),(447,2,1,2,NULL,'network','KNN',71.2000,49.5200,0,0.9259,96.65,'2025-11-08 10:50:57','2025-11-09 10:50:57',NULL,'2025-12-02 10:50:57','2025-12-02 10:50:57'),(448,2,1,2,NULL,'network','ARIMA',74.5600,43.9400,0,0.9140,96.97,'2025-11-07 10:50:57','2025-11-08 10:50:57',NULL,'2025-12-02 10:50:57','2025-12-02 10:50:57'),(449,2,1,2,NULL,'network','XGBoost',57.7400,59.2600,0,0.8623,96.02,'2025-11-07 10:50:57','2025-11-08 10:50:57',NULL,'2025-12-02 10:50:57','2025-12-02 10:50:57'),(450,2,1,2,NULL,'network','Prophet',68.9300,61.7300,0,0.9174,94.56,'2025-11-07 10:50:57','2025-11-08 10:50:57',NULL,'2025-12-02 10:50:57','2025-12-02 10:50:57'),(451,2,1,2,NULL,'network','LSTM',54.9800,52.5700,0,0.9017,95.90,'2025-11-07 10:50:57','2025-11-08 10:50:57',NULL,'2025-12-02 10:50:57','2025-12-02 10:50:57'),(452,2,1,2,NULL,'network','KNN',70.7600,73.0900,0,0.8427,96.70,'2025-11-07 10:50:57','2025-11-08 10:50:57',NULL,'2025-12-02 10:50:57','2025-12-02 10:50:57'),(453,2,1,2,NULL,'network','ARIMA',68.4300,47.4000,0,0.9167,95.78,'2025-11-06 10:50:57','2025-11-07 10:50:57',NULL,'2025-12-02 10:50:57','2025-12-02 10:50:57'),(454,2,1,2,NULL,'network','XGBoost',56.0700,71.6800,0,0.8507,93.15,'2025-11-06 10:50:57','2025-11-07 10:50:57',NULL,'2025-12-02 10:50:57','2025-12-02 10:50:57'),(455,2,1,2,NULL,'network','Prophet',63.7600,51.2300,0,0.9095,98.26,'2025-11-06 10:50:57','2025-11-07 10:50:57',NULL,'2025-12-02 10:50:57','2025-12-02 10:50:57'),(456,2,1,2,NULL,'network','LSTM',63.9000,67.3800,0,0.9509,98.81,'2025-11-06 10:50:57','2025-11-07 10:50:57',NULL,'2025-12-02 10:50:57','2025-12-02 10:50:57'),(457,2,1,2,NULL,'network','KNN',48.9500,53.0000,0,0.8427,95.03,'2025-11-06 10:50:57','2025-11-07 10:50:57',NULL,'2025-12-02 10:50:57','2025-12-02 10:50:57'),(458,2,1,2,NULL,'network','ARIMA',54.6000,42.5300,0,0.8455,95.01,'2025-11-05 10:50:57','2025-11-06 10:50:57',NULL,'2025-12-02 10:50:57','2025-12-02 10:50:57'),(459,2,1,2,NULL,'network','XGBoost',52.0800,65.2100,0,0.9091,97.00,'2025-11-05 10:50:57','2025-11-06 10:50:57',NULL,'2025-12-02 10:50:57','2025-12-02 10:50:57'),(460,2,1,2,NULL,'network','Prophet',62.1900,46.0300,0,0.9643,94.68,'2025-11-05 10:50:57','2025-11-06 10:50:57',NULL,'2025-12-02 10:50:57','2025-12-02 10:50:57'),(461,2,1,2,NULL,'network','LSTM',58.2300,66.7800,0,0.8669,93.13,'2025-11-05 10:50:57','2025-11-06 10:50:57',NULL,'2025-12-02 10:50:57','2025-12-02 10:50:57'),(462,2,1,2,NULL,'network','KNN',51.1900,58.6500,0,0.9286,98.55,'2025-11-05 10:50:57','2025-11-06 10:50:57',NULL,'2025-12-02 10:50:57','2025-12-02 10:50:57'),(463,2,1,2,NULL,'network','ARIMA',57.8200,67.0200,0,0.8765,95.07,'2025-11-04 10:50:57','2025-11-05 10:50:57',NULL,'2025-12-02 10:50:57','2025-12-02 10:50:57'),(464,2,1,2,NULL,'network','XGBoost',65.5300,61.4200,0,0.9519,96.11,'2025-11-04 10:50:57','2025-11-05 10:50:57',NULL,'2025-12-02 10:50:57','2025-12-02 10:50:57'),(465,2,1,2,NULL,'network','Prophet',74.3500,52.2600,0,0.9430,98.92,'2025-11-04 10:50:57','2025-11-05 10:50:57',NULL,'2025-12-02 10:50:57','2025-12-02 10:50:57'),(466,2,1,2,NULL,'network','LSTM',57.8100,60.5100,0,0.8865,94.56,'2025-11-04 10:50:57','2025-11-05 10:50:57',NULL,'2025-12-02 10:50:57','2025-12-02 10:50:57'),(467,2,1,2,NULL,'network','KNN',43.1000,63.2200,0,0.8371,94.58,'2025-11-04 10:50:57','2025-11-05 10:50:57',NULL,'2025-12-02 10:50:57','2025-12-02 10:50:57'),(468,2,1,2,NULL,'network','ARIMA',45.8300,41.4600,0,0.9293,95.52,'2025-11-03 10:50:57','2025-11-04 10:50:57',NULL,'2025-12-02 10:50:57','2025-12-02 10:50:57'),(469,2,1,2,NULL,'network','XGBoost',74.1400,61.5300,0,0.8510,98.42,'2025-11-03 10:50:57','2025-11-04 10:50:57',NULL,'2025-12-02 10:50:57','2025-12-02 10:50:57'),(470,2,1,2,NULL,'network','Prophet',42.3100,61.7400,0,0.9570,97.04,'2025-11-03 10:50:57','2025-11-04 10:50:57',NULL,'2025-12-02 10:50:57','2025-12-02 10:50:57'),(471,2,1,2,NULL,'network','LSTM',62.6000,47.3000,0,0.8447,98.39,'2025-11-03 10:50:57','2025-11-04 10:50:57',NULL,'2025-12-02 10:50:57','2025-12-02 10:50:57'),(472,2,1,2,NULL,'network','KNN',46.2100,46.7400,0,0.8903,96.45,'2025-11-03 10:50:57','2025-11-04 10:50:57',NULL,'2025-12-02 10:50:57','2025-12-02 10:50:57'),(473,2,1,2,NULL,'network','ARIMA',60.3700,46.5000,0,0.8556,95.14,'2025-11-02 10:50:57','2025-11-03 10:50:57',NULL,'2025-12-02 10:50:57','2025-12-02 10:50:57'),(474,2,1,2,NULL,'network','XGBoost',48.1900,43.5200,0,0.9421,97.22,'2025-11-02 10:50:57','2025-11-03 10:50:57',NULL,'2025-12-02 10:50:57','2025-12-02 10:50:57'),(475,2,1,2,NULL,'network','Prophet',43.8800,55.6200,0,0.9558,93.92,'2025-11-02 10:50:57','2025-11-03 10:50:57',NULL,'2025-12-02 10:50:57','2025-12-02 10:50:57'),(476,2,1,2,NULL,'network','LSTM',42.4600,71.2300,0,0.8650,96.44,'2025-11-02 10:50:57','2025-11-03 10:50:57',NULL,'2025-12-02 10:50:57','2025-12-02 10:50:57'),(477,2,1,2,NULL,'network','KNN',44.1800,70.6500,0,0.8327,95.82,'2025-11-02 10:50:57','2025-11-03 10:50:57',NULL,'2025-12-02 10:50:57','2025-12-02 10:50:57'),(490,5,30,10,NULL,NULL,'XGBoost',63.0300,NULL,0,0.9158,NULL,'2025-12-02 13:00:00',NULL,NULL,'2025-12-02 13:00:00','2025-12-02 13:00:00'),(491,5,31,11,NULL,NULL,'XGBoost',67.4200,NULL,1,0.8613,NULL,'2025-12-02 13:00:00',NULL,NULL,'2025-12-02 13:00:00','2025-12-02 13:00:00'),(492,5,32,12,NULL,NULL,'XGBoost',69.7700,NULL,0,0.8850,NULL,'2025-12-02 13:00:00',NULL,NULL,'2025-12-02 13:00:00','2025-12-02 13:00:00'),(493,5,30,10,NULL,NULL,'XGBoost',51.7600,NULL,0,0.8905,NULL,'2025-12-02 13:23:00',NULL,NULL,'2025-12-02 13:23:00','2025-12-02 13:23:00'),(494,5,31,11,NULL,NULL,'XGBoost',52.6900,NULL,0,0.8242,NULL,'2025-12-02 13:23:00',NULL,NULL,'2025-12-02 13:23:00','2025-12-02 13:23:00'),(495,5,32,12,NULL,NULL,'XGBoost',35.0300,NULL,0,0.8683,NULL,'2025-12-02 13:23:00',NULL,NULL,'2025-12-02 13:23:00','2025-12-02 13:23:00'),(496,5,30,10,NULL,NULL,'XGBoost',54.9600,NULL,0,0.9029,NULL,'2025-12-02 13:39:00',NULL,NULL,'2025-12-02 13:39:00','2025-12-02 13:39:00'),(497,5,31,11,NULL,NULL,'XGBoost',36.7200,NULL,0,0.8094,NULL,'2025-12-02 13:39:00',NULL,NULL,'2025-12-02 13:39:00','2025-12-02 13:39:00'),(498,5,32,12,NULL,NULL,'XGBoost',33.9000,NULL,0,0.8269,NULL,'2025-12-02 13:39:00',NULL,NULL,'2025-12-02 13:39:00','2025-12-02 13:39:00'),(499,5,30,10,NULL,NULL,'XGBoost',49.9500,NULL,0,0.9257,NULL,'2025-12-02 13:48:00',NULL,NULL,'2025-12-02 13:48:00','2025-12-02 13:48:00'),(500,5,31,11,NULL,NULL,'XGBoost',42.6600,NULL,0,0.8258,NULL,'2025-12-02 13:48:00',NULL,NULL,'2025-12-02 13:48:00','2025-12-02 13:48:00'),(501,5,32,12,NULL,NULL,'XGBoost',65.0600,NULL,0,0.9020,NULL,'2025-12-02 13:48:00',NULL,NULL,'2025-12-02 13:48:00','2025-12-02 13:48:00'),(502,5,30,10,NULL,NULL,'XGBoost',54.1100,NULL,0,0.9279,NULL,'2025-12-02 14:03:00',NULL,NULL,'2025-12-02 14:03:00','2025-12-02 14:03:00'),(503,5,31,11,NULL,NULL,'XGBoost',68.4600,NULL,0,0.8570,NULL,'2025-12-02 14:03:00',NULL,NULL,'2025-12-02 14:03:00','2025-12-02 14:03:00'),(504,5,32,12,NULL,NULL,'XGBoost',64.9700,NULL,0,0.8031,NULL,'2025-12-02 14:03:00',NULL,NULL,'2025-12-02 14:03:00','2025-12-02 14:03:00'),(505,5,30,10,NULL,NULL,'XGBoost',38.9300,NULL,0,0.8884,NULL,'2025-12-02 14:13:00',NULL,NULL,'2025-12-02 14:13:00','2025-12-02 14:13:00'),(506,5,31,11,NULL,NULL,'XGBoost',47.6000,NULL,0,0.8665,NULL,'2025-12-02 14:13:00',NULL,NULL,'2025-12-02 14:13:00','2025-12-02 14:13:00'),(507,5,32,12,NULL,NULL,'XGBoost',54.1400,NULL,0,0.8287,NULL,'2025-12-02 14:13:00',NULL,NULL,'2025-12-02 14:13:00','2025-12-02 14:13:00'),(508,5,30,10,NULL,NULL,'XGBoost',65.1100,NULL,0,0.9100,NULL,'2025-12-02 14:14:00',NULL,NULL,'2025-12-02 14:14:00','2025-12-02 14:14:00'),(509,5,31,11,NULL,NULL,'XGBoost',53.1700,NULL,0,0.7944,NULL,'2025-12-02 14:14:00',NULL,NULL,'2025-12-02 14:14:00','2025-12-02 14:14:00'),(510,5,32,12,NULL,NULL,'XGBoost',71.9500,NULL,1,0.8010,NULL,'2025-12-02 14:14:00',NULL,NULL,'2025-12-02 14:14:00','2025-12-02 14:14:00'),(511,5,30,10,NULL,NULL,'XGBoost',36.6200,NULL,0,0.8746,NULL,'2025-12-02 14:27:00',NULL,NULL,'2025-12-02 14:27:00','2025-12-02 14:27:00'),(512,5,31,11,NULL,NULL,'XGBoost',69.8700,NULL,0,0.8316,NULL,'2025-12-02 14:27:00',NULL,NULL,'2025-12-02 14:27:00','2025-12-02 14:27:00'),(513,5,32,12,NULL,NULL,'XGBoost',67.8500,NULL,0,0.8636,NULL,'2025-12-02 14:27:00',NULL,NULL,'2025-12-02 14:27:00','2025-12-02 14:27:00'),(514,5,30,10,NULL,NULL,'XGBoost',33.1800,NULL,0,0.7986,NULL,'2025-12-02 14:37:00',NULL,NULL,'2025-12-02 14:37:00','2025-12-02 14:37:00'),(515,5,31,11,NULL,NULL,'XGBoost',48.0800,NULL,0,0.7838,NULL,'2025-12-02 14:37:00',NULL,NULL,'2025-12-02 14:37:00','2025-12-02 14:37:00'),(516,5,32,12,NULL,NULL,'XGBoost',69.0200,NULL,0,0.8578,NULL,'2025-12-02 14:37:00',NULL,NULL,'2025-12-02 14:37:00','2025-12-02 14:37:00'),(517,5,30,10,NULL,NULL,'XGBoost',31.1900,NULL,0,0.9229,NULL,'2025-12-02 14:44:00',NULL,NULL,'2025-12-02 14:44:00','2025-12-02 14:44:00'),(518,5,31,11,NULL,NULL,'XGBoost',43.0200,NULL,0,0.8216,NULL,'2025-12-02 14:44:00',NULL,NULL,'2025-12-02 14:44:00','2025-12-02 14:44:00'),(519,5,32,12,NULL,NULL,'XGBoost',66.2600,NULL,0,0.9486,NULL,'2025-12-02 14:44:00',NULL,NULL,'2025-12-02 14:44:00','2025-12-02 14:44:00'),(520,5,30,10,NULL,NULL,'XGBoost',61.6000,NULL,0,0.9400,NULL,'2025-12-02 15:00:00',NULL,NULL,'2025-12-02 15:00:00','2025-12-02 15:00:00'),(521,5,31,11,NULL,NULL,'XGBoost',28.7700,NULL,0,0.8054,NULL,'2025-12-02 15:00:00',NULL,NULL,'2025-12-02 15:00:00','2025-12-02 15:00:00'),(522,5,32,12,NULL,NULL,'XGBoost',47.3400,NULL,0,0.7812,NULL,'2025-12-02 15:00:00',NULL,NULL,'2025-12-02 15:00:00','2025-12-02 15:00:00'),(523,5,30,10,NULL,NULL,'XGBoost',55.0700,NULL,0,0.8845,NULL,'2025-12-02 16:28:00',NULL,NULL,'2025-12-02 16:28:00','2025-12-02 16:28:00'),(524,5,31,11,NULL,NULL,'XGBoost',38.0600,NULL,0,0.9160,NULL,'2025-12-02 16:28:00',NULL,NULL,'2025-12-02 16:28:00','2025-12-02 16:28:00'),(525,5,32,12,NULL,NULL,'XGBoost',53.3700,NULL,0,0.9246,NULL,'2025-12-02 16:28:00',NULL,NULL,'2025-12-02 16:28:00','2025-12-02 16:28:00'),(526,5,30,10,NULL,NULL,'XGBoost',42.3800,NULL,0,0.8982,NULL,'2025-12-02 16:51:00',NULL,NULL,'2025-12-02 16:51:00','2025-12-02 16:51:00'),(527,5,31,11,NULL,NULL,'XGBoost',41.2200,NULL,0,0.9194,NULL,'2025-12-02 16:51:00',NULL,NULL,'2025-12-02 16:51:00','2025-12-02 16:51:00'),(528,5,32,12,NULL,NULL,'XGBoost',35.5600,NULL,0,0.7858,NULL,'2025-12-02 16:51:00',NULL,NULL,'2025-12-02 16:51:00','2025-12-02 16:51:00'),(529,5,30,10,NULL,NULL,'XGBoost',35.2700,NULL,0,0.9133,NULL,'2025-12-02 17:03:00',NULL,NULL,'2025-12-02 17:03:00','2025-12-02 17:03:00'),(530,5,31,11,NULL,NULL,'XGBoost',33.5200,NULL,0,0.8607,NULL,'2025-12-02 17:03:00',NULL,NULL,'2025-12-02 17:03:00','2025-12-02 17:03:00'),(531,5,32,12,NULL,NULL,'XGBoost',47.1500,NULL,0,0.8347,NULL,'2025-12-02 17:03:00',NULL,NULL,'2025-12-02 17:03:00','2025-12-02 17:03:00'),(532,5,30,10,NULL,NULL,'XGBoost',55.0000,NULL,0,0.8291,NULL,'2025-12-02 17:09:00',NULL,NULL,'2025-12-02 17:09:00','2025-12-02 17:09:00'),(533,5,31,11,NULL,NULL,'XGBoost',87.2400,NULL,1,0.9205,NULL,'2025-12-02 17:09:00',NULL,NULL,'2025-12-02 17:09:00','2025-12-02 17:09:00'),(534,5,32,12,NULL,NULL,'XGBoost',74.3300,NULL,0,0.8712,NULL,'2025-12-02 17:09:00',NULL,NULL,'2025-12-02 17:09:00','2025-12-02 17:09:00'),(535,5,30,10,NULL,NULL,'XGBoost',56.7200,NULL,0,0.9055,NULL,'2025-12-02 17:22:00',NULL,NULL,'2025-12-02 17:22:00','2025-12-02 17:22:00'),(536,5,31,11,NULL,NULL,'XGBoost',70.9000,NULL,0,0.8794,NULL,'2025-12-02 17:22:00',NULL,NULL,'2025-12-02 17:22:00','2025-12-02 17:22:00'),(537,5,32,12,NULL,NULL,'XGBoost',46.0200,NULL,0,0.8785,NULL,'2025-12-02 17:22:00',NULL,NULL,'2025-12-02 17:22:00','2025-12-02 17:22:00'),(538,5,30,10,NULL,NULL,'XGBoost',51.2100,NULL,0,0.9161,NULL,'2025-12-02 17:27:00',NULL,NULL,'2025-12-02 17:27:00','2025-12-02 17:27:00'),(539,5,31,11,NULL,NULL,'XGBoost',50.5800,NULL,0,0.9067,NULL,'2025-12-02 17:27:00',NULL,NULL,'2025-12-02 17:27:00','2025-12-02 17:27:00'),(540,5,32,12,NULL,NULL,'XGBoost',65.1300,NULL,0,0.9293,NULL,'2025-12-02 17:27:00',NULL,NULL,'2025-12-02 17:27:00','2025-12-02 17:27:00'),(541,5,30,10,NULL,NULL,'XGBoost',50.0800,NULL,0,0.8027,NULL,'2025-12-02 17:33:00',NULL,NULL,'2025-12-02 17:33:00','2025-12-02 17:33:00'),(542,5,31,11,NULL,NULL,'XGBoost',53.3900,NULL,0,0.9419,NULL,'2025-12-02 17:33:00',NULL,NULL,'2025-12-02 17:33:00','2025-12-02 17:33:00'),(543,5,32,12,NULL,NULL,'XGBoost',30.9500,NULL,0,0.8482,NULL,'2025-12-02 17:33:00',NULL,NULL,'2025-12-02 17:33:00','2025-12-02 17:33:00'),(544,5,30,10,NULL,NULL,'XGBoost',37.4300,NULL,0,0.9499,NULL,'2025-12-02 17:37:00',NULL,NULL,'2025-12-02 17:37:00','2025-12-02 17:37:00'),(545,5,31,11,NULL,NULL,'XGBoost',60.3800,NULL,0,0.9469,NULL,'2025-12-02 17:37:00',NULL,NULL,'2025-12-02 17:37:00','2025-12-02 17:37:00'),(546,5,32,12,NULL,NULL,'XGBoost',66.8700,NULL,0,0.7909,NULL,'2025-12-02 17:37:00',NULL,NULL,'2025-12-02 17:37:00','2025-12-02 17:37:00'),(547,5,30,10,NULL,NULL,'XGBoost',58.4300,NULL,1,0.9176,NULL,'2025-12-03 09:15:00',NULL,NULL,'2025-12-03 09:15:00','2025-12-03 09:15:00'),(548,5,31,11,NULL,NULL,'XGBoost',39.5400,NULL,0,0.8095,NULL,'2025-12-03 09:15:00',NULL,NULL,'2025-12-03 09:15:00','2025-12-03 09:15:00'),(549,5,32,12,NULL,NULL,'XGBoost',27.0600,NULL,0,0.8673,NULL,'2025-12-03 09:15:00',NULL,NULL,'2025-12-03 09:15:00','2025-12-03 09:15:00'),(550,5,30,10,NULL,NULL,'XGBoost',48.8200,NULL,0,0.7991,NULL,'2025-12-03 09:43:00',NULL,NULL,'2025-12-03 09:43:00','2025-12-03 09:43:00'),(551,5,31,11,NULL,NULL,'XGBoost',44.2600,NULL,0,0.8625,NULL,'2025-12-03 09:43:00',NULL,NULL,'2025-12-03 09:43:00','2025-12-03 09:43:00'),(552,5,32,12,NULL,NULL,'XGBoost',70.2900,NULL,0,0.8209,NULL,'2025-12-03 09:43:00',NULL,NULL,'2025-12-03 09:43:00','2025-12-03 09:43:00'),(553,5,30,10,NULL,NULL,'XGBoost',58.6200,NULL,0,0.9297,NULL,'2025-12-03 10:08:01',NULL,NULL,'2025-12-03 10:08:01','2025-12-03 10:08:00'),(554,5,31,11,NULL,NULL,'XGBoost',56.6200,NULL,0,0.7897,NULL,'2025-12-03 10:08:01',NULL,NULL,'2025-12-03 10:08:01','2025-12-03 10:08:00'),(555,5,32,12,NULL,NULL,'XGBoost',52.7700,NULL,0,0.8570,NULL,'2025-12-03 10:08:01',NULL,NULL,'2025-12-03 10:08:01','2025-12-03 10:08:00'),(556,5,30,10,NULL,NULL,'XGBoost',50.8700,NULL,0,0.9448,NULL,'2025-12-03 11:06:00',NULL,NULL,'2025-12-03 11:06:00','2025-12-03 11:06:00'),(557,5,31,11,NULL,NULL,'XGBoost',55.5500,NULL,0,0.8293,NULL,'2025-12-03 11:06:00',NULL,NULL,'2025-12-03 11:06:00','2025-12-03 11:06:00'),(558,5,32,12,NULL,NULL,'XGBoost',62.9000,NULL,0,0.9337,NULL,'2025-12-03 11:06:00',NULL,NULL,'2025-12-03 11:06:00','2025-12-03 11:06:00'),(559,5,30,10,NULL,NULL,'XGBoost',55.7400,NULL,0,0.7966,NULL,'2025-12-03 11:14:00',NULL,NULL,'2025-12-03 11:14:00','2025-12-03 11:14:00'),(560,5,31,11,NULL,NULL,'XGBoost',38.4000,NULL,0,0.8610,NULL,'2025-12-03 11:14:00',NULL,NULL,'2025-12-03 11:14:00','2025-12-03 11:14:00'),(561,5,32,12,NULL,NULL,'XGBoost',70.3100,NULL,0,0.8954,NULL,'2025-12-03 11:14:00',NULL,NULL,'2025-12-03 11:14:00','2025-12-03 11:14:00'),(562,5,30,10,NULL,NULL,'XGBoost',45.4200,NULL,0,0.8637,NULL,'2025-12-03 11:20:00',NULL,NULL,'2025-12-03 11:20:00','2025-12-03 11:20:00'),(563,5,31,11,NULL,NULL,'XGBoost',54.4300,NULL,0,0.8053,NULL,'2025-12-03 11:20:00',NULL,NULL,'2025-12-03 11:20:00','2025-12-03 11:20:00'),(564,5,32,12,NULL,NULL,'XGBoost',55.6900,NULL,0,0.8586,NULL,'2025-12-03 11:20:00',NULL,NULL,'2025-12-03 11:20:00','2025-12-03 11:20:00'),(565,5,30,10,NULL,NULL,'XGBoost',59.7000,NULL,0,0.8330,NULL,'2025-12-03 16:15:00',NULL,NULL,'2025-12-03 16:15:00','2025-12-03 16:15:00'),(566,5,31,11,NULL,NULL,'XGBoost',28.8800,NULL,0,0.8231,NULL,'2025-12-03 16:15:00',NULL,NULL,'2025-12-03 16:15:00','2025-12-03 16:15:00'),(567,5,32,12,NULL,NULL,'XGBoost',45.5900,NULL,0,0.9458,NULL,'2025-12-03 16:15:00',NULL,NULL,'2025-12-03 16:15:00','2025-12-03 16:15:00'),(568,5,30,10,NULL,NULL,'XGBoost',72.0800,NULL,0,0.8412,NULL,'2025-12-03 16:49:00',NULL,NULL,'2025-12-03 16:49:00','2025-12-03 16:49:00'),(569,5,31,11,NULL,NULL,'XGBoost',33.7100,NULL,0,0.8511,NULL,'2025-12-03 16:49:00',NULL,NULL,'2025-12-03 16:49:00','2025-12-03 16:49:00'),(570,5,32,12,NULL,NULL,'XGBoost',102.4700,NULL,1,0.8890,NULL,'2025-12-03 16:49:00',NULL,NULL,'2025-12-03 16:49:00','2025-12-03 16:49:00'),(571,5,30,10,NULL,NULL,'XGBoost',63.4500,NULL,0,0.8639,NULL,'2025-12-06 14:39:01',NULL,NULL,'2025-12-06 14:39:01','2025-12-06 14:39:00'),(572,5,31,11,NULL,NULL,'XGBoost',55.7100,NULL,1,0.8319,NULL,'2025-12-06 14:39:01',NULL,NULL,'2025-12-06 14:39:01','2025-12-06 14:39:01'),(573,5,32,12,NULL,NULL,'XGBoost',50.4400,NULL,0,0.8480,NULL,'2025-12-06 14:39:01',NULL,NULL,'2025-12-06 14:39:01','2025-12-06 14:39:01'),(574,5,30,10,NULL,NULL,'XGBoost',40.9000,NULL,0,0.7888,NULL,'2025-12-08 09:16:00',NULL,NULL,'2025-12-08 09:16:00','2025-12-08 09:16:00'),(575,5,31,11,NULL,NULL,'XGBoost',39.6300,NULL,1,0.8025,NULL,'2025-12-08 09:16:00',NULL,NULL,'2025-12-08 09:16:00','2025-12-08 09:16:00'),(576,5,32,12,NULL,NULL,'XGBoost',34.5200,NULL,0,0.8569,NULL,'2025-12-08 09:16:00',NULL,NULL,'2025-12-08 09:16:00','2025-12-08 09:16:00'),(577,5,30,10,NULL,NULL,'XGBoost',41.8700,NULL,0,0.9148,NULL,'2025-12-08 09:37:00',NULL,NULL,'2025-12-08 09:37:00','2025-12-08 09:37:00'),(578,5,31,11,NULL,NULL,'XGBoost',35.4700,NULL,0,0.8165,NULL,'2025-12-08 09:37:00',NULL,NULL,'2025-12-08 09:37:00','2025-12-08 09:37:00'),(579,5,32,12,NULL,NULL,'XGBoost',50.8500,NULL,0,0.9214,NULL,'2025-12-08 09:37:00',NULL,NULL,'2025-12-08 09:37:00','2025-12-08 09:37:00'),(580,5,30,10,NULL,NULL,'XGBoost',62.8100,NULL,0,0.9118,NULL,'2025-12-08 09:48:00',NULL,NULL,'2025-12-08 09:48:00','2025-12-08 09:48:00'),(581,5,31,11,NULL,NULL,'XGBoost',65.5000,NULL,0,0.9176,NULL,'2025-12-08 09:48:00',NULL,NULL,'2025-12-08 09:48:00','2025-12-08 09:48:00'),(582,5,32,12,NULL,NULL,'XGBoost',32.4800,NULL,0,0.9302,NULL,'2025-12-08 09:48:00',NULL,NULL,'2025-12-08 09:48:00','2025-12-08 09:48:00'),(583,1,25,13,NULL,NULL,'DEFAULT',33.1000,NULL,0,0.8846,NULL,'2025-12-08 11:11:00',NULL,NULL,'2025-12-08 11:11:00','2025-12-08 11:11:00'),(584,1,25,14,NULL,NULL,'DEFAULT',58.1000,NULL,0,0.8138,NULL,'2025-12-08 11:11:00',NULL,NULL,'2025-12-08 11:11:00','2025-12-08 11:11:00'),(585,1,26,15,NULL,NULL,'DEFAULT',57.0900,NULL,0,0.7405,NULL,'2025-12-08 11:11:00',NULL,NULL,'2025-12-08 11:11:00','2025-12-08 11:11:00'),(586,1,27,16,NULL,NULL,'DEFAULT',56.6000,NULL,0,0.8799,NULL,'2025-12-08 11:11:00',NULL,NULL,'2025-12-08 11:11:00','2025-12-08 11:11:00'),(587,5,30,10,NULL,NULL,'XGBoost',67.1800,NULL,0,0.8713,NULL,'2025-12-08 11:11:00',NULL,NULL,'2025-12-08 11:11:00','2025-12-08 11:11:00'),(588,5,31,11,NULL,NULL,'XGBoost',57.6200,NULL,0,0.8100,NULL,'2025-12-08 11:11:00',NULL,NULL,'2025-12-08 11:11:00','2025-12-08 11:11:00'),(589,5,32,12,NULL,NULL,'XGBoost',58.3200,NULL,0,0.8704,NULL,'2025-12-08 11:11:00',NULL,NULL,'2025-12-08 11:11:00','2025-12-08 11:11:00'),(590,1,25,13,NULL,NULL,'DEFAULT',40.3500,NULL,0,0.7490,NULL,'2025-12-08 11:27:00',NULL,NULL,'2025-12-08 11:27:00','2025-12-08 11:27:00'),(591,1,25,14,NULL,NULL,'DEFAULT',42.4400,NULL,0,0.8595,NULL,'2025-12-08 11:27:00',NULL,NULL,'2025-12-08 11:27:00','2025-12-08 11:27:00'),(592,1,26,15,NULL,NULL,'DEFAULT',60.4400,NULL,0,0.6849,NULL,'2025-12-08 11:27:00',NULL,NULL,'2025-12-08 11:27:00','2025-12-08 11:27:00'),(593,1,27,16,NULL,NULL,'DEFAULT',56.5900,NULL,0,0.7820,NULL,'2025-12-08 11:27:00',NULL,NULL,'2025-12-08 11:27:00','2025-12-08 11:27:00'),(594,5,30,10,NULL,NULL,'XGBoost',70.0600,NULL,0,0.8516,NULL,'2025-12-08 11:27:00',NULL,NULL,'2025-12-08 11:27:00','2025-12-08 11:27:00'),(595,5,31,11,NULL,NULL,'XGBoost',73.3000,NULL,0,0.8321,NULL,'2025-12-08 11:27:00',NULL,NULL,'2025-12-08 11:27:00','2025-12-08 11:27:00'),(596,5,32,12,NULL,NULL,'XGBoost',37.2100,NULL,0,0.9085,NULL,'2025-12-08 11:27:00',NULL,NULL,'2025-12-08 11:27:00','2025-12-08 11:27:00'),(597,1,25,13,NULL,NULL,'DEFAULT',45.7700,NULL,0,0.7898,NULL,'2025-12-08 12:40:00',NULL,NULL,'2025-12-08 12:40:00','2025-12-08 12:40:00'),(598,1,25,14,NULL,NULL,'DEFAULT',68.8800,NULL,0,0.7808,NULL,'2025-12-08 12:40:00',NULL,NULL,'2025-12-08 12:40:00','2025-12-08 12:40:00'),(599,1,26,15,NULL,NULL,'DEFAULT',55.3100,NULL,0,0.7284,NULL,'2025-12-08 12:40:00',NULL,NULL,'2025-12-08 12:40:00','2025-12-08 12:40:00'),(600,1,27,16,NULL,NULL,'DEFAULT',41.8700,NULL,0,0.7544,NULL,'2025-12-08 12:40:00',NULL,NULL,'2025-12-08 12:40:00','2025-12-08 12:40:00'),(601,5,30,10,NULL,NULL,'XGBoost',37.5600,NULL,0,0.7967,NULL,'2025-12-08 12:40:00',NULL,NULL,'2025-12-08 12:40:00','2025-12-08 12:40:00'),(602,5,31,11,NULL,NULL,'XGBoost',68.2000,NULL,0,0.9190,NULL,'2025-12-08 12:40:00',NULL,NULL,'2025-12-08 12:40:00','2025-12-08 12:40:00'),(603,5,32,12,NULL,NULL,'XGBoost',60.7600,NULL,0,0.7837,NULL,'2025-12-08 12:40:00',NULL,NULL,'2025-12-08 12:40:00','2025-12-08 12:40:00'),(604,1,25,13,NULL,NULL,'DEFAULT',44.2600,NULL,1,0.7375,NULL,'2025-12-08 13:03:00',NULL,NULL,'2025-12-08 13:03:00','2025-12-08 13:03:00'),(605,1,25,14,NULL,NULL,'DEFAULT',59.3100,NULL,0,0.8200,NULL,'2025-12-08 13:03:00',NULL,NULL,'2025-12-08 13:03:00','2025-12-08 13:03:00'),(606,1,26,15,NULL,NULL,'DEFAULT',54.4600,NULL,0,0.8647,NULL,'2025-12-08 13:03:00',NULL,NULL,'2025-12-08 13:03:00','2025-12-08 13:03:00'),(607,1,27,16,NULL,NULL,'DEFAULT',50.6100,NULL,0,0.8195,NULL,'2025-12-08 13:03:00',NULL,NULL,'2025-12-08 13:03:00','2025-12-08 13:03:00'),(608,5,30,10,NULL,NULL,'XGBoost',50.9700,NULL,0,0.8550,NULL,'2025-12-08 13:03:00',NULL,NULL,'2025-12-08 13:03:00','2025-12-08 13:03:00'),(609,5,31,11,NULL,NULL,'XGBoost',33.8900,NULL,0,0.9241,NULL,'2025-12-08 13:03:00',NULL,NULL,'2025-12-08 13:03:00','2025-12-08 13:03:00'),(610,5,32,12,NULL,NULL,'XGBoost',66.7900,NULL,0,0.9237,NULL,'2025-12-08 13:03:00',NULL,NULL,'2025-12-08 13:03:00','2025-12-08 13:03:00'),(611,1,25,13,NULL,NULL,'DEFAULT',42.8200,NULL,0,0.6991,NULL,'2025-12-08 13:17:00',NULL,NULL,'2025-12-08 13:17:00','2025-12-08 13:17:00'),(612,1,25,14,NULL,NULL,'DEFAULT',73.9000,NULL,0,0.8051,NULL,'2025-12-08 13:17:00',NULL,NULL,'2025-12-08 13:17:00','2025-12-08 13:17:00'),(613,1,26,15,NULL,NULL,'DEFAULT',61.8300,NULL,0,0.7631,NULL,'2025-12-08 13:17:00',NULL,NULL,'2025-12-08 13:17:00','2025-12-08 13:17:00'),(614,1,27,16,NULL,NULL,'DEFAULT',47.7800,NULL,0,0.8130,NULL,'2025-12-08 13:17:00',NULL,NULL,'2025-12-08 13:17:00','2025-12-08 13:17:00'),(615,5,30,10,NULL,NULL,'XGBoost',60.5300,NULL,0,0.9400,NULL,'2025-12-08 13:17:00',NULL,NULL,'2025-12-08 13:17:00','2025-12-08 13:17:00'),(616,5,31,11,NULL,NULL,'XGBoost',65.0300,NULL,0,0.8365,NULL,'2025-12-08 13:17:00',NULL,NULL,'2025-12-08 13:17:00','2025-12-08 13:17:00'),(617,5,32,12,NULL,NULL,'XGBoost',54.4400,NULL,0,0.8125,NULL,'2025-12-08 13:17:00',NULL,NULL,'2025-12-08 13:17:00','2025-12-08 13:17:00'),(618,1,25,13,NULL,NULL,'DEFAULT',29.5900,NULL,0,0.7829,NULL,'2025-12-08 13:25:00',NULL,NULL,'2025-12-08 13:25:00','2025-12-08 13:25:00'),(619,1,25,14,NULL,NULL,'DEFAULT',73.4000,NULL,0,0.8274,NULL,'2025-12-08 13:25:00',NULL,NULL,'2025-12-08 13:25:00','2025-12-08 13:25:00'),(620,1,26,15,NULL,NULL,'DEFAULT',50.9300,NULL,0,0.7810,NULL,'2025-12-08 13:25:00',NULL,NULL,'2025-12-08 13:25:00','2025-12-08 13:25:00'),(621,1,27,16,NULL,NULL,'DEFAULT',37.0600,NULL,0,0.7965,NULL,'2025-12-08 13:25:00',NULL,NULL,'2025-12-08 13:25:00','2025-12-08 13:25:00'),(622,5,30,10,NULL,NULL,'XGBoost',37.7300,NULL,0,0.9199,NULL,'2025-12-08 13:25:00',NULL,NULL,'2025-12-08 13:25:00','2025-12-08 13:25:00'),(623,5,31,11,NULL,NULL,'XGBoost',70.7400,NULL,1,0.8724,NULL,'2025-12-08 13:25:00',NULL,NULL,'2025-12-08 13:25:00','2025-12-08 13:25:00'),(624,5,32,12,NULL,NULL,'XGBoost',50.3200,NULL,0,0.7978,NULL,'2025-12-08 13:25:00',NULL,NULL,'2025-12-08 13:25:00','2025-12-08 13:25:00'),(625,1,25,13,NULL,NULL,'DEFAULT',63.6700,NULL,0,0.8011,NULL,'2025-12-08 13:41:00',NULL,NULL,'2025-12-08 13:41:00','2025-12-08 13:41:00'),(626,1,25,14,NULL,NULL,'DEFAULT',36.0900,NULL,0,0.7887,NULL,'2025-12-08 13:41:00',NULL,NULL,'2025-12-08 13:41:00','2025-12-08 13:41:00'),(627,1,26,15,NULL,NULL,'DEFAULT',38.3600,NULL,0,0.8735,NULL,'2025-12-08 13:41:00',NULL,NULL,'2025-12-08 13:41:00','2025-12-08 13:41:00'),(628,1,27,16,NULL,NULL,'DEFAULT',70.1900,NULL,0,0.8792,NULL,'2025-12-08 13:41:00',NULL,NULL,'2025-12-08 13:41:00','2025-12-08 13:41:00'),(629,5,30,10,NULL,NULL,'XGBoost',32.0500,NULL,0,0.7948,NULL,'2025-12-08 13:41:00',NULL,NULL,'2025-12-08 13:41:00','2025-12-08 13:41:00'),(630,5,31,11,NULL,NULL,'XGBoost',66.7800,NULL,1,0.8324,NULL,'2025-12-08 13:41:00',NULL,NULL,'2025-12-08 13:41:00','2025-12-08 13:41:00'),(631,5,32,12,NULL,NULL,'XGBoost',51.8200,NULL,0,0.7950,NULL,'2025-12-08 13:41:00',NULL,NULL,'2025-12-08 13:41:00','2025-12-08 13:41:00'),(632,1,25,13,NULL,NULL,'DEFAULT',54.4800,NULL,0,0.8063,NULL,'2025-12-08 13:50:00',NULL,NULL,'2025-12-08 13:50:00','2025-12-08 13:50:00'),(633,1,25,14,NULL,NULL,'DEFAULT',63.5400,NULL,0,0.6641,NULL,'2025-12-08 13:50:00',NULL,NULL,'2025-12-08 13:50:00','2025-12-08 13:50:00'),(634,1,26,15,NULL,NULL,'DEFAULT',45.9200,NULL,0,0.8731,NULL,'2025-12-08 13:50:00',NULL,NULL,'2025-12-08 13:50:00','2025-12-08 13:50:00'),(635,1,27,16,NULL,NULL,'DEFAULT',54.7000,NULL,0,0.8279,NULL,'2025-12-08 13:50:00',NULL,NULL,'2025-12-08 13:50:00','2025-12-08 13:50:00'),(636,5,30,10,NULL,NULL,'XGBoost',41.1000,NULL,0,0.8421,NULL,'2025-12-08 13:50:00',NULL,NULL,'2025-12-08 13:50:00','2025-12-08 13:50:00'),(637,5,31,11,NULL,NULL,'XGBoost',53.2800,NULL,0,0.9060,NULL,'2025-12-08 13:50:00',NULL,NULL,'2025-12-08 13:50:00','2025-12-08 13:50:00'),(638,5,32,12,NULL,NULL,'XGBoost',53.8600,NULL,0,0.8940,NULL,'2025-12-08 13:50:00',NULL,NULL,'2025-12-08 13:50:00','2025-12-08 13:50:00'),(639,1,25,13,NULL,NULL,'DEFAULT',40.7900,NULL,0,0.7768,NULL,'2025-12-08 13:55:00',NULL,NULL,'2025-12-08 13:55:00','2025-12-08 13:55:00'),(640,1,25,14,NULL,NULL,'DEFAULT',73.5700,NULL,0,0.8204,NULL,'2025-12-08 13:55:00',NULL,NULL,'2025-12-08 13:55:00','2025-12-08 13:55:00'),(641,1,26,15,NULL,NULL,'DEFAULT',29.9100,NULL,0,0.7789,NULL,'2025-12-08 13:55:00',NULL,NULL,'2025-12-08 13:55:00','2025-12-08 13:55:00'),(642,1,27,16,NULL,NULL,'DEFAULT',34.5400,NULL,0,0.8175,NULL,'2025-12-08 13:55:00',NULL,NULL,'2025-12-08 13:55:00','2025-12-08 13:55:00'),(643,5,30,10,NULL,NULL,'XGBoost',41.8800,NULL,0,0.9380,NULL,'2025-12-08 13:55:00',NULL,NULL,'2025-12-08 13:55:00','2025-12-08 13:55:00'),(644,5,31,11,NULL,NULL,'XGBoost',45.3600,NULL,0,0.8089,NULL,'2025-12-08 13:55:00',NULL,NULL,'2025-12-08 13:55:00','2025-12-08 13:55:00'),(645,5,32,12,NULL,NULL,'XGBoost',43.6000,NULL,0,0.9368,NULL,'2025-12-08 13:55:00',NULL,NULL,'2025-12-08 13:55:00','2025-12-08 13:55:00'),(646,1,25,13,NULL,NULL,'DEFAULT',41.7300,NULL,0,0.7276,NULL,'2025-12-08 14:09:00',NULL,NULL,'2025-12-08 14:09:00','2025-12-08 14:09:00'),(647,1,25,14,NULL,NULL,'DEFAULT',32.9700,NULL,0,0.8362,NULL,'2025-12-08 14:09:00',NULL,NULL,'2025-12-08 14:09:00','2025-12-08 14:09:00'),(648,1,26,15,NULL,NULL,'DEFAULT',56.0100,NULL,0,0.8974,NULL,'2025-12-08 14:09:00',NULL,NULL,'2025-12-08 14:09:00','2025-12-08 14:09:00'),(649,1,27,16,NULL,NULL,'DEFAULT',28.6600,NULL,0,0.8967,NULL,'2025-12-08 14:09:00',NULL,NULL,'2025-12-08 14:09:00','2025-12-08 14:09:00'),(650,5,30,10,NULL,NULL,'XGBoost',58.6800,NULL,0,0.8669,NULL,'2025-12-08 14:09:00',NULL,NULL,'2025-12-08 14:09:00','2025-12-08 14:09:00'),(651,5,31,11,NULL,NULL,'XGBoost',67.9100,NULL,0,0.8791,NULL,'2025-12-08 14:09:00',NULL,NULL,'2025-12-08 14:09:00','2025-12-08 14:09:00'),(652,5,32,12,NULL,NULL,'XGBoost',59.9400,NULL,0,0.8643,NULL,'2025-12-08 14:09:00',NULL,NULL,'2025-12-08 14:09:00','2025-12-08 14:09:00'),(653,1,25,13,NULL,NULL,'DEFAULT',62.2500,NULL,0,0.8103,NULL,'2025-12-08 14:21:00',NULL,NULL,'2025-12-08 14:21:00','2025-12-08 14:21:00'),(654,1,25,14,NULL,NULL,'DEFAULT',61.3800,NULL,0,0.7658,NULL,'2025-12-08 14:21:00',NULL,NULL,'2025-12-08 14:21:00','2025-12-08 14:21:00'),(655,1,26,15,NULL,NULL,'DEFAULT',35.3000,NULL,0,0.8622,NULL,'2025-12-08 14:21:00',NULL,NULL,'2025-12-08 14:21:00','2025-12-08 14:21:00'),(656,1,27,16,NULL,NULL,'DEFAULT',34.8400,NULL,0,0.6814,NULL,'2025-12-08 14:21:00',NULL,NULL,'2025-12-08 14:21:00','2025-12-08 14:21:00'),(657,5,30,10,NULL,NULL,'XGBoost',42.7800,NULL,0,0.8005,NULL,'2025-12-08 14:21:00',NULL,NULL,'2025-12-08 14:21:00','2025-12-08 14:21:00'),(658,5,31,11,NULL,NULL,'XGBoost',45.2600,NULL,0,0.9344,NULL,'2025-12-08 14:21:00',NULL,NULL,'2025-12-08 14:21:00','2025-12-08 14:21:00'),(659,5,32,12,NULL,NULL,'XGBoost',42.7500,NULL,0,0.8788,NULL,'2025-12-08 14:21:00',NULL,NULL,'2025-12-08 14:21:00','2025-12-08 14:21:00'),(660,1,25,13,NULL,NULL,'DEFAULT',46.9200,NULL,0,0.6705,NULL,'2025-12-08 16:40:00',NULL,NULL,'2025-12-08 16:40:00','2025-12-08 16:40:00'),(661,1,25,14,NULL,NULL,'DEFAULT',65.9900,NULL,0,0.8273,NULL,'2025-12-08 16:40:00',NULL,NULL,'2025-12-08 16:40:00','2025-12-08 16:40:00'),(662,1,26,15,NULL,NULL,'DEFAULT',58.0400,NULL,0,0.7160,NULL,'2025-12-08 16:40:00',NULL,NULL,'2025-12-08 16:40:00','2025-12-08 16:40:00'),(663,1,27,16,NULL,NULL,'DEFAULT',34.1300,NULL,0,0.8779,NULL,'2025-12-08 16:40:00',NULL,NULL,'2025-12-08 16:40:00','2025-12-08 16:40:00'),(664,5,30,10,NULL,NULL,'XGBoost',61.5000,NULL,0,0.8518,NULL,'2025-12-08 16:40:00',NULL,NULL,'2025-12-08 16:40:00','2025-12-08 16:40:00'),(665,5,31,11,NULL,NULL,'XGBoost',47.0400,NULL,0,0.8666,NULL,'2025-12-08 16:40:00',NULL,NULL,'2025-12-08 16:40:00','2025-12-08 16:40:00'),(666,5,32,12,NULL,NULL,'XGBoost',65.3300,NULL,0,0.8522,NULL,'2025-12-08 16:40:00',NULL,NULL,'2025-12-08 16:40:00','2025-12-08 16:40:00'),(667,1,25,13,NULL,NULL,'DEFAULT',47.6100,NULL,0,0.7945,NULL,'2025-12-08 16:58:00',NULL,NULL,'2025-12-08 16:58:00','2025-12-08 16:58:00'),(668,1,25,14,NULL,NULL,'DEFAULT',58.1500,NULL,0,0.8407,NULL,'2025-12-08 16:58:00',NULL,NULL,'2025-12-08 16:58:00','2025-12-08 16:58:00'),(669,1,26,15,NULL,NULL,'DEFAULT',69.7100,NULL,0,0.8550,NULL,'2025-12-08 16:58:00',NULL,NULL,'2025-12-08 16:58:00','2025-12-08 16:58:00'),(670,1,27,16,NULL,NULL,'DEFAULT',52.8300,NULL,0,0.6861,NULL,'2025-12-08 16:58:00',NULL,NULL,'2025-12-08 16:58:00','2025-12-08 16:58:00'),(671,5,30,10,NULL,NULL,'XGBoost',103.3900,NULL,1,0.8383,NULL,'2025-12-08 16:58:00',NULL,NULL,'2025-12-08 16:58:00','2025-12-08 16:58:00'),(672,5,31,11,NULL,NULL,'XGBoost',104.7400,NULL,1,0.8269,NULL,'2025-12-08 16:58:00',NULL,NULL,'2025-12-08 16:58:00','2025-12-08 16:58:00'),(673,5,32,12,NULL,NULL,'XGBoost',75.4700,NULL,0,0.8339,NULL,'2025-12-08 16:58:00',NULL,NULL,'2025-12-08 16:58:00','2025-12-08 16:58:00'),(674,1,25,13,NULL,NULL,'DEFAULT',33.9800,NULL,0,0.8596,NULL,'2025-12-08 17:19:00',NULL,NULL,'2025-12-08 17:19:00','2025-12-08 17:19:00'),(675,1,25,14,NULL,NULL,'DEFAULT',47.3600,NULL,0,0.7090,NULL,'2025-12-08 17:19:00',NULL,NULL,'2025-12-08 17:19:00','2025-12-08 17:19:00'),(676,1,26,15,NULL,NULL,'DEFAULT',32.5600,NULL,0,0.7550,NULL,'2025-12-08 17:19:00',NULL,NULL,'2025-12-08 17:19:00','2025-12-08 17:19:00'),(677,1,27,16,NULL,NULL,'DEFAULT',58.2700,NULL,0,0.7833,NULL,'2025-12-08 17:19:00',NULL,NULL,'2025-12-08 17:19:00','2025-12-08 17:19:00'),(678,5,30,10,NULL,NULL,'XGBoost',55.5500,NULL,0,0.8649,NULL,'2025-12-08 17:19:00',NULL,NULL,'2025-12-08 17:19:00','2025-12-08 17:19:00'),(679,5,31,11,NULL,NULL,'XGBoost',46.9000,NULL,0,0.8994,NULL,'2025-12-08 17:19:00',NULL,NULL,'2025-12-08 17:19:00','2025-12-08 17:19:00'),(680,5,32,12,NULL,NULL,'XGBoost',58.8800,NULL,0,0.8643,NULL,'2025-12-08 17:19:00',NULL,NULL,'2025-12-08 17:19:00','2025-12-08 17:19:00'),(681,1,25,13,NULL,NULL,'DEFAULT',31.7200,NULL,0,0.7907,NULL,'2025-12-08 17:34:00',NULL,NULL,'2025-12-08 17:34:00','2025-12-08 17:34:00'),(682,1,25,14,NULL,NULL,'DEFAULT',32.0400,NULL,0,0.7165,NULL,'2025-12-08 17:34:00',NULL,NULL,'2025-12-08 17:34:00','2025-12-08 17:34:00'),(683,1,26,15,NULL,NULL,'DEFAULT',33.3100,NULL,0,0.8778,NULL,'2025-12-08 17:34:00',NULL,NULL,'2025-12-08 17:34:00','2025-12-08 17:34:00'),(684,1,27,16,NULL,NULL,'DEFAULT',64.1300,NULL,0,0.8327,NULL,'2025-12-08 17:34:00',NULL,NULL,'2025-12-08 17:34:00','2025-12-08 17:34:00'),(685,5,30,10,NULL,NULL,'XGBoost',57.4000,NULL,0,0.9027,NULL,'2025-12-08 17:34:00',NULL,NULL,'2025-12-08 17:34:00','2025-12-08 17:34:00'),(686,5,31,11,NULL,NULL,'XGBoost',40.9200,NULL,0,0.8003,NULL,'2025-12-08 17:34:00',NULL,NULL,'2025-12-08 17:34:00','2025-12-08 17:34:00'),(687,5,32,12,NULL,NULL,'XGBoost',40.0300,NULL,0,0.9211,NULL,'2025-12-08 17:34:00',NULL,NULL,'2025-12-08 17:34:00','2025-12-08 17:34:00'),(688,1,25,13,NULL,NULL,'DEFAULT',51.8100,NULL,0,0.7852,NULL,'2025-12-08 17:50:00',NULL,NULL,'2025-12-08 17:50:00','2025-12-08 17:50:00'),(689,1,25,14,NULL,NULL,'DEFAULT',31.5600,NULL,0,0.8753,NULL,'2025-12-08 17:50:00',NULL,NULL,'2025-12-08 17:50:00','2025-12-08 17:50:00'),(690,1,26,15,NULL,NULL,'DEFAULT',41.2700,NULL,0,0.8992,NULL,'2025-12-08 17:50:00',NULL,NULL,'2025-12-08 17:50:00','2025-12-08 17:50:00'),(691,1,27,16,NULL,NULL,'DEFAULT',36.1100,NULL,0,0.7390,NULL,'2025-12-08 17:50:00',NULL,NULL,'2025-12-08 17:50:00','2025-12-08 17:50:00'),(692,5,30,10,NULL,NULL,'XGBoost',51.4300,NULL,0,0.8912,NULL,'2025-12-08 17:50:00',NULL,NULL,'2025-12-08 17:50:00','2025-12-08 17:50:00'),(693,5,31,11,NULL,NULL,'XGBoost',38.5800,NULL,0,0.9181,NULL,'2025-12-08 17:50:00',NULL,NULL,'2025-12-08 17:50:00','2025-12-08 17:50:00'),(694,5,32,12,NULL,NULL,'XGBoost',49.1300,NULL,0,0.8273,NULL,'2025-12-08 17:50:00',NULL,NULL,'2025-12-08 17:50:00','2025-12-08 17:50:00'),(695,1,25,13,NULL,NULL,'DEFAULT',52.0500,NULL,0,0.8514,NULL,'2025-12-08 17:58:00',NULL,NULL,'2025-12-08 17:58:00','2025-12-08 17:58:00'),(696,1,25,14,NULL,NULL,'DEFAULT',42.5500,NULL,0,0.8318,NULL,'2025-12-08 17:58:00',NULL,NULL,'2025-12-08 17:58:00','2025-12-08 17:58:00'),(697,1,26,15,NULL,NULL,'DEFAULT',56.4300,NULL,0,0.6929,NULL,'2025-12-08 17:58:00',NULL,NULL,'2025-12-08 17:58:00','2025-12-08 17:58:00'),(698,1,27,16,NULL,NULL,'DEFAULT',37.0700,NULL,0,0.7075,NULL,'2025-12-08 17:58:00',NULL,NULL,'2025-12-08 17:58:00','2025-12-08 17:58:00'),(699,5,30,10,NULL,NULL,'XGBoost',65.2100,NULL,0,0.8153,NULL,'2025-12-08 17:58:00',NULL,NULL,'2025-12-08 17:58:00','2025-12-08 17:58:00'),(700,5,31,11,NULL,NULL,'XGBoost',30.9200,NULL,0,0.8177,NULL,'2025-12-08 17:58:00',NULL,NULL,'2025-12-08 17:58:00','2025-12-08 17:58:00'),(701,5,32,12,NULL,NULL,'XGBoost',58.1200,NULL,0,0.8696,NULL,'2025-12-08 17:58:00',NULL,NULL,'2025-12-08 17:58:00','2025-12-08 17:58:00'),(702,1,25,13,NULL,NULL,'DEFAULT',50.7900,NULL,0,0.6548,NULL,'2025-12-09 09:55:00',NULL,NULL,'2025-12-09 09:55:00','2025-12-09 09:55:00'),(703,1,25,14,NULL,NULL,'DEFAULT',48.0900,NULL,0,0.8101,NULL,'2025-12-09 09:55:00',NULL,NULL,'2025-12-09 09:55:00','2025-12-09 09:55:00'),(704,1,26,15,NULL,NULL,'DEFAULT',43.8700,NULL,0,0.8422,NULL,'2025-12-09 09:55:00',NULL,NULL,'2025-12-09 09:55:00','2025-12-09 09:55:00'),(705,1,27,16,NULL,NULL,'DEFAULT',49.6400,NULL,0,0.8969,NULL,'2025-12-09 09:55:00',NULL,NULL,'2025-12-09 09:55:00','2025-12-09 09:55:00'),(706,5,30,10,NULL,NULL,'XGBoost',61.8900,NULL,1,0.9225,NULL,'2025-12-09 09:55:00',NULL,NULL,'2025-12-09 09:55:00','2025-12-09 09:55:00'),(707,5,31,11,NULL,NULL,'XGBoost',52.7900,NULL,0,0.8031,NULL,'2025-12-09 09:55:00',NULL,NULL,'2025-12-09 09:55:00','2025-12-09 09:55:00'),(708,5,32,12,NULL,NULL,'XGBoost',31.5200,NULL,0,0.8431,NULL,'2025-12-09 09:55:01',NULL,NULL,'2025-12-09 09:55:01','2025-12-09 09:55:00'),(709,1,25,13,NULL,NULL,'DEFAULT',29.7600,NULL,0,0.8568,NULL,'2025-12-09 10:07:00',NULL,NULL,'2025-12-09 10:07:00','2025-12-09 10:07:00'),(710,1,25,14,NULL,NULL,'DEFAULT',62.4800,NULL,0,0.7235,NULL,'2025-12-09 10:07:00',NULL,NULL,'2025-12-09 10:07:00','2025-12-09 10:07:00'),(711,1,26,15,NULL,NULL,'DEFAULT',48.1200,NULL,0,0.8224,NULL,'2025-12-09 10:07:00',NULL,NULL,'2025-12-09 10:07:00','2025-12-09 10:07:00'),(712,1,27,16,NULL,NULL,'DEFAULT',38.8700,NULL,0,0.8910,NULL,'2025-12-09 10:07:00',NULL,NULL,'2025-12-09 10:07:00','2025-12-09 10:07:00'),(713,5,30,10,NULL,NULL,'XGBoost',30.3000,NULL,0,0.8992,NULL,'2025-12-09 10:07:00',NULL,NULL,'2025-12-09 10:07:00','2025-12-09 10:07:00'),(714,5,31,11,NULL,NULL,'XGBoost',65.8200,NULL,0,0.8935,NULL,'2025-12-09 10:07:00',NULL,NULL,'2025-12-09 10:07:00','2025-12-09 10:07:00'),(715,5,32,12,NULL,NULL,'XGBoost',32.3100,NULL,0,0.9484,NULL,'2025-12-09 10:07:00',NULL,NULL,'2025-12-09 10:07:00','2025-12-09 10:07:00'),(716,1,25,13,NULL,NULL,'DEFAULT',54.7200,NULL,0,0.7047,NULL,'2025-12-09 10:59:00',NULL,NULL,'2025-12-09 10:59:00','2025-12-09 10:59:00'),(717,1,25,14,NULL,NULL,'DEFAULT',32.7500,NULL,0,0.6914,NULL,'2025-12-09 10:59:00',NULL,NULL,'2025-12-09 10:59:00','2025-12-09 10:59:00'),(718,1,26,15,NULL,NULL,'DEFAULT',39.5900,NULL,0,0.6912,NULL,'2025-12-09 10:59:00',NULL,NULL,'2025-12-09 10:59:00','2025-12-09 10:59:00'),(719,1,27,16,NULL,NULL,'DEFAULT',47.8500,NULL,0,0.8406,NULL,'2025-12-09 10:59:00',NULL,NULL,'2025-12-09 10:59:00','2025-12-09 10:59:00'),(720,5,30,10,NULL,NULL,'XGBoost',72.1000,NULL,0,0.7932,NULL,'2025-12-09 10:59:00',NULL,NULL,'2025-12-09 10:59:00','2025-12-09 10:59:00'),(721,5,31,11,NULL,NULL,'XGBoost',73.8400,NULL,0,0.8572,NULL,'2025-12-09 10:59:00',NULL,NULL,'2025-12-09 10:59:00','2025-12-09 10:59:00'),(722,5,32,12,NULL,NULL,'XGBoost',73.4800,NULL,0,0.8483,NULL,'2025-12-09 10:59:00',NULL,NULL,'2025-12-09 10:59:00','2025-12-09 10:59:00'),(723,1,25,13,NULL,NULL,'DEFAULT',41.2200,NULL,0,0.8182,NULL,'2025-12-09 13:14:00',NULL,NULL,'2025-12-09 13:14:00','2025-12-09 13:14:00'),(724,1,25,14,NULL,NULL,'DEFAULT',34.3700,NULL,0,0.7659,NULL,'2025-12-09 13:14:00',NULL,NULL,'2025-12-09 13:14:00','2025-12-09 13:14:00'),(725,1,26,15,NULL,NULL,'DEFAULT',55.4500,NULL,0,0.7158,NULL,'2025-12-09 13:14:00',NULL,NULL,'2025-12-09 13:14:00','2025-12-09 13:14:00'),(726,1,27,16,NULL,NULL,'DEFAULT',57.8200,NULL,0,0.7328,NULL,'2025-12-09 13:14:00',NULL,NULL,'2025-12-09 13:14:00','2025-12-09 13:14:00'),(727,5,30,10,NULL,NULL,'XGBoost',39.0300,NULL,0,0.8061,NULL,'2025-12-09 13:14:00',NULL,NULL,'2025-12-09 13:14:00','2025-12-09 13:14:00'),(728,5,31,11,NULL,NULL,'XGBoost',49.9700,NULL,0,0.9062,NULL,'2025-12-09 13:14:00',NULL,NULL,'2025-12-09 13:14:00','2025-12-09 13:14:00'),(729,5,32,12,NULL,NULL,'XGBoost',54.3000,NULL,0,0.8631,NULL,'2025-12-09 13:14:00',NULL,NULL,'2025-12-09 13:14:00','2025-12-09 13:14:00'),(730,1,25,13,NULL,NULL,'DEFAULT',47.6700,NULL,0,0.7752,NULL,'2025-12-09 14:42:01',NULL,NULL,'2025-12-09 14:42:01','2025-12-09 14:42:00'),(731,1,25,14,NULL,NULL,'DEFAULT',44.1000,NULL,0,0.6989,NULL,'2025-12-09 14:42:01',NULL,NULL,'2025-12-09 14:42:01','2025-12-09 14:42:00'),(732,1,26,15,NULL,NULL,'DEFAULT',62.9600,NULL,1,0.8809,NULL,'2025-12-09 14:42:01',NULL,NULL,'2025-12-09 14:42:01','2025-12-09 14:42:00'),(733,1,27,16,NULL,NULL,'DEFAULT',60.6200,NULL,0,0.8476,NULL,'2025-12-09 14:42:01',NULL,NULL,'2025-12-09 14:42:01','2025-12-09 14:42:00'),(734,5,30,10,NULL,NULL,'XGBoost',38.9900,NULL,0,0.8235,NULL,'2025-12-09 14:42:01',NULL,NULL,'2025-12-09 14:42:01','2025-12-09 14:42:00'),(735,5,31,11,NULL,NULL,'XGBoost',60.3100,NULL,0,0.8217,NULL,'2025-12-09 14:42:01',NULL,NULL,'2025-12-09 14:42:01','2025-12-09 14:42:00'),(736,5,32,12,NULL,NULL,'XGBoost',44.9300,NULL,0,0.8087,NULL,'2025-12-09 14:42:01',NULL,NULL,'2025-12-09 14:42:01','2025-12-09 14:42:00'),(737,1,25,13,NULL,NULL,'DEFAULT',29.4800,NULL,0,0.8565,NULL,'2025-12-09 15:05:00',NULL,NULL,'2025-12-09 15:05:00','2025-12-09 15:05:00'),(738,1,25,14,NULL,NULL,'DEFAULT',36.0800,NULL,0,0.7205,NULL,'2025-12-09 15:05:00',NULL,NULL,'2025-12-09 15:05:00','2025-12-09 15:05:00'),(739,1,26,15,NULL,NULL,'DEFAULT',69.8100,NULL,0,0.7510,NULL,'2025-12-09 15:05:00',NULL,NULL,'2025-12-09 15:05:00','2025-12-09 15:05:00'),(740,1,27,16,NULL,NULL,'DEFAULT',60.4900,NULL,0,0.8723,NULL,'2025-12-09 15:05:00',NULL,NULL,'2025-12-09 15:05:00','2025-12-09 15:05:00'),(741,5,30,10,NULL,NULL,'XGBoost',46.4100,NULL,0,0.8887,NULL,'2025-12-09 15:05:00',NULL,NULL,'2025-12-09 15:05:00','2025-12-09 15:05:00'),(742,5,31,11,NULL,NULL,'XGBoost',34.7400,NULL,0,0.8521,NULL,'2025-12-09 15:05:00',NULL,NULL,'2025-12-09 15:05:00','2025-12-09 15:05:00'),(743,5,32,12,NULL,NULL,'XGBoost',65.4400,NULL,0,0.8668,NULL,'2025-12-09 15:05:00',NULL,NULL,'2025-12-09 15:05:00','2025-12-09 15:05:00'),(744,1,25,13,NULL,NULL,'DEFAULT',57.8100,NULL,0,0.7170,NULL,'2025-12-09 15:28:01',NULL,NULL,'2025-12-09 15:28:01','2025-12-09 15:28:00'),(745,1,25,14,NULL,NULL,'DEFAULT',31.0500,NULL,0,0.7228,NULL,'2025-12-09 15:28:01',NULL,NULL,'2025-12-09 15:28:01','2025-12-09 15:28:00'),(746,1,26,15,NULL,NULL,'DEFAULT',37.0200,NULL,0,0.8918,NULL,'2025-12-09 15:28:01',NULL,NULL,'2025-12-09 15:28:01','2025-12-09 15:28:00'),(747,1,27,16,NULL,NULL,'DEFAULT',66.6900,NULL,0,0.6773,NULL,'2025-12-09 15:28:01',NULL,NULL,'2025-12-09 15:28:01','2025-12-09 15:28:00'),(748,5,30,10,NULL,NULL,'XGBoost',35.3700,NULL,0,0.9209,NULL,'2025-12-09 15:28:01',NULL,NULL,'2025-12-09 15:28:01','2025-12-09 15:28:00'),(749,5,31,11,NULL,NULL,'XGBoost',73.0200,NULL,0,0.8375,NULL,'2025-12-09 15:28:01',NULL,NULL,'2025-12-09 15:28:01','2025-12-09 15:28:00'),(750,5,32,12,NULL,NULL,'XGBoost',76.2200,NULL,1,0.8622,NULL,'2025-12-09 15:28:01',NULL,NULL,'2025-12-09 15:28:01','2025-12-09 15:28:00'),(751,1,25,13,NULL,NULL,'DEFAULT',46.6600,NULL,0,0.7646,NULL,'2025-12-10 09:08:00',NULL,NULL,'2025-12-10 09:08:00','2025-12-10 09:08:00'),(752,1,25,14,NULL,NULL,'DEFAULT',38.4100,NULL,0,0.8870,NULL,'2025-12-10 09:08:00',NULL,NULL,'2025-12-10 09:08:00','2025-12-10 09:08:00'),(753,1,26,15,NULL,NULL,'DEFAULT',64.4600,NULL,0,0.8852,NULL,'2025-12-10 09:08:00',NULL,NULL,'2025-12-10 09:08:00','2025-12-10 09:08:00'),(754,1,27,16,NULL,NULL,'DEFAULT',37.8800,NULL,0,0.8109,NULL,'2025-12-10 09:08:00',NULL,NULL,'2025-12-10 09:08:00','2025-12-10 09:08:00'),(755,5,30,10,NULL,NULL,'XGBoost',64.8600,NULL,0,0.8787,NULL,'2025-12-10 09:08:00',NULL,NULL,'2025-12-10 09:08:00','2025-12-10 09:08:00'),(756,5,31,11,NULL,NULL,'XGBoost',36.3100,NULL,0,0.8526,NULL,'2025-12-10 09:08:00',NULL,NULL,'2025-12-10 09:08:00','2025-12-10 09:08:00'),(757,5,32,12,NULL,NULL,'XGBoost',64.8800,NULL,0,0.8742,NULL,'2025-12-10 09:08:00',NULL,NULL,'2025-12-10 09:08:00','2025-12-10 09:08:00'),(758,1,25,13,NULL,NULL,'KNN',51.2900,NULL,0,0.9131,NULL,'2025-12-11 09:22:01',NULL,NULL,'2025-12-11 09:22:01','2025-12-11 09:22:00'),(759,1,25,14,NULL,NULL,'DEFAULT',42.4400,NULL,0,0.7534,NULL,'2025-12-11 09:22:01',NULL,NULL,'2025-12-11 09:22:01','2025-12-11 09:22:00'),(760,1,26,15,NULL,NULL,'DEFAULT',46.9900,NULL,0,0.7886,NULL,'2025-12-11 09:22:01',NULL,NULL,'2025-12-11 09:22:01','2025-12-11 09:22:00'),(761,1,27,16,NULL,NULL,'DEFAULT',48.7700,NULL,0,0.7932,NULL,'2025-12-11 09:22:01',NULL,NULL,'2025-12-11 09:22:01','2025-12-11 09:22:00'),(762,5,30,10,NULL,NULL,'XGBoost',56.3000,NULL,0,0.8604,NULL,'2025-12-11 09:22:01',NULL,NULL,'2025-12-11 09:22:01','2025-12-11 09:22:00'),(763,5,31,11,NULL,NULL,'XGBoost',68.8900,NULL,0,0.9494,NULL,'2025-12-11 09:22:01',NULL,NULL,'2025-12-11 09:22:01','2025-12-11 09:22:00'),(764,5,32,12,NULL,NULL,'XGBoost',52.9400,NULL,0,0.8472,NULL,'2025-12-11 09:22:01',NULL,NULL,'2025-12-11 09:22:01','2025-12-11 09:22:00'),(765,1,25,13,NULL,NULL,'KNN',60.8300,NULL,0,0.9500,NULL,'2025-12-11 09:34:00',NULL,NULL,'2025-12-11 09:34:00','2025-12-11 09:34:00'),(766,1,25,14,NULL,NULL,'DEFAULT',50.3700,NULL,0,0.7785,NULL,'2025-12-11 09:34:00',NULL,NULL,'2025-12-11 09:34:00','2025-12-11 09:34:00'),(767,1,26,15,NULL,NULL,'DEFAULT',45.4400,NULL,0,0.6913,NULL,'2025-12-11 09:34:00',NULL,NULL,'2025-12-11 09:34:00','2025-12-11 09:34:00'),(768,1,27,16,NULL,NULL,'DEFAULT',34.8100,NULL,0,0.8470,NULL,'2025-12-11 09:34:00',NULL,NULL,'2025-12-11 09:34:00','2025-12-11 09:34:00'),(769,5,30,10,NULL,NULL,'XGBoost',51.5500,NULL,0,0.8178,NULL,'2025-12-11 09:34:00',NULL,NULL,'2025-12-11 09:34:00','2025-12-11 09:34:00'),(770,5,31,11,NULL,NULL,'XGBoost',60.2500,NULL,0,0.9102,NULL,'2025-12-11 09:34:00',NULL,NULL,'2025-12-11 09:34:00','2025-12-11 09:34:00'),(771,5,32,12,NULL,NULL,'XGBoost',60.8000,NULL,0,0.8778,NULL,'2025-12-11 09:34:00',NULL,NULL,'2025-12-11 09:34:00','2025-12-11 09:34:00'),(772,1,25,13,NULL,NULL,'KNN',75.7400,NULL,0,0.9429,NULL,'2025-12-11 11:10:00',NULL,NULL,'2025-12-11 11:10:00','2025-12-11 11:10:00'),(773,1,25,14,NULL,NULL,'DEFAULT',55.9500,NULL,0,0.8705,NULL,'2025-12-11 11:10:00',NULL,NULL,'2025-12-11 11:10:00','2025-12-11 11:10:00'),(774,1,26,15,NULL,NULL,'DEFAULT',34.5800,NULL,0,0.8678,NULL,'2025-12-11 11:10:00',NULL,NULL,'2025-12-11 11:10:00','2025-12-11 11:10:00'),(775,1,27,16,NULL,NULL,'DEFAULT',49.3300,NULL,0,0.7369,NULL,'2025-12-11 11:10:00',NULL,NULL,'2025-12-11 11:10:00','2025-12-11 11:10:00'),(776,5,30,10,NULL,NULL,'XGBoost',43.8600,NULL,0,0.9345,NULL,'2025-12-11 11:10:00',NULL,NULL,'2025-12-11 11:10:00','2025-12-11 11:10:00'),(777,5,31,11,NULL,NULL,'XGBoost',43.4600,NULL,0,0.9026,NULL,'2025-12-11 11:10:00',NULL,NULL,'2025-12-11 11:10:00','2025-12-11 11:10:00'),(778,5,32,12,NULL,NULL,'XGBoost',42.1800,NULL,0,0.9016,NULL,'2025-12-11 11:10:00',NULL,NULL,'2025-12-11 11:10:00','2025-12-11 11:10:00'),(779,1,25,13,NULL,NULL,'KNN',53.3900,NULL,0,0.9500,NULL,'2025-12-11 14:40:00',NULL,NULL,'2025-12-11 14:40:00','2025-12-11 14:40:00'),(780,1,25,14,NULL,NULL,'DEFAULT',36.5600,NULL,0,0.8961,NULL,'2025-12-11 14:40:00',NULL,NULL,'2025-12-11 14:40:00','2025-12-11 14:40:00'),(781,1,26,15,NULL,NULL,'DEFAULT',44.4200,NULL,0,0.6684,NULL,'2025-12-11 14:40:00',NULL,NULL,'2025-12-11 14:40:00','2025-12-11 14:40:00'),(782,1,27,16,NULL,NULL,'DEFAULT',66.6800,NULL,0,0.7342,NULL,'2025-12-11 14:40:00',NULL,NULL,'2025-12-11 14:40:00','2025-12-11 14:40:00'),(783,5,30,10,NULL,NULL,'XGBoost',33.4100,NULL,0,0.9457,NULL,'2025-12-11 14:40:00',NULL,NULL,'2025-12-11 14:40:00','2025-12-11 14:40:00'),(784,5,31,11,NULL,NULL,'XGBoost',69.1100,NULL,0,0.8406,NULL,'2025-12-11 14:40:00',NULL,NULL,'2025-12-11 14:40:00','2025-12-11 14:40:00'),(785,5,32,12,NULL,NULL,'XGBoost',39.1400,NULL,0,0.8410,NULL,'2025-12-11 14:40:00',NULL,NULL,'2025-12-11 14:40:00','2025-12-11 14:40:00'),(786,1,25,13,NULL,NULL,'KNN',43.8900,NULL,0,0.9462,NULL,'2025-12-11 15:21:00',NULL,NULL,'2025-12-11 15:21:00','2025-12-11 15:21:00'),(787,1,25,14,NULL,NULL,'DEFAULT',37.3500,NULL,0,0.8292,NULL,'2025-12-11 15:21:00',NULL,NULL,'2025-12-11 15:21:00','2025-12-11 15:21:00'),(788,1,26,15,NULL,NULL,'DEFAULT',50.8800,NULL,0,0.7307,NULL,'2025-12-11 15:21:00',NULL,NULL,'2025-12-11 15:21:00','2025-12-11 15:21:00'),(789,1,27,16,NULL,NULL,'DEFAULT',57.6500,NULL,0,0.8775,NULL,'2025-12-11 15:21:00',NULL,NULL,'2025-12-11 15:21:00','2025-12-11 15:21:00'),(790,5,30,10,NULL,NULL,'XGBoost',35.1300,NULL,0,0.9474,NULL,'2025-12-11 15:21:00',NULL,NULL,'2025-12-11 15:21:00','2025-12-11 15:21:00'),(791,5,31,11,NULL,NULL,'XGBoost',63.4000,NULL,0,0.9112,NULL,'2025-12-11 15:21:00',NULL,NULL,'2025-12-11 15:21:00','2025-12-11 15:21:00'),(792,5,32,12,NULL,NULL,'XGBoost',45.7300,NULL,1,0.7928,NULL,'2025-12-11 15:21:00',NULL,NULL,'2025-12-11 15:21:00','2025-12-11 15:21:00'),(793,1,25,13,NULL,NULL,'KNN',38.7100,NULL,0,0.9500,NULL,'2025-12-11 15:28:00',NULL,NULL,'2025-12-11 15:28:00','2025-12-11 15:28:00'),(794,1,25,14,NULL,NULL,'DEFAULT',62.8200,NULL,0,0.7422,NULL,'2025-12-11 15:28:00',NULL,NULL,'2025-12-11 15:28:00','2025-12-11 15:28:00'),(795,1,26,15,NULL,NULL,'DEFAULT',57.6000,NULL,0,0.7905,NULL,'2025-12-11 15:28:00',NULL,NULL,'2025-12-11 15:28:00','2025-12-11 15:28:00'),(796,1,27,16,NULL,NULL,'DEFAULT',46.8800,NULL,0,0.7355,NULL,'2025-12-11 15:28:00',NULL,NULL,'2025-12-11 15:28:00','2025-12-11 15:28:00'),(797,5,30,10,NULL,NULL,'XGBoost',47.4800,NULL,0,0.7857,NULL,'2025-12-11 15:28:00',NULL,NULL,'2025-12-11 15:28:00','2025-12-11 15:28:00'),(798,5,31,11,NULL,NULL,'XGBoost',42.1800,NULL,0,0.8364,NULL,'2025-12-11 15:28:00',NULL,NULL,'2025-12-11 15:28:00','2025-12-11 15:28:00'),(799,5,32,12,NULL,NULL,'XGBoost',56.6400,NULL,0,0.9081,NULL,'2025-12-11 15:28:00',NULL,NULL,'2025-12-11 15:28:00','2025-12-11 15:28:00'),(800,1,25,13,NULL,NULL,'KNN',33.6500,NULL,0,0.9171,NULL,'2025-12-11 15:55:00',NULL,NULL,'2025-12-11 15:55:00','2025-12-11 15:55:00'),(801,1,25,14,NULL,NULL,'DEFAULT',63.5800,NULL,0,0.8817,NULL,'2025-12-11 15:55:00',NULL,NULL,'2025-12-11 15:55:00','2025-12-11 15:55:00'),(802,1,26,15,NULL,NULL,'DEFAULT',56.9800,NULL,0,0.8703,NULL,'2025-12-11 15:55:00',NULL,NULL,'2025-12-11 15:55:00','2025-12-11 15:55:00'),(803,1,27,16,NULL,NULL,'DEFAULT',59.4800,NULL,0,0.8114,NULL,'2025-12-11 15:55:00',NULL,NULL,'2025-12-11 15:55:00','2025-12-11 15:55:00'),(804,5,30,10,NULL,NULL,'XGBoost',59.3600,NULL,0,0.8171,NULL,'2025-12-11 15:55:00',NULL,NULL,'2025-12-11 15:55:00','2025-12-11 15:55:00'),(805,5,31,11,NULL,NULL,'XGBoost',64.7500,NULL,0,0.8347,NULL,'2025-12-11 15:55:00',NULL,NULL,'2025-12-11 15:55:00','2025-12-11 15:55:00'),(806,5,32,12,NULL,NULL,'XGBoost',36.3100,NULL,0,0.8698,NULL,'2025-12-11 15:55:00',NULL,NULL,'2025-12-11 15:55:00','2025-12-11 15:55:00'),(807,1,25,13,NULL,NULL,'KNN',31.6700,NULL,0,0.9438,NULL,'2025-12-12 09:17:00',NULL,NULL,'2025-12-12 09:17:00','2025-12-12 09:17:00'),(808,1,25,14,NULL,NULL,'DEFAULT',32.8600,NULL,0,0.8710,NULL,'2025-12-12 09:17:00',NULL,NULL,'2025-12-12 09:17:00','2025-12-12 09:17:00'),(809,1,26,15,NULL,NULL,'DEFAULT',61.8700,NULL,0,0.7663,NULL,'2025-12-12 09:17:00',NULL,NULL,'2025-12-12 09:17:00','2025-12-12 09:17:00'),(810,1,27,16,NULL,NULL,'DEFAULT',99.2700,NULL,1,0.8119,NULL,'2025-12-12 09:17:00',NULL,NULL,'2025-12-12 09:17:00','2025-12-12 09:17:00'),(811,5,30,10,NULL,NULL,'XGBoost',43.2900,NULL,0,0.9185,NULL,'2025-12-12 09:17:00',NULL,NULL,'2025-12-12 09:17:00','2025-12-12 09:17:00'),(812,5,31,11,NULL,NULL,'XGBoost',37.3600,NULL,0,0.8201,NULL,'2025-12-12 09:17:00',NULL,NULL,'2025-12-12 09:17:00','2025-12-12 09:17:00'),(813,5,32,12,NULL,NULL,'XGBoost',32.4900,NULL,0,0.8308,NULL,'2025-12-12 09:17:00',NULL,NULL,'2025-12-12 09:17:00','2025-12-12 09:17:00'),(814,1,25,13,NULL,NULL,'KNN',46.1500,NULL,0,0.9500,NULL,'2025-12-12 09:42:00',NULL,NULL,'2025-12-12 09:42:00','2025-12-12 09:42:00'),(815,1,25,14,NULL,NULL,'DEFAULT',41.6600,NULL,0,0.7925,NULL,'2025-12-12 09:42:00',NULL,NULL,'2025-12-12 09:42:00','2025-12-12 09:42:00'),(816,1,26,15,NULL,NULL,'DEFAULT',39.9500,NULL,0,0.8630,NULL,'2025-12-12 09:42:00',NULL,NULL,'2025-12-12 09:42:00','2025-12-12 09:42:00'),(817,1,27,16,NULL,NULL,'DEFAULT',42.4200,NULL,0,0.7017,NULL,'2025-12-12 09:42:00',NULL,NULL,'2025-12-12 09:42:00','2025-12-12 09:42:00'),(818,5,30,10,NULL,NULL,'XGBoost',56.8200,NULL,0,0.8704,NULL,'2025-12-12 09:42:00',NULL,NULL,'2025-12-12 09:42:00','2025-12-12 09:42:00'),(819,5,31,11,NULL,NULL,'XGBoost',53.0800,NULL,0,0.9218,NULL,'2025-12-12 09:42:00',NULL,NULL,'2025-12-12 09:42:00','2025-12-12 09:42:00'),(820,5,32,12,NULL,NULL,'XGBoost',52.4600,NULL,0,0.8204,NULL,'2025-12-12 09:42:00',NULL,NULL,'2025-12-12 09:42:00','2025-12-12 09:42:00'),(821,1,25,13,NULL,NULL,'KNN',43.3600,NULL,0,0.9500,NULL,'2025-12-12 09:49:00',NULL,NULL,'2025-12-12 09:49:00','2025-12-12 09:49:00'),(822,1,25,14,NULL,NULL,'DEFAULT',33.7400,NULL,0,0.7251,NULL,'2025-12-12 09:49:00',NULL,NULL,'2025-12-12 09:49:00','2025-12-12 09:49:00'),(823,1,26,15,NULL,NULL,'DEFAULT',47.3900,NULL,0,0.6989,NULL,'2025-12-12 09:49:00',NULL,NULL,'2025-12-12 09:49:00','2025-12-12 09:49:00'),(824,1,27,16,NULL,NULL,'DEFAULT',56.0600,NULL,0,0.7208,NULL,'2025-12-12 09:49:00',NULL,NULL,'2025-12-12 09:49:00','2025-12-12 09:49:00'),(825,5,30,10,NULL,NULL,'XGBoost',33.2900,NULL,0,0.8492,NULL,'2025-12-12 09:49:00',NULL,NULL,'2025-12-12 09:49:00','2025-12-12 09:49:00'),(826,5,31,11,NULL,NULL,'XGBoost',45.4600,NULL,0,0.9334,NULL,'2025-12-12 09:49:00',NULL,NULL,'2025-12-12 09:49:00','2025-12-12 09:49:00'),(827,5,32,12,NULL,NULL,'XGBoost',29.3200,NULL,0,0.7834,NULL,'2025-12-12 09:49:00',NULL,NULL,'2025-12-12 09:49:00','2025-12-12 09:49:00'),(828,1,25,13,NULL,NULL,'KNN',45.4200,NULL,0,0.9080,NULL,'2025-12-12 10:12:00',NULL,NULL,'2025-12-12 10:12:00','2025-12-12 10:12:00'),(829,1,25,14,NULL,NULL,'DEFAULT',65.1200,NULL,0,0.7210,NULL,'2025-12-12 10:12:00',NULL,NULL,'2025-12-12 10:12:00','2025-12-12 10:12:00'),(830,1,26,15,NULL,NULL,'DEFAULT',53.6800,NULL,0,0.8216,NULL,'2025-12-12 10:12:00',NULL,NULL,'2025-12-12 10:12:00','2025-12-12 10:12:00'),(831,1,27,16,NULL,NULL,'DEFAULT',39.2500,NULL,0,0.6850,NULL,'2025-12-12 10:12:00',NULL,NULL,'2025-12-12 10:12:00','2025-12-12 10:12:00'),(832,5,30,10,NULL,NULL,'XGBoost',67.9500,NULL,0,0.9065,NULL,'2025-12-12 10:12:00',NULL,NULL,'2025-12-12 10:12:00','2025-12-12 10:12:00'),(833,5,31,11,NULL,NULL,'XGBoost',66.6800,NULL,0,0.8554,NULL,'2025-12-12 10:12:00',NULL,NULL,'2025-12-12 10:12:00','2025-12-12 10:12:00'),(834,5,32,12,NULL,NULL,'XGBoost',49.0100,NULL,0,0.8315,NULL,'2025-12-12 10:12:00',NULL,NULL,'2025-12-12 10:12:00','2025-12-12 10:12:00'),(835,1,25,13,NULL,NULL,'KNN',41.9700,NULL,0,0.9500,NULL,'2025-12-12 10:24:01',NULL,NULL,'2025-12-12 10:24:01','2025-12-12 10:24:00'),(836,1,25,14,NULL,NULL,'DEFAULT',63.3800,NULL,0,0.8948,NULL,'2025-12-12 10:24:01',NULL,NULL,'2025-12-12 10:24:01','2025-12-12 10:24:00'),(837,1,26,15,NULL,NULL,'DEFAULT',31.7500,NULL,0,0.8942,NULL,'2025-12-12 10:24:01',NULL,NULL,'2025-12-12 10:24:01','2025-12-12 10:24:00'),(838,1,27,16,NULL,NULL,'DEFAULT',61.2300,NULL,0,0.7770,NULL,'2025-12-12 10:24:01',NULL,NULL,'2025-12-12 10:24:01','2025-12-12 10:24:00'),(839,5,30,10,NULL,NULL,'XGBoost',58.5900,NULL,0,0.8865,NULL,'2025-12-12 10:24:01',NULL,NULL,'2025-12-12 10:24:01','2025-12-12 10:24:00'),(840,5,31,11,NULL,NULL,'XGBoost',42.3100,NULL,0,0.8015,NULL,'2025-12-12 10:24:01',NULL,NULL,'2025-12-12 10:24:01','2025-12-12 10:24:00'),(841,5,32,12,NULL,NULL,'XGBoost',61.0700,NULL,0,0.7942,NULL,'2025-12-12 10:24:01',NULL,NULL,'2025-12-12 10:24:01','2025-12-12 10:24:00'),(842,1,25,13,NULL,NULL,'KNN',43.5000,NULL,0,0.9141,NULL,'2025-12-12 11:04:00',NULL,NULL,'2025-12-12 11:04:00','2025-12-12 11:04:00'),(843,1,25,14,NULL,NULL,'DEFAULT',35.7100,NULL,0,0.7622,NULL,'2025-12-12 11:04:00',NULL,NULL,'2025-12-12 11:04:00','2025-12-12 11:04:00'),(844,1,26,15,NULL,NULL,'DEFAULT',56.1200,NULL,0,0.6571,NULL,'2025-12-12 11:04:00',NULL,NULL,'2025-12-12 11:04:00','2025-12-12 11:04:00'),(845,1,27,16,NULL,NULL,'DEFAULT',67.4600,NULL,0,0.6835,NULL,'2025-12-12 11:04:00',NULL,NULL,'2025-12-12 11:04:00','2025-12-12 11:04:00'),(846,5,30,10,NULL,NULL,'XGBoost',47.5300,NULL,0,0.8351,NULL,'2025-12-12 11:04:00',NULL,NULL,'2025-12-12 11:04:00','2025-12-12 11:04:00'),(847,5,31,11,NULL,NULL,'XGBoost',45.2100,NULL,0,0.8509,NULL,'2025-12-12 11:04:00',NULL,NULL,'2025-12-12 11:04:00','2025-12-12 11:04:00'),(848,5,32,12,NULL,NULL,'XGBoost',40.8600,NULL,0,0.8775,NULL,'2025-12-12 11:04:00',NULL,NULL,'2025-12-12 11:04:00','2025-12-12 11:04:00'),(849,1,25,13,NULL,NULL,'KNN',40.2800,NULL,0,0.8388,NULL,'2025-12-12 11:58:00',NULL,NULL,'2025-12-12 11:58:00','2025-12-12 11:58:00'),(850,1,25,14,NULL,NULL,'DEFAULT',33.9000,NULL,0,0.7715,NULL,'2025-12-12 11:58:00',NULL,NULL,'2025-12-12 11:58:00','2025-12-12 11:58:00'),(851,1,26,15,NULL,NULL,'DEFAULT',57.1200,NULL,0,0.7639,NULL,'2025-12-12 11:58:00',NULL,NULL,'2025-12-12 11:58:00','2025-12-12 11:58:00'),(852,1,27,16,NULL,NULL,'DEFAULT',57.2500,NULL,0,0.8367,NULL,'2025-12-12 11:58:00',NULL,NULL,'2025-12-12 11:58:00','2025-12-12 11:58:00'),(853,5,30,10,NULL,NULL,'XGBoost',37.6000,NULL,0,0.8290,NULL,'2025-12-12 11:58:00',NULL,NULL,'2025-12-12 11:58:00','2025-12-12 11:58:00'),(854,5,31,11,NULL,NULL,'XGBoost',59.1700,NULL,0,0.8854,NULL,'2025-12-12 11:58:00',NULL,NULL,'2025-12-12 11:58:00','2025-12-12 11:58:00'),(855,5,32,12,NULL,NULL,'XGBoost',36.3500,NULL,0,0.8971,NULL,'2025-12-12 11:58:00',NULL,NULL,'2025-12-12 11:58:00','2025-12-12 11:58:00'),(856,1,25,13,NULL,NULL,'KNN',37.6700,NULL,0,0.9270,NULL,'2025-12-12 12:06:00',NULL,NULL,'2025-12-12 12:06:00','2025-12-12 12:06:00'),(857,1,25,14,NULL,NULL,'DEFAULT',41.2200,NULL,0,0.8162,NULL,'2025-12-12 12:06:00',NULL,NULL,'2025-12-12 12:06:00','2025-12-12 12:06:00'),(858,1,26,15,NULL,NULL,'DEFAULT',59.0000,NULL,0,0.7452,NULL,'2025-12-12 12:06:00',NULL,NULL,'2025-12-12 12:06:00','2025-12-12 12:06:00'),(859,1,27,16,NULL,NULL,'DEFAULT',41.2100,NULL,0,0.6799,NULL,'2025-12-12 12:06:00',NULL,NULL,'2025-12-12 12:06:00','2025-12-12 12:06:00'),(860,5,30,10,NULL,NULL,'XGBoost',46.8400,NULL,0,0.8635,NULL,'2025-12-12 12:06:00',NULL,NULL,'2025-12-12 12:06:00','2025-12-12 12:06:00'),(861,5,31,11,NULL,NULL,'XGBoost',44.2100,NULL,0,0.8213,NULL,'2025-12-12 12:06:00',NULL,NULL,'2025-12-12 12:06:00','2025-12-12 12:06:00'),(862,5,32,12,NULL,NULL,'XGBoost',68.7300,NULL,0,0.9446,NULL,'2025-12-12 12:06:00',NULL,NULL,'2025-12-12 12:06:00','2025-12-12 12:06:00'),(863,1,25,13,NULL,NULL,'KNN',64.0700,NULL,0,0.9258,NULL,'2025-12-12 12:50:00',NULL,NULL,'2025-12-12 12:50:00','2025-12-12 12:50:00'),(864,1,25,14,NULL,NULL,'DEFAULT',61.0300,NULL,0,0.8483,NULL,'2025-12-12 12:50:00',NULL,NULL,'2025-12-12 12:50:00','2025-12-12 12:50:00'),(865,1,26,15,NULL,NULL,'DEFAULT',55.1000,NULL,0,0.7824,NULL,'2025-12-12 12:50:00',NULL,NULL,'2025-12-12 12:50:00','2025-12-12 12:50:00'),(866,1,27,16,NULL,NULL,'DEFAULT',32.7100,NULL,0,0.7715,NULL,'2025-12-12 12:50:00',NULL,NULL,'2025-12-12 12:50:00','2025-12-12 12:50:00'),(867,5,30,10,NULL,NULL,'XGBoost',59.7800,NULL,0,0.9417,NULL,'2025-12-12 12:50:00',NULL,NULL,'2025-12-12 12:50:00','2025-12-12 12:50:00'),(868,5,31,11,NULL,NULL,'XGBoost',34.1700,NULL,0,0.8975,NULL,'2025-12-12 12:50:00',NULL,NULL,'2025-12-12 12:50:00','2025-12-12 12:50:00'),(869,5,32,12,NULL,NULL,'XGBoost',48.8200,NULL,0,0.8109,NULL,'2025-12-12 12:50:00',NULL,NULL,'2025-12-12 12:50:00','2025-12-12 12:50:00'),(870,1,25,13,NULL,NULL,'KNN',58.3900,NULL,0,0.9500,NULL,'2025-12-12 13:09:00',NULL,NULL,'2025-12-12 13:09:00','2025-12-12 13:09:00'),(871,1,25,14,NULL,NULL,'DEFAULT',54.1400,NULL,0,0.6694,NULL,'2025-12-12 13:09:00',NULL,NULL,'2025-12-12 13:09:00','2025-12-12 13:09:00'),(872,1,26,15,NULL,NULL,'DEFAULT',61.6300,NULL,0,0.8429,NULL,'2025-12-12 13:09:00',NULL,NULL,'2025-12-12 13:09:00','2025-12-12 13:09:00'),(873,1,27,16,NULL,NULL,'DEFAULT',35.4700,NULL,0,0.6520,NULL,'2025-12-12 13:09:00',NULL,NULL,'2025-12-12 13:09:00','2025-12-12 13:09:00'),(874,5,30,10,NULL,NULL,'XGBoost',70.5400,NULL,0,0.8476,NULL,'2025-12-12 13:09:00',NULL,NULL,'2025-12-12 13:09:00','2025-12-12 13:09:00'),(875,5,31,11,NULL,NULL,'XGBoost',57.8100,NULL,0,0.9426,NULL,'2025-12-12 13:09:00',NULL,NULL,'2025-12-12 13:09:00','2025-12-12 13:09:00'),(876,5,32,12,NULL,NULL,'XGBoost',37.6000,NULL,0,0.8600,NULL,'2025-12-12 13:09:00',NULL,NULL,'2025-12-12 13:09:00','2025-12-12 13:09:00');
/*!40000 ALTER TABLE `prediction_result` ENABLE KEYS */;
UNLOCK TABLES;

--
-- Table structure for table `prediction_risk`
--

DROP TABLE IF EXISTS `prediction_risk`;
/*!40101 SET @saved_cs_client     = @@character_set_client */;
/*!50503 SET character_set_client = utf8mb4 */;
CREATE TABLE `prediction_risk` (
  `id` bigint NOT NULL AUTO_INCREMENT,
  `target_type` varchar(50) DEFAULT NULL,
  `target_id` bigint DEFAULT NULL,
  `target_name` varchar(100) DEFAULT NULL,
  `category_id` bigint DEFAULT NULL,
  `category_name` varchar(100) DEFAULT NULL,
  `risk_type` varchar(50) DEFAULT NULL,
  `risk_level` varchar(20) DEFAULT NULL,
  `risk_score` int DEFAULT NULL,
  `failure_type` varchar(50) DEFAULT NULL,
  `failure_description` text,
  `failure_probability` decimal(5,2) DEFAULT NULL,
  `predict_days` int DEFAULT NULL,
  `predicted_time` datetime DEFAULT NULL,
  `detected_time` datetime DEFAULT NULL,
  `impact_level` varchar(20) DEFAULT NULL,
  `impact_description` text,
  `affected_services` text,
  `root_cause` text,
  `related_metrics` text,
  `recommendations` text,
  `auto_fix_available` tinyint(1) DEFAULT '0',
  `status` varchar(20) DEFAULT 'active',
  `acknowledged_by` varchar(50) DEFAULT NULL,
  `acknowledged_at` datetime DEFAULT NULL,
  `resolved_at` datetime DEFAULT NULL,
  `resolution_notes` text,
  `alert_sent` tinyint(1) DEFAULT '0',
  `alert_channels` varchar(200) DEFAULT NULL,
  `created_at` datetime DEFAULT CURRENT_TIMESTAMP,
  `updated_at` datetime DEFAULT CURRENT_TIMESTAMP ON UPDATE CURRENT_TIMESTAMP,
  `deleted` int DEFAULT '0',
  PRIMARY KEY (`id`)
) ENGINE=InnoDB AUTO_INCREMENT=6 DEFAULT CHARSET=utf8mb4 COLLATE=utf8mb4_0900_ai_ci;
/*!40101 SET character_set_client = @saved_cs_client */;

--
-- Dumping data for table `prediction_risk`
--

LOCK TABLES `prediction_risk` WRITE;
/*!40000 ALTER TABLE `prediction_risk` DISABLE KEYS */;
INSERT INTO `prediction_risk` VALUES (1,'device',2,'db-server-01',6,'数据库服务器','performance','medium',65,'memory_exhaustion','数据库服务器内存使用率持续偏高，可能导致服务响应变慢',22.50,7,'2025-12-04 18:34:26','2025-11-29 18:34:26','medium','可能影响依赖该数据库的应用服务','应用服务、Web服务','查询优化不足，缓存配置不当',NULL,'增加内存容量，优化数据库查询，调整缓存策略',0,'resolved',NULL,NULL,NULL,NULL,0,NULL,'2025-11-29 18:34:26','2025-11-29 19:08:20',0),(2,'device',6,'firewall-01',10,'防火墙','configuration','medium',58,'rule_overload','防火墙规则数量过多，导致处理延迟增加',18.00,7,'2025-12-09 18:34:26','2025-11-29 18:34:26','medium','网络流量处理延迟增加','全网服务','历史规则未清理，规则冗余',NULL,'清理过期规则，合并重复规则，优化规则顺序',0,'active',NULL,NULL,NULL,NULL,0,NULL,'2025-11-29 18:34:26','2025-11-29 18:34:26',0),(3,'device',10,'san-storage-01',14,'SAN存储','capacity','high',85,'disk_full','SAN存储容量即将耗尽，需要立即扩容',32.00,3,'2025-12-02 18:34:26','2025-11-29 18:34:26','high','存储空间不足将导致数据写入失败','数据库服务、备份服务、文件服务','数据增长速度超预期，未及时扩容',NULL,'紧急采购存储设备，迁移冷数据到归档存储',0,'resolved',NULL,NULL,NULL,NULL,0,NULL,'2025-11-29 18:34:26','2025-11-29 19:05:40',0),(4,'device',9,'nas-storage-01',13,'NAS存储','capacity','low',35,'capacity_warning','NAS存储使用率上升，建议提前规划扩容',14.00,30,'2025-12-29 18:34:26','2025-11-29 18:34:26','low','长期来看可能影响存储空间','文件共享服务','业务数据持续增长',NULL,'制定存储扩容计划，清理无用文件',0,'active',NULL,NULL,NULL,NULL,0,NULL,'2025-11-29 18:34:26','2025-11-29 18:34:26',0),(5,'device',1,'web-server-01',5,'Web服务器','performance','low',25,'cpu_spike','Web服务器高峰期CPU使用率偶尔偏高',8.50,14,'2025-12-13 18:34:26','2025-11-29 18:34:26','low','高峰期响应时间可能略有增加','Web应用服务','业务高峰期访问量增加',NULL,'优化代码性能，增加缓存，考虑负载均衡',0,'active',NULL,NULL,NULL,NULL,0,NULL,'2025-11-29 18:34:26','2025-11-29 18:34:26',0);
/*!40000 ALTER TABLE `prediction_risk` ENABLE KEYS */;
UNLOCK TABLES;

--
-- Table structure for table `prediction_train_history`
--

DROP TABLE IF EXISTS `prediction_train_history`;
/*!40101 SET @saved_cs_client     = @@character_set_client */;
/*!50503 SET character_set_client = utf8mb4 */;
CREATE TABLE `prediction_train_history` (
  `id` bigint NOT NULL AUTO_INCREMENT,
  `service_id` bigint NOT NULL,
  `model_device_id` bigint DEFAULT NULL,
  `train_start_time` datetime DEFAULT NULL,
  `train_end_time` datetime DEFAULT NULL,
  `train_status` varchar(20) DEFAULT NULL,
  `train_duration` int DEFAULT NULL,
  `data_count` int DEFAULT NULL,
  `model_version` varchar(50) DEFAULT NULL,
  `accuracy_rate` decimal(5,2) DEFAULT NULL,
  `error_message` text,
  `train_params` text,
  `create_time` datetime DEFAULT CURRENT_TIMESTAMP,
  `update_time` datetime DEFAULT CURRENT_TIMESTAMP ON UPDATE CURRENT_TIMESTAMP,
  PRIMARY KEY (`id`)
) ENGINE=InnoDB AUTO_INCREMENT=18 DEFAULT CHARSET=utf8mb4 COLLATE=utf8mb4_0900_ai_ci;
/*!40101 SET character_set_client = @saved_cs_client */;

--
-- Dumping data for table `prediction_train_history`
--

LOCK TABLES `prediction_train_history` WRITE;
/*!40000 ALTER TABLE `prediction_train_history` DISABLE KEYS */;
INSERT INTO `prediction_train_history` VALUES (1,1,1,'2025-11-29 15:27:17','2025-11-29 15:42:17','completed',15,10240,'v1.2.3',93.25,NULL,'{\"k\":5,\"normalize\":true}','2025-11-29 17:27:17','2025-11-29 17:27:17'),(2,1,2,'2025-11-29 15:27:17','2025-11-29 15:47:17','completed',20,8960,'v1.2.3',91.80,NULL,'{\"k\":5,\"normalize\":true}','2025-11-29 17:27:17','2025-11-29 17:27:17'),(3,1,3,'2025-11-28 17:27:17','2025-11-28 17:37:17','completed',10,12800,'v1.2.2',92.15,NULL,'{\"k\":5,\"normalize\":true}','2025-11-29 17:27:17','2025-11-29 17:27:17'),(4,2,5,'2025-11-28 17:27:17','2025-11-28 17:57:17','completed',30,5120,'v2.0.1',89.50,NULL,'{\"seasonality\":\"daily\"}','2025-11-29 17:27:17','2025-11-29 17:27:17'),(5,2,6,'2025-11-28 17:27:17','2025-11-28 18:02:17','completed',35,4800,'v2.0.1',87.90,NULL,'{\"seasonality\":\"daily\"}','2025-11-29 17:27:17','2025-11-29 17:27:17'),(6,2,7,'2025-11-29 16:27:17',NULL,'training',NULL,3200,'v2.0.2',NULL,NULL,'{\"seasonality\":\"weekly\"}','2025-11-29 17:27:17','2025-11-29 17:27:17'),(7,3,8,'2025-11-26 17:27:17','2025-11-27 17:27:17','completed',120,25600,'v3.1.0',95.20,NULL,'{\"epochs\":100,\"batch_size\":32}','2025-11-29 17:27:17','2025-11-29 17:27:17'),(8,3,9,'2025-11-26 17:27:17','2025-11-27 17:57:17','completed',150,20480,'v3.1.0',93.15,NULL,'{\"epochs\":100,\"batch_size\":32}','2025-11-29 17:27:17','2025-11-29 17:27:17'),(9,5,10,'2025-11-29 11:27:17','2025-11-29 11:42:17','completed',15,8640,'v1.0.5',91.80,NULL,'{\"n_estimators\":100}','2025-11-29 17:27:17','2025-11-29 17:27:17'),(10,5,11,'2025-11-29 11:27:17','2025-11-29 11:47:17','completed',20,7200,'v1.0.5',90.65,NULL,'{\"n_estimators\":100}','2025-11-29 17:27:17','2025-11-29 17:27:17'),(11,5,12,'2025-11-29 16:57:17',NULL,'training',NULL,6480,'v1.0.6',NULL,NULL,'{\"n_estimators\":150}','2025-11-29 17:27:17','2025-11-29 17:27:17'),(12,1,1,'2025-11-29 17:31:04','2025-11-29 17:31:29','success',25,6474,'v1.1.1',80.47,NULL,NULL,'2025-11-29 17:31:04','2025-11-29 17:31:29'),(13,5,NULL,'2025-12-02 12:00:00','2025-12-02 12:01:26','success',85,11047,'v1.1.30',89.86,NULL,NULL,'2025-12-02 12:00:00','2025-12-02 12:01:26'),(14,1,NULL,'2025-12-08 10:00:00','2025-12-08 10:00:53','success',53,7088,'v1.2.30',94.77,NULL,NULL,'2025-12-08 10:00:00','2025-12-08 10:00:53'),(15,5,NULL,'2025-12-08 10:00:00','2025-12-08 10:01:01','success',61,7140,'v1.2.30',90.33,NULL,NULL,'2025-12-08 10:00:00','2025-12-08 10:01:01'),(16,1,13,'2025-12-10 10:00:37','2025-12-10 10:00:55','success',18,7912,'v1.3.13',84.27,NULL,NULL,'2025-12-10 10:00:37','2025-12-10 10:00:55'),(17,5,NULL,'2025-12-11 11:00:00','2025-12-11 11:01:18','success',78,13229,'v1.3.30',92.33,NULL,NULL,'2025-12-11 11:00:00','2025-12-11 11:01:18');
/*!40000 ALTER TABLE `prediction_train_history` ENABLE KEYS */;
UNLOCK TABLES;

--
-- Table structure for table `resource_history`
--

DROP TABLE IF EXISTS `resource_history`;
/*!40101 SET @saved_cs_client     = @@character_set_client */;
/*!50503 SET character_set_client = utf8mb4 */;
CREATE TABLE `resource_history` (
  `id` bigint NOT NULL AUTO_INCREMENT,
  `device_id` bigint DEFAULT NULL COMMENT '设备ID',
  `device_type` varchar(20) COLLATE utf8mb4_unicode_ci DEFAULT NULL COMMENT '设备类型(asset/cloud_host/cloud_vm)',
  `record_hour` int DEFAULT NULL COMMENT '记录小时(0-23)',
  `cpu_usage` decimal(5,2) DEFAULT '0.00' COMMENT 'CPU使用率',
  `memory_usage` decimal(5,2) DEFAULT '0.00' COMMENT '内存使用率',
  `network_usage` decimal(5,2) DEFAULT '0.00' COMMENT '网络使用率',
  `storage_usage` decimal(5,2) DEFAULT '0.00' COMMENT '存储使用率',
  `cpu_predict` decimal(5,2) DEFAULT NULL COMMENT 'CPU预测值',
  `memory_predict` decimal(5,2) DEFAULT NULL COMMENT '内存预测值',
  `network_predict` decimal(5,2) DEFAULT NULL COMMENT '网络预测值',
  `storage_predict` decimal(5,2) DEFAULT NULL COMMENT '存储预测值',
  `record_date` date DEFAULT NULL COMMENT '记录日期',
  `created_at` datetime DEFAULT CURRENT_TIMESTAMP,
  PRIMARY KEY (`id`),
  KEY `idx_device` (`device_id`,`device_type`),
  KEY `idx_date_hour` (`record_date`,`record_hour`)
) ENGINE=InnoDB AUTO_INCREMENT=1543 DEFAULT CHARSET=utf8mb4 COLLATE=utf8mb4_unicode_ci COMMENT='资源监控历史数据表';
/*!40101 SET character_set_client = @saved_cs_client */;

--
-- Dumping data for table `resource_history`
--

LOCK TABLES `resource_history` WRITE;
/*!40000 ALTER TABLE `resource_history` DISABLE KEYS */;
INSERT INTO `resource_history` VALUES (1,33,'asset',0,49.48,44.30,40.78,31.22,69.38,58.95,65.98,39.34,'2025-12-01','2025-12-01 14:54:52'),(2,32,'asset',0,32.58,69.37,56.17,62.70,49.10,87.78,85.21,73.97,'2025-12-01','2025-12-01 14:54:52'),(3,31,'asset',0,30.09,66.18,75.31,61.66,46.11,84.11,109.14,72.83,'2025-12-01','2025-12-01 14:54:52'),(4,29,'asset',0,27.08,48.89,68.36,34.01,42.50,64.22,100.45,42.41,'2025-12-01','2025-12-01 14:54:52'),(5,28,'asset',0,51.81,74.35,71.49,43.80,72.17,93.50,104.36,53.18,'2025-12-01','2025-12-01 14:54:52'),(6,27,'asset',0,46.24,49.55,44.54,43.23,65.49,64.98,70.68,52.55,'2025-12-01','2025-12-01 14:54:52'),(7,26,'asset',0,45.75,54.26,77.48,42.90,64.90,70.40,111.85,52.19,'2025-12-01','2025-12-01 14:54:52'),(8,25,'asset',0,42.40,55.96,45.25,51.67,60.88,72.35,71.56,61.84,'2025-12-01','2025-12-01 14:54:52'),(9,24,'asset',0,26.56,75.89,32.62,61.51,41.87,95.27,55.78,72.66,'2025-12-01','2025-12-01 14:54:52'),(10,23,'asset',0,46.96,71.02,53.52,30.71,66.35,89.67,81.90,38.78,'2025-12-01','2025-12-01 14:54:52'),(11,22,'asset',0,25.69,45.54,37.91,39.41,40.83,60.37,62.39,48.35,'2025-12-01','2025-12-01 14:54:52'),(12,20,'asset',0,19.35,66.20,71.77,48.03,33.22,84.13,104.71,57.83,'2025-12-01','2025-12-01 14:54:52'),(13,19,'asset',0,31.67,93.32,31.20,63.14,48.00,115.32,54.00,74.45,'2025-12-01','2025-12-01 14:54:52'),(14,18,'asset',0,53.96,75.82,48.19,71.94,74.75,95.19,75.24,84.13,'2025-12-01','2025-12-01 14:54:52'),(15,17,'asset',0,30.00,40.91,40.67,48.64,46.00,55.05,65.84,58.50,'2025-12-01','2025-12-01 14:54:52'),(16,16,'asset',0,40.78,89.89,61.47,46.80,58.94,111.37,91.84,56.48,'2025-12-01','2025-12-01 14:54:52'),(17,14,'asset',0,33.37,62.15,49.14,51.58,50.04,79.47,76.43,61.74,'2025-12-01','2025-12-01 14:54:52'),(18,13,'asset',0,47.81,68.45,55.67,46.89,67.37,86.72,84.59,56.58,'2025-12-01','2025-12-01 14:54:52'),(19,12,'asset',0,38.65,71.03,72.72,59.91,56.38,89.68,105.90,70.90,'2025-12-01','2025-12-01 14:54:52'),(20,11,'asset',0,45.30,88.42,68.52,55.56,64.36,109.68,100.65,66.12,'2025-12-01','2025-12-01 14:54:52'),(21,10,'asset',0,38.89,92.75,62.43,54.43,56.67,114.66,93.04,64.87,'2025-12-01','2025-12-01 14:54:52'),(22,9,'asset',0,44.57,53.32,50.69,66.26,63.48,69.32,78.36,77.89,'2025-12-01','2025-12-01 14:54:52'),(23,8,'asset',0,53.56,58.92,33.55,61.82,74.27,75.76,56.94,73.00,'2025-12-01','2025-12-01 14:54:52'),(24,7,'asset',0,48.80,37.46,57.75,49.58,68.56,51.08,87.19,59.54,'2025-12-01','2025-12-01 14:54:52'),(25,6,'asset',0,38.42,63.79,46.13,41.29,56.10,81.36,72.66,50.42,'2025-12-01','2025-12-01 14:54:52'),(26,5,'asset',0,42.36,66.73,66.63,53.21,60.83,84.74,98.29,63.53,'2025-12-01','2025-12-01 14:54:52'),(27,4,'asset',0,18.19,85.16,72.94,57.52,31.83,105.93,106.18,68.27,'2025-12-01','2025-12-01 14:54:52'),(28,3,'asset',0,30.62,63.47,76.85,39.35,46.74,80.99,111.06,48.29,'2025-12-01','2025-12-01 14:54:52'),(29,2,'asset',0,35.51,70.88,63.89,55.24,52.61,89.51,94.86,65.76,'2025-12-01','2025-12-01 14:54:52'),(30,1,'asset',0,29.85,82.51,71.26,43.26,45.82,102.89,104.08,52.59,'2025-12-01','2025-12-01 14:54:52'),(31,33,'asset',1,60.39,43.81,44.14,31.35,82.47,58.38,70.18,39.49,'2025-12-01','2025-12-01 14:54:52'),(32,32,'asset',1,39.77,68.59,60.80,62.98,57.72,86.88,91.00,74.28,'2025-12-01','2025-12-01 14:54:52'),(33,31,'asset',1,36.72,65.44,81.52,61.93,54.06,83.26,116.90,73.12,'2025-12-01','2025-12-01 14:54:52'),(34,29,'asset',1,33.05,48.34,74.00,34.16,49.66,63.59,107.50,42.58,'2025-12-01','2025-12-01 14:54:52'),(35,28,'asset',1,63.22,73.52,77.38,44.00,85.86,92.55,111.73,53.40,'2025-12-01','2025-12-01 14:54:52'),(36,27,'asset',1,56.43,48.99,48.21,43.42,77.72,64.34,75.26,52.76,'2025-12-01','2025-12-01 14:54:52'),(37,26,'asset',1,55.83,53.66,83.87,43.09,77.00,69.71,119.84,52.40,'2025-12-01','2025-12-01 14:54:52'),(38,25,'asset',1,51.74,55.33,48.98,51.90,72.09,71.63,76.23,62.09,'2025-12-01','2025-12-01 14:54:52'),(39,24,'asset',1,32.41,75.04,35.31,61.78,48.89,94.30,59.14,72.96,'2025-12-01','2025-12-01 14:54:52'),(40,23,'asset',1,57.31,70.22,57.94,30.85,78.77,88.75,87.43,38.94,'2025-12-01','2025-12-01 14:54:52'),(41,22,'asset',1,31.35,45.03,41.04,39.58,47.62,59.78,66.30,48.54,'2025-12-01','2025-12-01 14:54:52'),(42,20,'asset',1,23.61,65.46,77.69,48.24,38.33,83.28,112.11,58.06,'2025-12-01','2025-12-01 14:54:52'),(43,19,'asset',1,38.65,92.28,33.78,63.41,56.38,114.12,57.23,74.75,'2025-12-01','2025-12-01 14:54:52'),(44,18,'asset',1,65.85,74.97,52.16,72.26,89.02,94.22,80.20,84.49,'2025-12-01','2025-12-01 14:54:52'),(45,17,'asset',1,36.61,40.45,44.03,48.85,53.93,54.52,70.04,58.74,'2025-12-01','2025-12-01 14:54:52'),(46,16,'asset',1,49.77,88.88,66.53,47.00,69.72,110.21,98.16,56.70,'2025-12-01','2025-12-01 14:54:52'),(47,14,'asset',1,40.72,61.45,53.19,51.80,58.86,78.67,81.49,61.98,'2025-12-01','2025-12-01 14:54:52'),(48,13,'asset',1,58.35,67.68,60.26,47.10,80.02,85.83,90.33,56.81,'2025-12-01','2025-12-01 14:54:52'),(49,12,'asset',1,47.17,70.23,78.72,60.17,66.60,88.76,113.40,71.19,'2025-12-01','2025-12-01 14:54:52'),(50,11,'asset',1,55.28,87.43,74.17,55.80,76.34,108.54,107.71,66.38,'2025-12-01','2025-12-01 14:54:52'),(51,10,'asset',1,47.46,91.71,67.58,54.66,66.95,113.47,99.48,65.13,'2025-12-01','2025-12-01 14:54:52'),(52,9,'asset',1,54.39,52.72,54.87,66.55,75.27,68.63,83.59,78.21,'2025-12-01','2025-12-01 14:54:52'),(53,8,'asset',1,65.37,58.26,36.32,62.09,88.44,75.00,60.40,73.30,'2025-12-01','2025-12-01 14:54:52'),(54,7,'asset',1,59.56,37.04,62.51,49.80,81.47,50.60,93.14,59.78,'2025-12-01','2025-12-01 14:54:52'),(55,6,'asset',1,46.88,63.08,49.94,41.47,66.26,80.54,77.43,50.62,'2025-12-01','2025-12-01 14:54:52'),(56,5,'asset',1,51.69,65.98,72.13,53.44,72.03,83.88,105.16,63.78,'2025-12-01','2025-12-01 14:54:52'),(57,4,'asset',1,22.20,84.21,78.95,57.77,36.64,104.84,113.69,68.55,'2025-12-01','2025-12-01 14:54:52'),(58,3,'asset',1,37.37,62.76,83.19,39.52,54.84,80.17,118.99,48.47,'2025-12-01','2025-12-01 14:54:52'),(59,2,'asset',1,43.34,70.09,69.16,55.48,62.01,88.60,101.45,66.03,'2025-12-01','2025-12-01 14:54:52'),(60,1,'asset',1,36.43,81.59,77.14,43.45,53.72,101.83,111.43,52.80,'2025-12-01','2025-12-01 14:54:52'),(61,33,'asset',2,70.56,42.35,45.56,31.49,94.67,56.70,71.95,39.64,'2025-12-01','2025-12-01 14:54:52'),(62,32,'asset',2,46.46,66.32,62.75,63.25,65.75,84.27,93.44,74.58,'2025-12-01','2025-12-01 14:54:52'),(63,31,'asset',2,42.90,63.26,84.14,62.20,61.48,80.75,120.18,73.42,'2025-12-01','2025-12-01 14:54:52'),(64,29,'asset',2,38.62,46.73,76.37,34.31,56.34,61.74,110.46,42.74,'2025-12-01','2025-12-01 14:54:52'),(65,28,'asset',2,73.87,71.08,79.87,44.19,98.64,89.74,114.84,53.61,'2025-12-01','2025-12-01 14:54:52'),(66,27,'asset',2,65.94,47.36,49.76,43.61,89.13,62.46,77.20,52.97,'2025-12-01','2025-12-01 14:54:52'),(67,26,'asset',2,65.24,51.87,86.57,43.28,88.29,67.65,123.21,52.61,'2025-12-01','2025-12-01 14:54:52'),(68,25,'asset',2,60.46,53.49,50.55,52.12,82.55,69.51,78.19,62.33,'2025-12-01','2025-12-01 14:54:52'),(69,24,'asset',2,37.87,72.54,36.45,62.05,55.44,91.42,60.56,73.26,'2025-12-01','2025-12-01 14:54:52'),(70,23,'asset',2,66.96,67.89,59.80,30.98,90.35,86.07,89.75,39.08,'2025-12-01','2025-12-01 14:54:52'),(71,22,'asset',2,36.63,43.53,42.35,39.75,53.96,58.06,67.94,48.73,'2025-12-01','2025-12-01 14:54:52'),(72,20,'asset',2,27.59,63.29,80.18,48.45,43.11,80.78,115.23,58.30,'2025-12-01','2025-12-01 14:54:52'),(73,19,'asset',2,45.16,89.21,34.86,63.69,64.19,110.59,58.58,75.06,'2025-12-01','2025-12-01 14:54:52'),(74,18,'asset',2,76.94,72.48,53.83,72.57,102.33,91.35,82.29,84.83,'2025-12-01','2025-12-01 14:54:52'),(75,17,'asset',2,42.78,39.11,45.44,49.07,61.34,52.98,71.80,58.98,'2025-12-01','2025-12-01 14:54:52'),(76,16,'asset',2,58.15,85.93,68.67,47.21,79.78,106.82,100.84,56.93,'2025-12-01','2025-12-01 14:54:52'),(77,14,'asset',2,47.58,59.41,54.90,52.03,67.10,76.32,83.63,62.23,'2025-12-01','2025-12-01 14:54:52'),(78,13,'asset',2,68.17,65.43,62.20,47.30,91.80,83.24,92.75,57.03,'2025-12-01','2025-12-01 14:54:52'),(79,12,'asset',2,55.12,67.90,81.25,60.43,76.14,86.09,116.56,71.47,'2025-12-01','2025-12-01 14:54:52'),(80,11,'asset',2,64.59,84.52,76.55,56.04,87.51,105.20,110.69,66.64,'2025-12-01','2025-12-01 14:54:52'),(81,10,'asset',2,55.46,88.66,69.75,54.90,76.55,109.96,102.19,65.39,'2025-12-01','2025-12-01 14:54:52'),(82,9,'asset',2,63.55,50.97,56.64,66.84,86.26,66.62,85.80,78.52,'2025-12-01','2025-12-01 14:54:52'),(83,8,'asset',2,76.38,56.32,37.48,62.36,101.66,72.77,61.85,73.60,'2025-12-01','2025-12-01 14:54:52'),(84,7,'asset',2,69.59,35.81,64.52,50.02,93.51,49.18,95.65,60.02,'2025-12-01','2025-12-01 14:54:52'),(85,6,'asset',2,54.78,60.98,51.54,41.65,75.74,78.13,79.43,50.82,'2025-12-01','2025-12-01 14:54:52'),(86,5,'asset',2,60.40,63.79,74.44,53.68,82.48,81.36,108.05,64.05,'2025-12-01','2025-12-01 14:54:52'),(87,4,'asset',2,25.94,81.41,81.48,58.03,41.13,101.62,116.85,68.83,'2025-12-01','2025-12-01 14:54:52'),(88,3,'asset',2,43.67,60.67,85.86,39.69,62.40,77.77,122.33,48.66,'2025-12-01','2025-12-01 14:54:52'),(89,2,'asset',2,50.64,67.76,71.38,55.73,70.77,85.92,104.23,66.30,'2025-12-01','2025-12-01 14:54:52'),(90,1,'asset',2,42.56,78.88,79.61,43.64,61.07,98.71,114.51,53.00,'2025-12-01','2025-12-01 14:54:52'),(91,33,'asset',3,79.31,40.03,44.94,31.63,105.17,54.03,71.18,39.79,'2025-12-01','2025-12-01 14:54:52'),(92,32,'asset',3,52.23,62.69,61.89,63.53,72.68,80.09,92.36,74.88,'2025-12-01','2025-12-01 14:54:52'),(93,31,'asset',3,48.22,59.80,82.99,62.47,67.86,76.77,118.74,73.72,'2025-12-01','2025-12-01 14:54:52'),(94,29,'asset',3,43.41,44.18,75.33,34.46,62.09,58.81,109.16,42.91,'2025-12-01','2025-12-01 14:54:52'),(95,28,'asset',3,83.04,67.19,78.77,44.38,109.65,85.27,113.46,53.82,'2025-12-01','2025-12-01 14:54:52'),(96,27,'asset',3,74.12,44.77,49.08,43.80,98.94,59.49,76.35,53.18,'2025-12-01','2025-12-01 14:54:52'),(97,26,'asset',3,73.33,49.04,85.38,43.47,98.00,64.40,121.73,52.82,'2025-12-01','2025-12-01 14:54:52'),(98,25,'asset',3,67.96,50.56,49.86,52.35,91.55,66.14,77.33,62.59,'2025-12-01','2025-12-01 14:54:52'),(99,24,'asset',3,42.57,68.58,35.95,62.32,61.08,86.87,59.94,73.55,'2025-12-01','2025-12-01 14:54:52'),(100,23,'asset',3,75.27,64.17,58.98,31.12,100.32,81.80,88.73,39.23,'2025-12-01','2025-12-01 14:54:52'),(101,22,'asset',3,41.18,41.15,41.77,39.92,59.42,55.32,67.21,48.91,'2025-12-01','2025-12-01 14:54:52'),(102,20,'asset',3,31.01,59.82,79.08,48.66,47.21,76.79,113.85,58.53,'2025-12-01','2025-12-01 14:54:52'),(103,19,'asset',3,50.76,84.33,34.38,63.97,70.91,104.98,57.98,75.37,'2025-12-01','2025-12-01 14:54:52'),(104,18,'asset',3,86.48,68.51,53.10,72.89,113.78,86.79,81.38,85.18,'2025-12-01','2025-12-01 14:54:52'),(105,17,'asset',3,48.09,36.97,44.82,49.28,67.71,50.52,71.03,59.21,'2025-12-01','2025-12-01 14:54:52'),(106,16,'asset',3,65.37,81.23,67.73,47.41,88.44,101.41,99.66,57.15,'2025-12-01','2025-12-01 14:54:52'),(107,14,'asset',3,53.48,56.16,54.15,52.25,74.18,72.58,82.69,62.48,'2025-12-01','2025-12-01 14:54:52'),(108,13,'asset',3,76.63,61.85,61.35,47.51,101.96,79.13,91.69,57.26,'2025-12-01','2025-12-01 14:54:52'),(109,12,'asset',3,61.96,64.18,80.13,60.70,84.35,81.81,115.16,71.77,'2025-12-01','2025-12-01 14:54:52'),(110,11,'asset',3,72.60,79.90,75.51,56.29,97.12,99.89,109.39,66.92,'2025-12-01','2025-12-01 14:54:52'),(111,10,'asset',3,62.34,83.81,68.80,55.14,84.81,104.38,101.00,65.65,'2025-12-01','2025-12-01 14:54:52'),(112,9,'asset',3,71.44,48.18,55.86,67.13,95.73,63.41,84.83,78.84,'2025-12-01','2025-12-01 14:54:52'),(113,8,'asset',3,85.85,53.24,36.97,62.63,113.02,69.23,61.21,73.89,'2025-12-01','2025-12-01 14:54:52'),(114,7,'asset',3,78.22,33.85,63.64,50.23,103.86,46.93,94.55,60.25,'2025-12-01','2025-12-01 14:54:52'),(115,6,'asset',3,61.57,57.64,50.84,41.83,83.88,74.29,78.55,51.01,'2025-12-01','2025-12-01 14:54:52'),(116,5,'asset',3,67.89,60.30,73.42,53.91,91.47,77.35,106.78,64.30,'2025-12-01','2025-12-01 14:54:52'),(117,4,'asset',3,29.16,76.96,80.37,58.28,44.99,96.50,115.46,69.11,'2025-12-01','2025-12-01 14:54:52'),(118,3,'asset',3,49.09,57.35,84.69,39.87,68.91,73.95,120.86,48.86,'2025-12-01','2025-12-01 14:54:52'),(119,2,'asset',3,56.92,64.05,70.41,55.97,78.30,81.66,103.01,66.57,'2025-12-01','2025-12-01 14:54:52'),(120,1,'asset',3,47.84,74.56,78.52,43.83,67.41,93.74,113.15,53.21,'2025-12-01','2025-12-01 14:54:52'),(121,33,'asset',4,86.06,37.01,42.31,31.76,113.27,50.56,67.89,39.94,'2025-12-01','2025-12-01 14:54:52'),(122,32,'asset',4,56.67,57.95,58.28,63.80,78.00,74.64,87.85,75.18,'2025-12-01','2025-12-01 14:54:52'),(123,31,'asset',4,52.33,55.29,78.14,62.74,72.80,71.58,112.68,74.01,'2025-12-01','2025-12-01 14:54:52'),(124,29,'asset',4,47.10,40.84,70.93,34.61,66.52,54.97,103.66,43.07,'2025-12-01','2025-12-01 14:54:52'),(125,28,'asset',4,90.10,62.11,74.18,44.57,118.12,79.43,107.73,54.03,'2025-12-01','2025-12-01 14:54:52'),(126,27,'asset',4,80.42,41.39,46.21,43.99,106.50,55.60,72.76,53.39,'2025-12-01','2025-12-01 14:54:52'),(127,26,'asset',4,79.57,45.33,80.40,43.65,105.48,60.13,115.50,53.02,'2025-12-01','2025-12-01 14:54:52'),(128,25,'asset',4,73.74,46.75,46.95,52.58,98.49,61.76,73.69,62.84,'2025-12-01','2025-12-01 14:54:52'),(129,24,'asset',4,46.19,63.40,33.85,62.59,65.43,80.91,57.31,73.85,'2025-12-01','2025-12-01 14:54:52'),(130,23,'asset',4,81.68,59.33,55.54,31.25,108.02,76.23,84.43,39.38,'2025-12-01','2025-12-01 14:54:52'),(131,22,'asset',4,44.68,38.04,39.34,40.10,63.62,51.75,64.18,49.11,'2025-12-01','2025-12-01 14:54:52'),(132,20,'asset',4,33.65,55.31,74.47,48.87,50.38,71.61,108.09,58.76,'2025-12-01','2025-12-01 14:54:52'),(133,19,'asset',4,55.08,77.96,32.38,64.24,76.10,97.65,55.48,75.66,'2025-12-01','2025-12-01 14:54:52'),(134,18,'asset',4,93.84,63.34,50.00,73.21,122.61,80.84,77.50,85.53,'2025-12-01','2025-12-01 14:54:52'),(135,17,'asset',4,52.18,34.17,42.20,49.49,72.62,47.30,67.75,59.44,'2025-12-01','2025-12-01 14:54:52'),(136,16,'asset',4,70.93,75.10,63.78,47.62,95.12,94.37,94.73,57.38,'2025-12-01','2025-12-01 14:54:52'),(137,14,'asset',4,58.04,51.92,50.99,52.48,79.65,67.71,78.74,62.73,'2025-12-01','2025-12-01 14:54:52'),(138,13,'asset',4,83.15,57.18,57.77,47.71,109.78,73.76,87.21,57.48,'2025-12-01','2025-12-01 14:54:52'),(139,12,'asset',4,67.23,59.34,75.46,60.96,90.68,76.24,109.33,72.06,'2025-12-01','2025-12-01 14:54:52'),(140,11,'asset',4,78.78,73.86,71.10,56.53,104.54,92.94,103.88,67.18,'2025-12-01','2025-12-01 14:54:52'),(141,10,'asset',4,67.64,77.48,64.78,55.38,91.17,97.10,95.98,65.92,'2025-12-01','2025-12-01 14:54:52'),(142,9,'asset',4,77.51,44.54,52.60,67.43,103.01,59.22,80.75,79.17,'2025-12-01','2025-12-01 14:54:52'),(143,8,'asset',4,93.16,49.22,34.81,62.90,121.79,64.60,58.51,74.19,'2025-12-01','2025-12-01 14:54:52'),(144,7,'asset',4,84.88,31.30,59.92,50.45,111.86,44.00,89.90,60.50,'2025-12-01','2025-12-01 14:54:52'),(145,6,'asset',4,66.81,53.29,47.87,42.01,90.17,69.28,74.84,51.21,'2025-12-01','2025-12-01 14:54:52'),(146,5,'asset',4,73.67,55.75,69.14,54.14,98.40,72.11,101.43,64.55,'2025-12-01','2025-12-01 14:54:52'),(147,4,'asset',4,31.64,71.15,75.68,58.53,47.97,89.82,109.60,69.38,'2025-12-01','2025-12-01 14:54:52'),(148,3,'asset',4,53.26,53.02,79.74,40.04,73.91,68.97,114.68,49.04,'2025-12-01','2025-12-01 14:54:52'),(149,2,'asset',4,61.76,59.22,66.30,56.21,84.11,76.10,97.88,66.83,'2025-12-01','2025-12-01 14:54:52'),(150,1,'asset',4,51.91,68.93,73.94,44.02,72.29,87.27,107.43,53.42,'2025-12-01','2025-12-01 14:54:52'),(151,33,'asset',5,90.35,33.49,37.87,31.90,118.42,46.51,62.34,40.09,'2025-12-01','2025-12-01 14:54:52'),(152,32,'asset',5,59.50,52.43,52.16,64.07,81.40,68.29,80.20,75.48,'2025-12-01','2025-12-01 14:54:52'),(153,31,'asset',5,54.93,50.02,69.93,63.01,75.92,65.52,102.41,74.31,'2025-12-01','2025-12-01 14:54:52'),(154,29,'asset',5,49.45,36.95,63.48,34.76,69.34,50.49,94.35,43.24,'2025-12-01','2025-12-01 14:54:52'),(155,28,'asset',5,94.59,56.20,66.38,44.76,123.51,72.63,97.98,54.24,'2025-12-01','2025-12-01 14:54:52'),(156,27,'asset',5,84.43,37.45,41.36,44.18,111.32,51.07,66.70,53.60,'2025-12-01','2025-12-01 14:54:52'),(157,26,'asset',5,83.54,41.01,71.95,43.84,110.25,55.16,104.94,53.22,'2025-12-01','2025-12-01 14:54:52'),(158,25,'asset',5,77.42,42.29,42.02,52.80,102.90,56.63,67.53,63.08,'2025-12-01','2025-12-01 14:54:52'),(159,24,'asset',5,48.49,57.36,30.30,62.86,68.19,73.96,52.88,74.15,'2025-12-01','2025-12-01 14:54:52'),(160,23,'asset',5,85.75,53.68,49.70,31.39,112.90,69.73,77.13,39.53,'2025-12-01','2025-12-01 14:54:52'),(161,22,'asset',5,46.91,34.42,35.20,40.27,66.29,47.58,59.00,49.30,'2025-12-01','2025-12-01 14:54:52'),(162,20,'asset',5,35.33,50.04,66.65,49.09,52.40,65.55,98.31,59.00,'2025-12-01','2025-12-01 14:54:52'),(163,19,'asset',5,57.82,70.54,28.98,64.52,79.38,89.12,51.23,75.97,'2025-12-01','2025-12-01 14:54:52'),(164,18,'asset',5,98.52,57.30,44.75,73.52,128.22,73.90,70.94,85.87,'2025-12-01','2025-12-01 14:54:52'),(165,17,'asset',5,54.78,30.92,37.77,49.71,75.74,43.56,62.21,59.68,'2025-12-01','2025-12-01 14:54:52'),(166,16,'asset',5,74.46,67.94,57.08,47.82,99.35,86.13,86.35,57.60,'2025-12-01','2025-12-01 14:54:52'),(167,14,'asset',5,60.93,46.97,45.63,52.71,83.12,62.02,72.04,62.98,'2025-12-01','2025-12-01 14:54:52'),(168,13,'asset',5,87.30,51.74,51.70,47.92,114.76,67.50,79.63,57.71,'2025-12-01','2025-12-01 14:54:52'),(169,12,'asset',5,70.58,53.69,67.53,61.22,94.70,69.74,99.41,72.34,'2025-12-01','2025-12-01 14:54:52'),(170,11,'asset',5,82.71,66.83,63.63,56.77,109.25,84.85,94.54,67.45,'2025-12-01','2025-12-01 14:54:52'),(171,10,'asset',5,71.01,70.10,57.98,55.62,95.21,88.62,87.48,66.18,'2025-12-01','2025-12-01 14:54:52'),(172,9,'asset',5,81.38,40.30,47.08,67.72,107.66,54.35,73.85,79.49,'2025-12-01','2025-12-01 14:54:52'),(173,8,'asset',5,97.80,44.53,31.16,63.17,127.36,59.21,53.95,74.49,'2025-12-01','2025-12-01 14:54:52'),(174,7,'asset',5,89.11,28.32,53.63,50.67,116.93,40.57,82.04,60.74,'2025-12-01','2025-12-01 14:54:52'),(175,6,'asset',5,70.14,48.22,42.84,42.19,94.17,63.45,68.55,51.41,'2025-12-01','2025-12-01 14:54:52'),(176,5,'asset',5,77.34,50.44,61.87,54.38,102.81,66.01,92.34,64.82,'2025-12-01','2025-12-01 14:54:52'),(177,4,'asset',5,33.22,64.37,67.73,58.78,49.86,82.03,99.66,69.66,'2025-12-01','2025-12-01 14:54:52'),(178,3,'asset',5,55.92,47.97,71.37,40.21,77.10,63.17,104.21,49.23,'2025-12-01','2025-12-01 14:54:52'),(179,2,'asset',5,64.84,53.58,59.33,56.45,87.81,69.62,89.16,67.10,'2025-12-01','2025-12-01 14:54:52'),(180,1,'asset',5,54.50,62.37,66.17,44.21,75.40,79.73,97.71,53.63,'2025-12-01','2025-12-01 14:54:52'),(181,33,'asset',6,91.89,29.70,31.90,32.04,120.27,42.16,54.88,40.24,'2025-12-01','2025-12-01 14:54:52'),(182,32,'asset',6,60.51,46.50,43.94,64.35,82.61,61.48,69.93,75.79,'2025-12-01','2025-12-01 14:54:52'),(183,31,'asset',6,55.87,44.36,58.91,63.28,77.04,59.01,88.64,74.61,'2025-12-01','2025-12-01 14:54:52'),(184,29,'asset',6,50.30,32.77,53.48,34.91,70.36,45.69,81.85,43.40,'2025-12-01','2025-12-01 14:54:52'),(185,28,'asset',6,96.21,49.84,55.92,44.96,125.45,65.32,84.90,54.46,'2025-12-01','2025-12-01 14:54:52'),(186,27,'asset',6,85.88,33.21,34.84,44.37,113.06,46.19,58.55,53.81,'2025-12-01','2025-12-01 14:54:52'),(187,26,'asset',6,84.97,36.37,60.61,44.03,111.96,49.83,90.76,53.43,'2025-12-01','2025-12-01 14:54:52'),(188,25,'asset',6,78.74,37.51,35.39,53.03,104.49,51.14,59.24,63.33,'2025-12-01','2025-12-01 14:54:52'),(189,24,'asset',6,49.32,50.87,25.52,63.13,69.18,66.50,46.90,74.44,'2025-12-01','2025-12-01 14:54:52'),(190,23,'asset',6,87.21,47.60,41.87,31.52,114.65,62.74,67.34,39.67,'2025-12-01','2025-12-01 14:54:52'),(191,22,'asset',6,47.71,30.52,29.65,40.44,67.25,43.10,52.06,49.48,'2025-12-01','2025-12-01 14:54:52'),(192,20,'asset',6,35.93,44.37,56.14,49.30,53.12,59.03,85.18,59.23,'2025-12-01','2025-12-01 14:54:52'),(193,19,'asset',6,58.81,62.55,24.41,64.80,80.57,79.93,45.51,76.28,'2025-12-01','2025-12-01 14:54:52'),(194,18,'asset',6,100.20,50.82,37.69,73.84,130.24,66.44,62.11,86.22,'2025-12-01','2025-12-01 14:54:52'),(195,17,'asset',6,55.72,27.42,31.82,49.92,76.86,39.53,54.78,59.91,'2025-12-01','2025-12-01 14:54:52'),(196,16,'asset',6,75.74,60.25,48.08,48.03,100.89,77.29,75.10,57.83,'2025-12-01','2025-12-01 14:54:52'),(197,14,'asset',6,61.97,41.66,38.44,52.93,84.36,55.91,63.05,63.22,'2025-12-01','2025-12-01 14:54:52'),(198,13,'asset',6,88.79,45.88,43.55,48.13,116.55,60.76,69.44,57.94,'2025-12-01','2025-12-01 14:54:52'),(199,12,'asset',6,71.78,47.61,56.89,61.48,96.14,62.75,86.11,72.63,'2025-12-01','2025-12-01 14:54:52'),(200,11,'asset',6,84.12,59.26,53.60,57.02,110.94,76.15,82.00,67.72,'2025-12-01','2025-12-01 14:54:52'),(201,10,'asset',6,72.23,62.17,48.84,55.86,96.68,79.50,76.05,66.45,'2025-12-01','2025-12-01 14:54:52'),(202,9,'asset',6,82.77,35.74,39.66,68.01,109.32,49.10,64.58,79.81,'2025-12-01','2025-12-01 14:54:52'),(203,8,'asset',6,99.47,39.49,26.24,63.44,129.36,53.41,47.80,74.78,'2025-12-01','2025-12-01 14:54:52'),(204,7,'asset',6,90.63,25.11,45.17,50.89,118.76,36.88,71.46,60.98,'2025-12-01','2025-12-01 14:54:52'),(205,6,'asset',6,71.34,42.76,36.09,42.37,95.61,57.17,60.11,51.61,'2025-12-01','2025-12-01 14:54:52'),(206,5,'asset',6,78.66,44.73,52.12,54.61,104.39,59.44,80.15,65.07,'2025-12-01','2025-12-01 14:54:52'),(207,4,'asset',6,33.79,57.08,57.05,59.04,50.55,73.64,86.31,69.94,'2025-12-01','2025-12-01 14:54:52'),(208,3,'asset',6,56.87,42.54,60.12,40.38,78.24,56.92,90.15,49.42,'2025-12-01','2025-12-01 14:54:52'),(209,2,'asset',6,65.95,47.51,49.98,56.70,89.14,62.64,77.48,67.37,'2025-12-01','2025-12-01 14:54:52'),(210,1,'asset',6,55.43,55.30,55.74,44.40,76.52,71.60,84.68,53.84,'2025-12-01','2025-12-01 14:54:52'),(211,33,'asset',7,90.59,25.89,24.81,32.18,118.71,37.77,46.01,40.40,'2025-12-01','2025-12-01 14:54:52'),(212,32,'asset',7,59.65,40.54,34.17,64.63,81.58,54.62,57.71,76.09,'2025-12-01','2025-12-01 14:54:52'),(213,31,'asset',7,55.08,38.68,45.81,63.55,76.10,52.48,72.26,74.91,'2025-12-01','2025-12-01 14:54:52'),(214,29,'asset',7,49.58,28.57,41.59,35.05,69.50,40.86,66.99,43.56,'2025-12-01','2025-12-01 14:54:52'),(215,28,'asset',7,94.84,43.46,43.49,45.15,123.81,57.98,69.36,54.67,'2025-12-01','2025-12-01 14:54:52'),(216,27,'asset',7,84.65,28.96,27.09,44.56,111.58,41.30,48.86,54.02,'2025-12-01','2025-12-01 14:54:52'),(217,26,'asset',7,83.76,31.71,47.14,44.22,110.51,44.47,73.93,53.64,'2025-12-01','2025-12-01 14:54:52'),(218,25,'asset',7,77.62,32.70,27.53,53.26,103.14,45.61,49.41,63.59,'2025-12-01','2025-12-01 14:54:52'),(219,24,'asset',7,48.62,44.35,19.85,63.40,68.34,59.00,39.81,74.74,'2025-12-01','2025-12-01 14:54:52'),(220,23,'asset',7,85.97,41.51,32.56,31.66,113.16,55.74,55.70,39.83,'2025-12-01','2025-12-01 14:54:52'),(221,22,'asset',7,47.03,26.62,23.06,40.62,66.44,38.61,43.83,49.68,'2025-12-01','2025-12-01 14:54:52'),(222,20,'asset',7,35.42,38.69,43.66,49.51,52.50,52.49,69.58,59.46,'2025-12-01','2025-12-01 14:54:52'),(223,19,'asset',7,57.97,54.54,18.98,65.08,79.56,70.72,38.73,76.59,'2025-12-01','2025-12-01 14:54:52'),(224,18,'asset',7,98.78,44.31,29.31,74.15,128.54,58.96,51.64,86.57,'2025-12-01','2025-12-01 14:54:52'),(225,17,'asset',7,54.92,23.91,24.74,50.13,75.90,35.50,45.93,60.14,'2025-12-01','2025-12-01 14:54:52'),(226,16,'asset',7,74.66,52.54,37.39,48.23,99.59,68.42,61.74,58.05,'2025-12-01','2025-12-01 14:54:52'),(227,14,'asset',7,61.09,36.32,29.89,53.16,83.31,49.77,52.36,63.48,'2025-12-01','2025-12-01 14:54:52'),(228,13,'asset',7,87.52,40.00,33.87,48.33,115.02,54.00,57.34,58.16,'2025-12-01','2025-12-01 14:54:52'),(229,12,'asset',7,70.76,41.51,44.24,61.75,94.91,55.74,70.30,72.93,'2025-12-01','2025-12-01 14:54:52'),(230,11,'asset',7,82.92,51.68,41.69,57.26,109.50,67.43,67.11,67.99,'2025-12-01','2025-12-01 14:54:52'),(231,10,'asset',7,71.20,54.21,37.98,56.10,95.44,70.34,62.48,66.71,'2025-12-01','2025-12-01 14:54:52'),(232,9,'asset',7,81.59,31.16,30.84,68.30,107.91,43.83,53.55,80.13,'2025-12-01','2025-12-01 14:54:52'),(233,8,'asset',7,98.06,34.44,20.41,63.71,127.67,47.61,40.51,75.08,'2025-12-01','2025-12-01 14:54:52'),(234,7,'asset',7,89.34,21.90,35.13,51.10,117.21,33.19,58.91,61.21,'2025-12-01','2025-12-01 14:54:52'),(235,6,'asset',7,70.33,37.28,28.06,42.55,94.40,50.87,50.08,51.81,'2025-12-01','2025-12-01 14:54:52'),(236,5,'asset',7,77.54,39.00,40.53,54.84,103.05,52.85,65.66,65.32,'2025-12-01','2025-12-01 14:54:52'),(237,4,'asset',7,33.31,49.77,44.37,59.29,49.97,65.24,70.46,70.22,'2025-12-01','2025-12-01 14:54:52'),(238,3,'asset',7,56.06,37.09,46.75,40.56,77.27,50.65,73.44,49.62,'2025-12-01','2025-12-01 14:54:52'),(239,2,'asset',7,65.01,41.43,38.87,56.94,88.01,55.64,63.59,67.63,'2025-12-01','2025-12-01 14:54:52'),(240,1,'asset',7,54.64,48.22,43.35,44.59,75.57,63.45,69.19,54.05,'2025-12-01','2025-12-01 14:54:52'),(241,33,'asset',8,86.52,22.34,17.07,32.31,113.82,33.69,36.34,40.54,'2025-12-01','2025-12-01 14:54:52'),(242,32,'asset',8,56.97,34.98,23.51,64.90,78.36,48.23,44.39,76.39,'2025-12-01','2025-12-01 14:54:52'),(243,31,'asset',8,52.60,33.37,31.53,63.82,73.12,46.38,54.41,75.20,'2025-12-01','2025-12-01 14:54:52'),(244,29,'asset',8,47.35,24.65,28.62,35.20,66.82,36.35,50.78,43.72,'2025-12-01','2025-12-01 14:54:52'),(245,28,'asset',8,90.58,37.49,29.93,45.34,118.70,51.11,52.41,54.87,'2025-12-01','2025-12-01 14:54:52'),(246,27,'asset',8,80.85,24.98,18.64,44.75,107.02,36.73,38.30,54.23,'2025-12-01','2025-12-01 14:54:52'),(247,26,'asset',8,79.99,27.36,32.44,44.41,105.99,39.46,55.55,53.85,'2025-12-01','2025-12-01 14:54:52'),(248,25,'asset',8,74.13,28.21,18.94,53.48,98.96,40.44,38.68,63.83,'2025-12-01','2025-12-01 14:54:52'),(249,24,'asset',8,46.43,38.26,13.66,63.67,65.72,52.00,32.08,75.04,'2025-12-01','2025-12-01 14:54:52'),(250,23,'asset',8,82.11,35.80,22.41,31.79,108.53,49.17,43.01,39.97,'2025-12-01','2025-12-01 14:54:52'),(251,22,'asset',8,44.92,22.96,15.87,40.79,63.90,34.40,34.84,49.87,'2025-12-01','2025-12-01 14:54:52'),(252,20,'asset',8,33.83,33.38,30.04,49.72,50.60,46.39,52.55,59.69,'2025-12-01','2025-12-01 14:54:52'),(253,19,'asset',8,55.37,47.05,13.06,65.35,76.44,62.11,31.33,76.89,'2025-12-01','2025-12-01 14:54:52'),(254,18,'asset',8,94.34,38.22,20.17,74.47,123.21,51.95,40.21,86.92,'2025-12-01','2025-12-01 14:54:52'),(255,17,'asset',8,52.46,20.62,17.03,50.35,72.95,31.71,36.29,60.39,'2025-12-01','2025-12-01 14:54:52'),(256,16,'asset',8,71.30,45.32,25.73,48.44,95.56,60.12,47.16,58.28,'2025-12-01','2025-12-01 14:54:52'),(257,14,'asset',8,58.34,31.33,20.57,53.38,80.01,44.03,40.71,63.72,'2025-12-01','2025-12-01 14:54:52'),(258,13,'asset',8,83.59,34.51,23.30,48.54,110.31,47.69,44.13,58.39,'2025-12-01','2025-12-01 14:54:52'),(259,12,'asset',8,67.58,35.81,30.44,62.01,91.10,49.18,53.05,73.21,'2025-12-01','2025-12-01 14:54:52'),(260,11,'asset',8,79.20,44.58,28.68,57.51,105.04,59.27,50.85,68.26,'2025-12-01','2025-12-01 14:54:52'),(261,10,'asset',8,68.00,46.76,26.13,56.33,91.60,61.77,47.66,66.96,'2025-12-01','2025-12-01 14:54:52'),(262,9,'asset',8,77.92,26.88,21.22,68.59,103.50,38.91,41.53,80.45,'2025-12-01','2025-12-01 14:54:52'),(263,8,'asset',8,93.65,29.71,14.04,63.99,122.38,42.17,32.55,75.39,'2025-12-01','2025-12-01 14:54:52'),(264,7,'asset',8,85.33,18.89,24.17,51.32,112.40,29.72,45.21,61.45,'2025-12-01','2025-12-01 14:54:52'),(265,6,'asset',8,67.17,32.16,19.31,42.74,90.60,44.98,39.14,52.01,'2025-12-01','2025-12-01 14:54:52'),(266,5,'asset',8,74.06,33.64,27.89,55.08,98.87,46.69,49.86,65.59,'2025-12-01','2025-12-01 14:54:52'),(267,4,'asset',8,31.81,42.94,30.53,59.54,48.17,57.38,53.16,70.49,'2025-12-01','2025-12-01 14:54:52'),(268,3,'asset',8,53.54,32.00,32.17,40.73,74.25,44.80,55.21,49.80,'2025-12-01','2025-12-01 14:54:52'),(269,2,'asset',8,62.09,35.74,26.75,57.18,84.51,49.10,48.44,67.90,'2025-12-01','2025-12-01 14:54:52'),(270,1,'asset',8,52.19,41.60,29.83,44.78,72.63,55.84,52.29,54.26,'2025-12-01','2025-12-01 14:54:52'),(271,33,'asset',9,79.96,19.26,9.21,32.45,105.95,30.15,26.51,40.70,'2025-12-01','2025-12-01 14:54:52'),(272,32,'asset',9,52.65,30.16,12.68,65.18,73.18,42.68,30.85,76.70,'2025-12-01','2025-12-01 14:54:52'),(273,31,'asset',9,48.61,28.78,17.00,64.09,68.33,41.10,36.25,75.50,'2025-12-01','2025-12-01 14:54:52'),(274,29,'asset',9,43.76,21.26,15.44,35.35,62.51,32.45,34.30,43.89,'2025-12-01','2025-12-01 14:54:52'),(275,28,'asset',9,83.71,32.33,16.14,45.53,110.45,45.18,35.18,55.08,'2025-12-01','2025-12-01 14:54:52'),(276,27,'asset',9,74.72,21.54,10.06,44.94,99.66,32.77,27.58,54.43,'2025-12-01','2025-12-01 14:54:52'),(277,26,'asset',9,73.93,23.59,17.50,44.60,98.72,35.13,36.88,54.06,'2025-12-01','2025-12-01 14:54:52'),(278,25,'asset',9,68.51,24.33,10.22,53.71,92.21,35.98,27.78,64.08,'2025-12-01','2025-12-01 14:54:52'),(279,24,'asset',9,42.91,33.00,7.37,63.94,61.49,45.95,24.21,75.33,'2025-12-01','2025-12-01 14:54:52'),(280,23,'asset',9,75.88,30.88,12.09,31.93,101.06,43.51,30.11,40.12,'2025-12-01','2025-12-01 14:54:52'),(281,22,'asset',9,41.51,19.80,8.56,40.96,59.81,30.77,25.70,50.06,'2025-12-01','2025-12-01 14:54:52'),(282,20,'asset',9,31.26,28.79,16.20,49.93,47.51,41.11,35.25,59.92,'2025-12-01','2025-12-01 14:54:52'),(283,19,'asset',9,51.17,40.58,7.05,65.63,71.40,54.67,23.81,77.19,'2025-12-01','2025-12-01 14:54:52'),(284,18,'asset',9,87.18,32.97,10.88,74.78,114.62,45.92,28.60,87.26,'2025-12-01','2025-12-01 14:54:52'),(285,17,'asset',9,48.48,17.79,9.18,50.56,68.18,28.46,26.48,60.62,'2025-12-01','2025-12-01 14:54:52'),(286,16,'asset',9,65.90,39.09,13.88,48.64,89.08,52.95,32.35,58.50,'2025-12-01','2025-12-01 14:54:52'),(287,14,'asset',9,53.92,27.02,11.09,53.61,74.70,39.07,28.86,63.97,'2025-12-01','2025-12-01 14:54:52'),(288,13,'asset',9,77.25,29.76,12.57,48.74,102.70,42.22,30.71,58.61,'2025-12-01','2025-12-01 14:54:52'),(289,12,'asset',9,62.46,30.88,16.42,62.27,84.95,43.51,35.53,73.50,'2025-12-01','2025-12-01 14:54:52'),(290,11,'asset',9,73.19,38.44,15.47,57.75,97.83,52.21,34.34,68.53,'2025-12-01','2025-12-01 14:54:52'),(291,10,'asset',9,62.84,40.33,14.10,56.57,85.41,54.38,32.63,67.23,'2025-12-01','2025-12-01 14:54:52'),(292,9,'asset',9,72.02,23.18,11.45,68.88,96.42,34.66,29.31,80.77,'2025-12-01','2025-12-01 14:54:52'),(293,8,'asset',9,86.55,25.62,7.58,64.26,113.86,37.46,24.48,75.69,'2025-12-01','2025-12-01 14:54:52'),(294,7,'asset',9,78.86,16.29,13.04,51.54,104.63,26.73,31.30,61.69,'2025-12-01','2025-12-01 14:54:52'),(295,6,'asset',9,62.07,27.74,10.42,42.92,84.48,39.90,28.03,52.21,'2025-12-01','2025-12-01 14:54:52'),(296,5,'asset',9,68.44,29.02,15.04,55.31,92.13,41.37,33.80,65.84,'2025-12-01','2025-12-01 14:54:52'),(297,4,'asset',9,29.40,37.03,16.47,59.79,45.28,50.58,35.59,70.77,'2025-12-01','2025-12-01 14:54:52'),(298,3,'asset',9,49.48,27.60,17.35,40.90,69.38,39.74,36.69,49.99,'2025-12-01','2025-12-01 14:54:52'),(299,2,'asset',9,57.38,30.82,14.43,57.42,78.86,43.44,33.04,68.16,'2025-12-01','2025-12-01 14:54:52'),(300,1,'asset',9,48.23,35.88,16.09,44.97,67.88,49.26,35.11,54.47,'2025-12-01','2025-12-01 14:54:52'),(301,33,'asset',10,71.35,16.88,1.75,32.59,95.62,27.41,17.19,40.85,'2025-12-01','2025-12-01 14:54:52'),(302,32,'asset',10,46.98,26.43,2.41,65.45,66.38,38.39,18.01,77.00,'2025-12-01','2025-12-01 14:54:52'),(303,31,'asset',10,43.38,25.22,3.23,64.36,62.06,37.00,19.04,75.80,'2025-12-01','2025-12-01 14:54:52'),(304,29,'asset',10,39.05,18.63,2.93,35.50,56.86,29.42,18.66,44.05,'2025-12-01','2025-12-01 14:54:52'),(305,28,'asset',10,74.70,28.33,3.06,45.73,99.64,40.58,18.83,55.30,'2025-12-01','2025-12-01 14:54:52'),(306,27,'asset',10,66.67,18.88,1.91,45.13,90.00,29.71,17.39,54.64,'2025-12-01','2025-12-01 14:54:52'),(307,26,'asset',10,65.97,20.68,3.32,44.78,89.16,31.78,19.15,54.26,'2025-12-01','2025-12-01 14:54:52'),(308,25,'asset',10,61.13,21.32,1.94,53.94,83.36,32.52,17.43,64.33,'2025-12-01','2025-12-01 14:54:52'),(309,24,'asset',10,38.29,28.92,1.40,64.21,55.95,41.26,16.75,75.63,'2025-12-01','2025-12-01 14:54:52'),(310,23,'asset',10,67.71,27.06,2.29,32.06,91.25,39.12,17.86,40.27,'2025-12-01','2025-12-01 14:54:52'),(311,22,'asset',10,37.04,17.35,1.62,41.13,54.45,27.95,17.03,50.24,'2025-12-01','2025-12-01 14:54:52'),(312,20,'asset',10,27.90,25.23,3.08,50.14,43.48,37.01,18.85,60.15,'2025-12-01','2025-12-01 14:54:52'),(313,19,'asset',10,45.66,35.56,1.34,65.91,64.79,48.89,16.68,77.50,'2025-12-01','2025-12-01 14:54:52'),(314,18,'asset',10,77.80,28.89,2.06,75.10,103.36,41.22,17.58,87.61,'2025-12-01','2025-12-01 14:54:52'),(315,17,'asset',10,43.26,15.59,1.74,50.77,61.91,25.93,17.18,60.85,'2025-12-01','2025-12-01 14:54:52'),(316,16,'asset',10,58.80,34.25,2.63,48.85,80.56,47.39,18.29,58.74,'2025-12-01','2025-12-01 14:54:52'),(317,14,'asset',10,48.11,23.68,2.11,53.84,67.73,35.23,17.64,64.22,'2025-12-01','2025-12-01 14:54:52'),(318,13,'asset',10,68.94,26.08,2.39,48.95,92.73,37.99,17.99,58.85,'2025-12-01','2025-12-01 14:54:52'),(319,12,'asset',10,55.73,27.06,3.12,62.53,76.88,39.12,18.90,73.78,'2025-12-01','2025-12-01 14:54:52'),(320,11,'asset',10,65.31,33.69,2.94,57.99,88.37,46.74,18.68,68.79,'2025-12-01','2025-12-01 14:54:52'),(321,10,'asset',10,56.08,35.34,2.68,56.81,77.30,48.64,18.35,67.49,'2025-12-01','2025-12-01 14:54:52'),(322,9,'asset',10,64.26,20.32,2.17,69.17,87.11,31.37,17.71,81.09,'2025-12-01','2025-12-01 14:54:52'),(323,8,'asset',10,77.23,22.45,1.44,64.53,102.68,33.82,16.80,75.98,'2025-12-01','2025-12-01 14:54:52'),(324,7,'asset',10,70.37,14.28,2.47,51.76,94.44,24.42,18.09,61.94,'2025-12-01','2025-12-01 14:54:52'),(325,6,'asset',10,55.39,24.31,1.98,43.10,76.47,35.96,17.48,52.41,'2025-12-01','2025-12-01 14:54:52'),(326,5,'asset',10,61.07,25.43,2.86,55.54,83.28,37.24,18.58,66.09,'2025-12-01','2025-12-01 14:54:52'),(327,4,'asset',10,26.23,32.45,3.13,60.05,41.48,45.32,18.91,71.06,'2025-12-01','2025-12-01 14:54:52'),(328,3,'asset',10,44.16,24.18,3.29,41.07,62.99,35.81,19.11,50.18,'2025-12-01','2025-12-01 14:54:52'),(329,2,'asset',10,51.20,27.01,2.74,57.67,71.44,39.06,18.43,68.44,'2025-12-01','2025-12-01 14:54:52'),(330,1,'asset',10,43.04,31.44,3.05,45.16,61.65,44.16,18.81,54.68,'2025-12-01','2025-12-01 14:54:52'),(331,33,'asset',11,61.27,15.35,-4.81,32.72,83.52,25.65,8.99,40.99,'2025-12-01','2025-12-01 14:54:52'),(332,32,'asset',11,40.35,24.03,-6.62,65.72,58.42,35.63,6.73,77.29,'2025-12-01','2025-12-01 14:54:52'),(333,31,'asset',11,37.25,22.93,-8.88,64.63,54.70,34.37,3.90,76.09,'2025-12-01','2025-12-01 14:54:52'),(334,29,'asset',11,33.53,16.94,-8.06,35.65,50.24,27.48,4.93,44.22,'2025-12-01','2025-12-01 14:54:52'),(335,28,'asset',11,64.15,25.76,-8.43,45.92,86.98,37.62,4.46,55.51,'2025-12-01','2025-12-01 14:54:52'),(336,27,'asset',11,57.26,17.17,-5.25,45.32,78.71,27.75,8.44,54.85,'2025-12-01','2025-12-01 14:54:52'),(337,26,'asset',11,56.65,18.80,-9.14,44.97,77.98,29.62,3.58,54.47,'2025-12-01','2025-12-01 14:54:52'),(338,25,'asset',11,52.50,19.39,-5.34,54.16,73.00,30.30,8.33,64.58,'2025-12-01','2025-12-01 14:54:52'),(339,24,'asset',11,32.88,26.29,-3.85,64.48,49.46,38.23,10.19,75.93,'2025-12-01','2025-12-01 14:54:52'),(340,23,'asset',11,58.15,24.60,-6.31,32.20,79.78,36.29,7.11,40.42,'2025-12-01','2025-12-01 14:54:52'),(341,22,'asset',11,31.81,15.78,-4.47,41.31,48.17,26.15,9.41,50.44,'2025-12-01','2025-12-01 14:54:52'),(342,20,'asset',11,23.96,22.94,-8.46,50.35,38.75,34.38,4.43,60.39,'2025-12-01','2025-12-01 14:54:52'),(343,19,'asset',11,39.21,32.33,-3.68,66.18,57.05,45.18,10.40,77.80,'2025-12-01','2025-12-01 14:54:52'),(344,18,'asset',11,66.81,26.27,-5.68,75.41,90.17,38.21,7.90,87.95,'2025-12-01','2025-12-01 14:54:52'),(345,17,'asset',11,37.15,14.17,-4.80,50.99,54.58,24.30,9.00,61.09,'2025-12-01','2025-12-01 14:54:52'),(346,16,'asset',11,50.50,31.14,-7.25,49.05,70.60,43.81,5.94,58.96,'2025-12-01','2025-12-01 14:54:52'),(347,14,'asset',11,41.32,21.53,-5.79,54.06,59.58,32.76,7.76,64.47,'2025-12-01','2025-12-01 14:54:52'),(348,13,'asset',11,59.20,23.71,-6.56,49.15,81.04,35.27,6.80,59.07,'2025-12-01','2025-12-01 14:54:52'),(349,12,'asset',11,47.86,24.61,-8.58,62.80,67.43,36.30,4.28,74.08,'2025-12-01','2025-12-01 14:54:52'),(350,11,'asset',11,56.09,30.63,-8.08,58.24,77.31,43.22,4.90,69.06,'2025-12-01','2025-12-01 14:54:52'),(351,10,'asset',11,48.16,32.13,-7.36,57.05,67.79,44.95,5.80,67.76,'2025-12-01','2025-12-01 14:54:52'),(352,9,'asset',11,55.18,18.47,-5.98,69.46,76.22,29.24,7.53,81.41,'2025-12-01','2025-12-01 14:54:52'),(353,8,'asset',11,66.32,20.41,-3.96,64.80,89.58,31.47,10.05,76.28,'2025-12-01','2025-12-01 14:54:52'),(354,7,'asset',11,60.43,12.98,-6.81,51.97,82.52,22.93,6.49,62.17,'2025-12-01','2025-12-01 14:54:52'),(355,6,'asset',11,47.57,22.10,-5.44,43.28,67.08,33.42,8.20,52.61,'2025-12-01','2025-12-01 14:54:52'),(356,5,'asset',11,52.45,23.12,-7.86,55.78,72.94,34.59,5.18,66.36,'2025-12-01','2025-12-01 14:54:52'),(357,4,'asset',11,22.53,29.51,-8.60,60.30,37.04,41.94,4.25,71.33,'2025-12-01','2025-12-01 14:54:52'),(358,3,'asset',11,37.92,21.99,-9.06,41.25,55.50,33.29,3.68,50.38,'2025-12-01','2025-12-01 14:54:52'),(359,2,'asset',11,43.97,24.56,-7.53,57.91,62.76,36.24,5.59,68.70,'2025-12-01','2025-12-01 14:54:52'),(360,1,'asset',11,36.96,28.59,-8.40,45.35,54.35,40.88,4.50,54.89,'2025-12-01','2025-12-01 14:54:52'),(361,33,'asset',12,50.40,14.77,-10.02,32.86,70.48,24.99,2.48,41.15,'2025-12-01','2025-12-01 14:54:52'),(362,32,'asset',12,33.19,23.13,-13.80,66.00,49.83,34.60,-2.25,77.60,'2025-12-01','2025-12-01 14:54:52'),(363,31,'asset',12,30.64,22.07,-18.50,64.90,46.77,33.38,-8.13,76.39,'2025-12-01','2025-12-01 14:54:52'),(364,29,'asset',12,27.58,16.30,-16.80,35.80,43.10,26.75,-6.00,44.38,'2025-12-01','2025-12-01 14:54:52'),(365,28,'asset',12,52.77,24.79,-17.56,46.11,73.32,36.51,-6.95,55.72,'2025-12-01','2025-12-01 14:54:52'),(366,27,'asset',12,47.10,16.52,-10.94,45.51,66.52,27.00,1.33,55.06,'2025-12-01','2025-12-01 14:54:52'),(367,26,'asset',12,46.60,18.09,-19.04,45.16,65.92,28.80,-8.80,54.68,'2025-12-01','2025-12-01 14:54:52'),(368,25,'asset',12,43.18,18.66,-11.12,54.39,61.82,29.46,1.10,64.83,'2025-12-01','2025-12-01 14:54:52'),(369,24,'asset',12,27.05,25.30,-8.02,64.75,42.46,37.10,4.98,76.23,'2025-12-01','2025-12-01 14:54:52'),(370,23,'asset',12,47.83,23.68,-13.15,32.33,67.40,35.23,-1.44,40.56,'2025-12-01','2025-12-01 14:54:52'),(371,22,'asset',12,26.17,15.18,-9.31,41.48,41.40,25.46,3.36,50.63,'2025-12-01','2025-12-01 14:54:52'),(372,20,'asset',12,19.71,22.07,-17.63,50.56,33.65,33.38,-7.04,60.62,'2025-12-01','2025-12-01 14:54:52'),(373,19,'asset',12,32.25,31.12,-7.67,66.46,48.70,43.79,5.41,78.11,'2025-12-01','2025-12-01 14:54:52'),(374,18,'asset',12,54.95,25.28,-11.84,75.73,75.94,37.07,0.20,88.30,'2025-12-01','2025-12-01 14:54:52'),(375,17,'asset',12,30.56,13.64,-9.99,51.20,46.67,23.69,2.51,61.32,'2025-12-01','2025-12-01 14:54:52'),(376,16,'asset',12,41.54,29.97,-15.10,49.26,59.85,42.47,-3.88,59.19,'2025-12-01','2025-12-01 14:54:52'),(377,14,'asset',12,33.99,20.72,-12.07,54.29,50.79,31.83,-0.09,64.72,'2025-12-01','2025-12-01 14:54:52'),(378,13,'asset',12,48.69,22.82,-13.68,49.36,68.43,34.24,-2.10,59.30,'2025-12-01','2025-12-01 14:54:52'),(379,12,'asset',12,39.37,23.68,-17.87,63.06,57.24,35.23,-7.34,74.37,'2025-12-01','2025-12-01 14:54:52'),(380,11,'asset',12,46.14,29.48,-16.84,58.48,65.37,41.90,-6.05,69.33,'2025-12-01','2025-12-01 14:54:52'),(381,10,'asset',12,39.61,30.92,-15.34,57.29,57.53,43.56,-4.18,68.02,'2025-12-01','2025-12-01 14:54:52'),(382,9,'asset',12,45.39,17.78,-12.46,69.75,64.47,28.45,-0.58,81.73,'2025-12-01','2025-12-01 14:54:52'),(383,8,'asset',12,54.56,19.64,-8.24,65.07,75.47,30.59,4.70,76.58,'2025-12-01','2025-12-01 14:54:52'),(384,7,'asset',12,49.71,12.49,-14.19,52.19,69.65,22.36,-2.74,62.41,'2025-12-01','2025-12-01 14:54:52'),(385,6,'asset',12,39.13,21.27,-11.34,43.46,56.96,32.46,0.83,52.81,'2025-12-01','2025-12-01 14:54:52'),(386,5,'asset',12,43.14,22.25,-16.37,56.01,61.77,33.59,-5.46,66.61,'2025-12-01','2025-12-01 14:54:52'),(387,4,'asset',12,18.53,28.39,-17.92,60.55,32.24,40.65,-7.40,71.61,'2025-12-01','2025-12-01 14:54:52'),(388,3,'asset',12,31.19,21.16,-18.88,41.42,47.43,32.33,-8.60,50.56,'2025-12-01','2025-12-01 14:54:52'),(389,2,'asset',12,36.17,23.63,-15.70,58.15,53.40,35.17,-4.63,68.97,'2025-12-01','2025-12-01 14:54:52'),(390,1,'asset',12,30.40,27.51,-17.51,45.54,46.48,39.64,-6.89,55.09,'2025-12-01','2025-12-01 14:54:52'),(391,33,'asset',13,39.47,15.19,-13.54,33.00,57.36,25.47,-1.93,41.30,'2025-12-01','2025-12-01 14:54:52'),(392,32,'asset',13,25.99,23.78,-18.64,66.28,41.19,35.35,-8.30,77.91,'2025-12-01','2025-12-01 14:54:52'),(393,31,'asset',13,24.00,22.68,-25.00,65.17,38.80,34.08,-16.25,76.69,'2025-12-01','2025-12-01 14:54:52'),(394,29,'asset',13,21.60,16.76,-22.69,35.95,35.92,27.27,-13.36,44.55,'2025-12-01','2025-12-01 14:54:52'),(395,28,'asset',13,41.32,25.49,-23.73,46.30,59.58,37.31,-14.66,55.93,'2025-12-01','2025-12-01 14:54:52'),(396,27,'asset',13,36.88,16.98,-14.78,45.70,54.26,27.53,-3.48,55.27,'2025-12-01','2025-12-01 14:54:52'),(397,26,'asset',13,36.49,18.60,-25.72,45.35,53.79,29.39,-17.15,54.89,'2025-12-01','2025-12-01 14:54:52'),(398,25,'asset',13,33.82,19.18,-15.02,54.62,50.58,30.06,-3.78,65.08,'2025-12-01','2025-12-01 14:54:52'),(399,24,'asset',13,21.18,26.01,-10.83,65.02,35.42,37.91,1.46,76.52,'2025-12-01','2025-12-01 14:54:52'),(400,23,'asset',13,37.46,24.34,-17.77,32.46,54.95,35.99,-7.21,40.71,'2025-12-01','2025-12-01 14:54:52'),(401,22,'asset',13,20.49,15.61,-12.58,41.65,34.59,25.95,-0.73,50.82,'2025-12-01','2025-12-01 14:54:52'),(402,20,'asset',13,15.43,22.69,-23.82,50.77,28.52,34.09,-14.78,60.85,'2025-12-01','2025-12-01 14:54:52'),(403,19,'asset',13,25.26,31.99,-10.36,66.74,40.31,44.79,2.05,78.41,'2025-12-01','2025-12-01 14:54:52'),(404,18,'asset',13,43.03,25.99,-15.99,76.05,61.64,37.89,-4.99,88.66,'2025-12-01','2025-12-01 14:54:52'),(405,17,'asset',13,23.93,14.02,-13.50,51.41,38.72,24.12,-1.88,61.55,'2025-12-01','2025-12-01 14:54:52'),(406,16,'asset',13,32.53,30.81,-20.40,49.47,49.04,43.43,-10.50,59.42,'2025-12-01','2025-12-01 14:54:52'),(407,14,'asset',13,26.61,21.30,-16.31,54.52,41.93,32.50,-5.39,64.97,'2025-12-01','2025-12-01 14:54:52'),(408,13,'asset',13,38.13,23.46,-18.48,49.57,55.76,34.98,-8.10,59.53,'2025-12-01','2025-12-01 14:54:52'),(409,12,'asset',13,30.83,24.35,-24.14,63.32,47.00,36.00,-15.18,74.65,'2025-12-01','2025-12-01 14:54:52'),(410,11,'asset',13,36.13,30.31,-22.74,58.72,53.36,42.86,-13.43,69.59,'2025-12-01','2025-12-01 14:54:52'),(411,10,'asset',13,31.02,31.79,-20.72,57.53,47.22,44.56,-10.90,68.28,'2025-12-01','2025-12-01 14:54:52'),(412,9,'asset',13,35.55,18.27,-16.83,70.04,52.66,29.01,-6.04,82.04,'2025-12-01','2025-12-01 14:54:52'),(413,8,'asset',13,42.72,20.20,-11.14,65.34,61.26,31.23,1.08,76.87,'2025-12-01','2025-12-01 14:54:52'),(414,7,'asset',13,38.93,12.84,-19.17,52.41,56.72,22.77,-8.96,62.65,'2025-12-01','2025-12-01 14:54:52'),(415,6,'asset',13,30.64,21.87,-15.31,43.64,46.77,33.15,-4.14,53.00,'2025-12-01','2025-12-01 14:54:52'),(416,5,'asset',13,33.78,22.87,-22.12,56.24,50.54,34.30,-12.65,66.86,'2025-12-01','2025-12-01 14:54:52'),(417,4,'asset',13,14.51,29.19,-24.21,60.80,27.41,41.57,-15.26,71.88,'2025-12-01','2025-12-01 14:54:52'),(418,3,'asset',13,24.43,21.75,-25.51,41.59,39.32,33.01,-16.89,50.75,'2025-12-01','2025-12-01 14:54:52'),(419,2,'asset',13,28.32,24.30,-21.21,58.39,43.98,35.95,-11.51,69.23,'2025-12-01','2025-12-01 14:54:52'),(420,1,'asset',13,23.81,28.28,-23.65,45.73,38.57,40.52,-14.56,55.30,'2025-12-01','2025-12-01 14:54:52'),(421,33,'asset',14,29.21,16.56,-15.12,33.13,45.05,27.04,-3.90,41.44,'2025-12-01','2025-12-01 14:54:52'),(422,32,'asset',14,19.23,25.94,-20.83,66.55,33.08,37.83,-11.04,78.21,'2025-12-01','2025-12-01 14:54:52'),(423,31,'asset',14,17.76,24.74,-27.92,65.44,31.31,36.45,-19.90,76.98,'2025-12-01','2025-12-01 14:54:52'),(424,29,'asset',14,15.99,18.28,-25.35,36.10,29.19,29.02,-16.69,44.71,'2025-12-01','2025-12-01 14:54:52'),(425,28,'asset',14,30.58,27.80,-26.51,46.49,46.70,39.97,-18.14,56.14,'2025-12-01','2025-12-01 14:54:52'),(426,27,'asset',14,27.29,18.53,-16.51,45.89,42.75,29.31,-5.64,55.48,'2025-12-01','2025-12-01 14:54:52'),(427,26,'asset',14,27.01,20.29,-28.73,45.54,42.41,31.33,-20.91,55.09,'2025-12-01','2025-12-01 14:54:52'),(428,25,'asset',14,25.03,20.92,-16.78,54.84,40.04,32.06,-5.98,65.32,'2025-12-01','2025-12-01 14:54:52'),(429,24,'asset',14,15.68,28.37,-12.10,65.29,28.82,40.63,-0.13,76.82,'2025-12-01','2025-12-01 14:54:52'),(430,23,'asset',14,27.72,26.55,-19.85,32.60,43.26,38.53,-9.81,40.86,'2025-12-01','2025-12-01 14:54:52'),(431,22,'asset',14,15.16,17.03,-14.06,41.83,28.19,27.58,-2.58,51.01,'2025-12-01','2025-12-01 14:54:52'),(432,20,'asset',14,11.42,24.75,-26.61,50.98,23.70,36.46,-18.26,61.08,'2025-12-01','2025-12-01 14:54:52'),(433,19,'asset',14,18.69,34.89,-11.57,67.01,32.43,48.12,0.54,78.71,'2025-12-01','2025-12-01 14:54:52'),(434,18,'asset',14,31.85,28.35,-17.87,76.36,48.22,40.60,-7.34,89.00,'2025-12-01','2025-12-01 14:54:52'),(435,17,'asset',14,17.71,15.29,-15.08,51.63,31.25,25.58,-3.85,61.79,'2025-12-01','2025-12-01 14:54:52'),(436,16,'asset',14,24.07,33.61,-22.79,49.67,38.88,46.65,-13.49,59.64,'2025-12-01','2025-12-01 14:54:52'),(437,14,'asset',14,19.70,23.24,-18.22,54.74,33.64,34.73,-7.78,65.21,'2025-12-01','2025-12-01 14:54:52'),(438,13,'asset',14,28.22,25.59,-20.64,49.77,43.86,37.43,-10.80,59.75,'2025-12-01','2025-12-01 14:54:52'),(439,12,'asset',14,22.82,26.56,-26.96,63.59,37.38,38.54,-18.70,74.95,'2025-12-01','2025-12-01 14:54:52'),(440,11,'asset',14,26.74,33.06,-25.41,58.97,42.09,46.02,-16.76,69.87,'2025-12-01','2025-12-01 14:54:52'),(441,10,'asset',14,22.96,34.68,-23.15,57.77,37.55,47.88,-13.94,68.55,'2025-12-01','2025-12-01 14:54:52'),(442,9,'asset',14,26.31,19.93,-18.80,70.33,41.57,30.92,-8.50,82.36,'2025-12-01','2025-12-01 14:54:52'),(443,8,'asset',14,31.62,22.03,-12.44,65.61,47.94,33.33,-0.55,77.17,'2025-12-01','2025-12-01 14:54:52'),(444,7,'asset',14,28.81,14.01,-21.41,52.62,44.57,24.11,-11.76,62.88,'2025-12-01','2025-12-01 14:54:52'),(445,6,'asset',14,22.68,23.85,-17.10,43.82,37.22,35.43,-6.38,53.20,'2025-12-01','2025-12-01 14:54:52'),(446,5,'asset',14,25.00,24.95,-24.70,56.48,40.00,36.69,-15.88,67.13,'2025-12-01','2025-12-01 14:54:52'),(447,4,'asset',14,10.74,31.84,-27.04,61.05,22.89,44.62,-18.80,72.16,'2025-12-01','2025-12-01 14:54:52'),(448,3,'asset',14,18.08,23.73,-28.49,41.77,31.70,35.29,-20.61,50.95,'2025-12-01','2025-12-01 14:54:52'),(449,2,'asset',14,20.96,26.50,-23.69,58.63,35.15,38.48,-14.61,69.49,'2025-12-01','2025-12-01 14:54:52'),(450,1,'asset',14,17.62,30.85,-26.42,45.92,31.14,43.48,-18.03,55.51,'2025-12-01','2025-12-01 14:54:52'),(451,33,'asset',15,20.31,18.82,-14.67,33.27,34.37,29.64,-3.34,41.60,'2025-12-01','2025-12-01 14:54:52'),(452,32,'asset',15,13.38,29.46,-20.20,66.83,26.06,41.88,-10.25,78.51,'2025-12-01','2025-12-01 14:54:52'),(453,31,'asset',15,12.35,28.11,-27.08,65.71,24.82,40.33,-18.85,77.28,'2025-12-01','2025-12-01 14:54:52'),(454,29,'asset',15,11.12,20.76,-24.59,36.25,23.34,31.87,-15.74,44.88,'2025-12-01','2025-12-01 14:54:52'),(455,28,'asset',15,21.27,31.58,-25.71,46.69,35.52,44.32,-17.14,56.36,'2025-12-01','2025-12-01 14:54:52'),(456,27,'asset',15,18.98,21.04,-16.02,46.08,32.78,32.20,-5.03,55.69,'2025-12-01','2025-12-01 14:54:52'),(457,26,'asset',15,18.78,23.05,-27.87,45.72,32.54,34.51,-19.84,55.29,'2025-12-01','2025-12-01 14:54:52'),(458,25,'asset',15,17.40,23.76,-16.27,55.07,30.88,35.32,-5.34,65.58,'2025-12-01','2025-12-01 14:54:52'),(459,24,'asset',15,10.90,32.23,-11.73,65.56,23.08,45.06,0.34,77.12,'2025-12-01','2025-12-01 14:54:52'),(460,23,'asset',15,19.28,30.16,-19.25,32.73,33.14,42.68,-9.06,41.00,'2025-12-01','2025-12-01 14:54:52'),(461,22,'asset',15,10.55,19.34,-13.63,42.00,22.66,30.24,-2.04,51.20,'2025-12-01','2025-12-01 14:54:52'),(462,20,'asset',15,7.94,28.12,-25.81,51.19,19.53,40.34,-17.26,61.31,'2025-12-01','2025-12-01 14:54:52'),(463,19,'asset',15,13.00,39.63,-11.22,67.29,25.60,53.57,0.98,79.02,'2025-12-01','2025-12-01 14:54:52'),(464,18,'asset',15,22.15,32.20,-17.33,76.68,36.58,45.03,-6.66,89.35,'2025-12-01','2025-12-01 14:54:52'),(465,17,'asset',15,12.32,17.37,-14.63,51.84,24.78,27.98,-3.29,62.02,'2025-12-01','2025-12-01 14:54:52'),(466,16,'asset',15,16.74,38.18,-22.11,49.88,30.09,51.91,-12.64,59.87,'2025-12-01','2025-12-01 14:54:52'),(467,14,'asset',15,13.70,26.39,-17.67,54.97,26.44,38.35,-7.09,65.47,'2025-12-01','2025-12-01 14:54:52'),(468,13,'asset',15,19.63,29.07,-20.02,49.98,33.56,41.43,-10.03,59.98,'2025-12-01','2025-12-01 14:54:52'),(469,12,'asset',15,15.87,30.16,-26.15,63.85,29.04,42.68,-17.69,75.24,'2025-12-01','2025-12-01 14:54:52'),(470,11,'asset',15,18.59,37.55,-24.64,59.21,32.31,51.18,-15.80,70.13,'2025-12-01','2025-12-01 14:54:52'),(471,10,'asset',15,15.96,39.39,-22.45,58.01,29.15,53.30,-13.06,68.81,'2025-12-01','2025-12-01 14:54:52'),(472,9,'asset',15,18.29,22.64,-18.23,70.62,31.95,34.04,-7.79,82.68,'2025-12-01','2025-12-01 14:54:52'),(473,8,'asset',15,21.99,25.02,-12.07,65.88,36.39,36.77,-0.09,77.47,'2025-12-01','2025-12-01 14:54:52'),(474,7,'asset',15,20.03,15.91,-20.77,52.84,34.04,26.30,-10.96,63.12,'2025-12-01','2025-12-01 14:54:52'),(475,6,'asset',15,15.77,27.09,-16.59,44.00,28.92,39.15,-5.74,53.40,'2025-12-01','2025-12-01 14:54:52'),(476,5,'asset',15,17.39,28.34,-23.96,56.71,30.87,40.59,-14.95,67.38,'2025-12-01','2025-12-01 14:54:52'),(477,4,'asset',15,7.47,36.17,-26.23,61.31,18.96,49.60,-17.79,72.44,'2025-12-01','2025-12-01 14:54:52'),(478,3,'asset',15,12.57,26.95,-27.64,41.94,25.08,38.99,-19.55,51.13,'2025-12-01','2025-12-01 14:54:52'),(479,2,'asset',15,14.58,30.10,-22.98,58.88,27.50,42.62,-13.73,69.77,'2025-12-01','2025-12-01 14:54:52'),(480,1,'asset',15,12.25,35.04,-25.63,46.11,24.70,48.30,-17.04,55.72,'2025-12-01','2025-12-01 14:54:52'),(481,33,'asset',16,13.38,21.79,-12.21,33.41,26.06,33.06,-0.26,41.75,'2025-12-01','2025-12-01 14:54:52'),(482,32,'asset',16,8.81,34.11,-16.81,67.10,20.57,47.23,-6.01,78.81,'2025-12-01','2025-12-01 14:54:52'),(483,31,'asset',16,8.13,32.54,-22.54,65.98,19.76,45.42,-13.18,77.58,'2025-12-01','2025-12-01 14:54:52'),(484,29,'asset',16,7.32,24.04,-20.46,36.40,18.78,35.65,-10.58,45.04,'2025-12-01','2025-12-01 14:54:52'),(485,28,'asset',16,14.01,36.56,-21.40,46.88,26.81,50.04,-11.75,56.57,'2025-12-01','2025-12-01 14:54:52'),(486,27,'asset',16,12.50,24.37,-13.33,46.27,25.00,36.03,-1.66,55.90,'2025-12-01','2025-12-01 14:54:52'),(487,26,'asset',16,12.37,26.68,-23.19,45.91,24.84,38.68,-13.99,55.50,'2025-12-01','2025-12-01 14:54:52'),(488,25,'asset',16,11.46,27.52,-13.54,55.30,23.75,39.65,-1.93,65.83,'2025-12-01','2025-12-01 14:54:52'),(489,24,'asset',16,7.18,37.32,-9.76,65.83,18.62,50.92,2.80,77.41,'2025-12-01','2025-12-01 14:54:52'),(490,23,'asset',16,12.70,34.92,-16.02,32.87,25.24,48.16,-5.03,41.16,'2025-12-01','2025-12-01 14:54:52'),(491,22,'asset',16,6.94,22.39,-11.35,42.17,18.33,33.75,0.81,51.39,'2025-12-01','2025-12-01 14:54:52'),(492,20,'asset',16,5.23,32.56,-21.48,51.40,16.28,45.44,-11.85,61.54,'2025-12-01','2025-12-01 14:54:52'),(493,19,'asset',16,8.56,45.89,-9.34,67.57,20.27,60.77,3.33,79.33,'2025-12-01','2025-12-01 14:54:52'),(494,18,'asset',16,14.59,37.28,-14.42,76.99,27.51,50.87,-3.03,89.69,'2025-12-01','2025-12-01 14:54:52'),(495,17,'asset',16,8.11,20.12,-12.17,52.05,19.73,31.14,-0.21,62.26,'2025-12-01','2025-12-01 14:54:52'),(496,16,'asset',16,11.02,44.21,-18.40,50.08,23.22,58.84,-8.00,60.09,'2025-12-01','2025-12-01 14:54:52'),(497,14,'asset',16,9.02,30.56,-14.71,55.20,20.82,43.14,-3.39,65.72,'2025-12-01','2025-12-01 14:54:52'),(498,13,'asset',16,12.92,33.66,-16.66,50.18,25.50,46.71,-5.83,60.20,'2025-12-01','2025-12-01 14:54:52'),(499,12,'asset',16,10.45,34.93,-21.76,64.11,22.54,48.17,-12.20,75.52,'2025-12-01','2025-12-01 14:54:52'),(500,11,'asset',16,12.25,43.48,-20.51,59.45,24.70,58.00,-10.64,70.40,'2025-12-01','2025-12-01 14:54:52'),(501,10,'asset',16,10.51,45.61,-18.69,58.25,22.61,60.45,-8.36,69.08,'2025-12-01','2025-12-01 14:54:52'),(502,9,'asset',16,12.05,26.22,-15.17,70.91,24.46,38.15,-3.96,83.00,'2025-12-01','2025-12-01 14:54:52'),(503,8,'asset',16,14.48,28.97,-10.04,66.15,27.38,41.32,2.45,77.77,'2025-12-01','2025-12-01 14:54:52'),(504,7,'asset',16,13.19,18.42,-17.28,53.06,25.83,29.18,-6.60,63.37,'2025-12-01','2025-12-01 14:54:52'),(505,6,'asset',16,10.39,31.37,-13.81,44.18,22.47,44.08,-2.26,53.60,'2025-12-01','2025-12-01 14:54:52'),(506,5,'asset',16,11.45,32.82,-19.94,56.94,23.74,45.74,-9.93,67.63,'2025-12-01','2025-12-01 14:54:52'),(507,4,'asset',16,4.92,41.88,-21.83,61.56,15.90,56.16,-12.29,72.72,'2025-12-01','2025-12-01 14:54:52'),(508,3,'asset',16,8.28,31.21,-23.00,42.11,19.94,43.89,-13.75,51.32,'2025-12-01','2025-12-01 14:54:52'),(509,2,'asset',16,9.60,34.86,-19.12,59.12,21.52,48.09,-8.90,70.03,'2025-12-01','2025-12-01 14:54:52'),(510,1,'asset',16,8.07,40.58,-21.33,46.30,19.68,54.67,-11.66,55.93,'2025-12-01','2025-12-01 14:54:52'),(511,33,'asset',17,8.87,25.28,-7.90,33.54,20.64,37.07,5.13,41.89,'2025-12-01','2025-12-01 14:54:52'),(512,32,'asset',17,5.84,39.58,-10.88,67.37,17.01,53.52,1.40,79.11,'2025-12-01','2025-12-01 14:54:52'),(513,31,'asset',17,5.39,37.76,-14.59,66.25,16.47,51.42,-3.24,77.88,'2025-12-01','2025-12-01 14:54:52'),(514,29,'asset',17,4.85,27.89,-13.25,36.55,15.82,40.07,-1.56,45.21,'2025-12-01','2025-12-01 14:54:52'),(515,28,'asset',17,9.29,42.42,-13.85,47.07,21.15,56.78,-2.31,56.78,'2025-12-01','2025-12-01 14:54:52'),(516,27,'asset',17,8.29,28.27,-8.63,46.46,19.95,40.51,4.21,56.11,'2025-12-01','2025-12-01 14:54:52'),(517,26,'asset',17,8.20,30.96,-15.01,46.10,19.84,43.60,-3.76,55.71,'2025-12-01','2025-12-01 14:54:52'),(518,25,'asset',17,7.60,31.93,-8.77,55.52,19.12,44.72,4.04,66.07,'2025-12-01','2025-12-01 14:54:52'),(519,24,'asset',17,4.76,43.30,-6.32,66.10,15.71,57.80,7.10,77.71,'2025-12-01','2025-12-01 14:54:52'),(520,23,'asset',17,8.42,40.52,-10.37,33.00,20.10,54.60,2.04,41.30,'2025-12-01','2025-12-01 14:54:52'),(521,22,'asset',17,4.60,25.98,-7.35,42.34,15.52,37.88,5.81,51.57,'2025-12-01','2025-12-01 14:54:52'),(522,20,'asset',17,3.47,37.78,-13.91,51.61,14.16,51.45,-2.39,61.77,'2025-12-01','2025-12-01 14:54:52'),(523,19,'asset',17,5.68,53.25,-6.05,67.84,16.82,69.24,7.44,79.62,'2025-12-01','2025-12-01 14:54:52'),(524,18,'asset',17,9.67,43.26,-9.34,77.31,21.60,57.75,3.33,90.04,'2025-12-01','2025-12-01 14:54:52'),(525,17,'asset',17,5.38,23.34,-7.88,52.27,16.46,34.84,5.15,62.50,'2025-12-01','2025-12-01 14:54:52'),(526,16,'asset',17,7.31,51.29,-11.91,50.29,18.77,66.98,0.11,60.32,'2025-12-01','2025-12-01 14:54:52'),(527,14,'asset',17,5.98,35.46,-9.52,55.42,17.18,48.78,3.10,65.96,'2025-12-01','2025-12-01 14:54:52'),(528,13,'asset',17,8.57,39.06,-10.79,50.39,20.28,52.92,1.51,60.43,'2025-12-01','2025-12-01 14:54:52'),(529,12,'asset',17,6.93,40.53,-14.09,64.37,18.32,54.61,-2.61,75.81,'2025-12-01','2025-12-01 14:54:52'),(530,11,'asset',17,8.12,50.45,-13.28,59.70,19.74,66.02,-1.60,70.67,'2025-12-01','2025-12-01 14:54:52'),(531,10,'asset',17,6.97,52.92,-12.10,58.48,18.36,68.86,-0.13,69.33,'2025-12-01','2025-12-01 14:54:52'),(532,9,'asset',17,7.99,30.42,-9.82,71.20,19.59,42.98,2.73,83.32,'2025-12-01','2025-12-01 14:54:52'),(533,8,'asset',17,9.60,33.62,-6.50,66.43,21.52,46.66,6.88,78.07,'2025-12-01','2025-12-01 14:54:52'),(534,7,'asset',17,8.75,21.38,-11.19,53.28,20.50,32.59,1.01,63.61,'2025-12-01','2025-12-01 14:54:52'),(535,6,'asset',17,6.89,36.40,-8.94,44.37,18.27,49.86,3.83,53.81,'2025-12-01','2025-12-01 14:54:52'),(536,5,'asset',17,7.59,38.08,-12.91,57.18,19.11,51.79,-1.14,67.90,'2025-12-01','2025-12-01 14:54:52'),(537,4,'asset',17,3.26,48.59,-14.13,61.81,13.91,63.88,-2.66,72.99,'2025-12-01','2025-12-01 14:54:52'),(538,3,'asset',17,5.49,36.21,-14.89,42.28,16.59,49.64,-3.61,51.51,'2025-12-01','2025-12-01 14:54:52'),(539,2,'asset',17,6.36,40.45,-12.38,59.36,17.63,54.52,-0.48,70.30,'2025-12-01','2025-12-01 14:54:52'),(540,1,'asset',17,5.35,47.08,-13.81,46.49,16.42,62.14,-2.26,56.14,'2025-12-01','2025-12-01 14:54:52'),(541,33,'asset',18,7.09,29.06,-2.04,33.68,18.51,41.42,12.45,42.05,'2025-12-01','2025-12-01 14:54:52'),(542,32,'asset',18,4.67,45.50,-2.82,67.65,15.60,60.33,11.48,79.42,'2025-12-01','2025-12-01 14:54:52'),(543,31,'asset',18,4.31,43.41,-3.78,66.52,15.17,57.92,10.28,78.17,'2025-12-01','2025-12-01 14:54:52'),(544,29,'asset',18,3.88,32.06,-3.43,36.70,14.66,44.87,10.71,45.37,'2025-12-01','2025-12-01 14:54:52'),(545,28,'asset',18,7.42,48.77,-3.58,47.26,18.90,64.09,10.53,56.99,'2025-12-01','2025-12-01 14:54:52'),(546,27,'asset',18,6.63,32.50,-2.23,46.65,17.96,45.38,12.21,56.32,'2025-12-01','2025-12-01 14:54:52'),(547,26,'asset',18,6.56,35.59,-3.89,46.29,17.87,48.93,10.14,55.92,'2025-12-01','2025-12-01 14:54:52'),(548,25,'asset',18,6.08,36.70,-2.27,55.75,17.30,50.21,12.16,66.33,'2025-12-01','2025-12-01 14:54:52'),(549,24,'asset',18,3.81,49.77,-1.64,66.37,14.57,65.24,12.95,78.01,'2025-12-01','2025-12-01 14:54:52'),(550,23,'asset',18,6.73,46.58,-2.68,33.14,18.08,61.57,11.65,41.45,'2025-12-01','2025-12-01 14:54:52'),(551,22,'asset',18,3.68,29.87,-1.90,42.52,14.42,42.35,12.63,51.77,'2025-12-01','2025-12-01 14:54:52'),(552,20,'asset',18,2.77,43.42,-3.60,51.82,13.32,57.93,10.50,62.00,'2025-12-01','2025-12-01 14:54:52'),(553,19,'asset',18,4.54,61.21,-1.56,68.12,15.45,78.39,13.05,79.93,'2025-12-01','2025-12-01 14:54:52'),(554,18,'asset',18,7.73,49.73,-2.42,77.62,19.28,65.19,11.98,90.38,'2025-12-01','2025-12-01 14:54:52'),(555,17,'asset',18,4.30,26.83,-2.04,52.48,15.16,38.85,12.45,62.73,'2025-12-01','2025-12-01 14:54:52'),(556,16,'asset',18,5.84,58.96,-3.08,50.49,17.01,75.80,11.15,60.54,'2025-12-01','2025-12-01 14:54:52'),(557,14,'asset',18,4.78,40.76,-2.46,55.65,15.74,54.87,11.93,66.22,'2025-12-01','2025-12-01 14:54:52'),(558,13,'asset',18,6.85,44.89,-2.79,50.59,18.22,59.62,11.51,60.65,'2025-12-01','2025-12-01 14:54:52'),(559,12,'asset',18,5.54,46.59,-3.65,64.64,16.65,61.58,10.44,76.10,'2025-12-01','2025-12-01 14:54:52'),(560,11,'asset',18,6.49,57.99,-3.44,59.94,17.79,74.69,10.70,70.93,'2025-12-01','2025-12-01 14:54:52'),(561,10,'asset',18,5.57,60.83,-3.13,58.72,16.68,77.95,11.09,69.59,'2025-12-01','2025-12-01 14:54:52'),(562,9,'asset',18,6.39,34.97,-2.54,71.49,17.67,48.22,11.83,83.64,'2025-12-01','2025-12-01 14:54:52'),(563,8,'asset',18,7.68,38.64,-1.68,66.70,19.22,52.44,12.90,78.37,'2025-12-01','2025-12-01 14:54:52'),(564,7,'asset',18,6.99,24.57,-2.90,53.49,18.39,36.26,11.38,63.84,'2025-12-01','2025-12-01 14:54:52'),(565,6,'asset',18,5.51,41.84,-2.31,44.55,16.61,56.12,12.11,54.01,'2025-12-01','2025-12-01 14:54:52'),(566,5,'asset',18,6.07,43.77,-3.34,57.41,17.28,58.34,10.83,68.15,'2025-12-01','2025-12-01 14:54:52'),(567,4,'asset',18,2.61,55.86,-3.66,62.06,13.13,72.24,10.43,73.27,'2025-12-01','2025-12-01 14:54:52'),(568,3,'asset',18,4.39,41.63,-3.85,42.46,15.27,55.87,10.19,51.71,'2025-12-01','2025-12-01 14:54:52'),(569,2,'asset',18,5.09,46.49,-3.20,59.60,16.11,61.46,11.00,70.56,'2025-12-01','2025-12-01 14:54:52'),(570,1,'asset',18,4.28,54.12,-3.57,46.68,15.14,70.24,10.54,56.35,'2025-12-01','2025-12-01 14:54:52'),(571,33,'asset',19,8.16,32.87,4.97,33.82,19.79,45.80,21.21,42.20,'2025-12-01','2025-12-01 14:54:52'),(572,32,'asset',19,5.38,51.47,6.85,67.93,16.46,67.19,23.56,79.72,'2025-12-01','2025-12-01 14:54:52'),(573,31,'asset',19,4.96,49.10,9.18,66.79,15.95,64.47,26.48,78.47,'2025-12-01','2025-12-01 14:54:52'),(574,29,'asset',19,4.47,36.27,8.33,36.84,15.36,49.71,25.41,45.52,'2025-12-01','2025-12-01 14:54:52'),(575,28,'asset',19,8.55,55.16,8.71,47.46,20.26,71.43,25.89,57.21,'2025-12-01','2025-12-01 14:54:52'),(576,27,'asset',19,7.63,36.76,5.43,46.84,19.16,50.27,21.79,56.52,'2025-12-01','2025-12-01 14:54:52'),(577,26,'asset',19,7.55,40.26,9.44,46.48,19.06,54.30,26.80,56.13,'2025-12-01','2025-12-01 14:54:52'),(578,25,'asset',19,6.99,41.51,5.52,55.98,18.39,55.74,21.90,66.58,'2025-12-01','2025-12-01 14:54:52'),(579,24,'asset',19,4.38,56.30,3.98,66.64,15.26,72.75,19.98,78.30,'2025-12-01','2025-12-01 14:54:52'),(580,23,'asset',19,7.75,52.69,6.52,33.27,19.30,68.59,23.15,41.60,'2025-12-01','2025-12-01 14:54:52'),(581,22,'asset',19,4.24,33.79,4.62,42.69,15.09,46.86,20.78,51.96,'2025-12-01','2025-12-01 14:54:52'),(582,20,'asset',19,3.19,49.12,8.75,52.03,13.83,64.49,25.94,62.23,'2025-12-01','2025-12-01 14:54:52'),(583,19,'asset',19,5.22,69.24,3.80,68.40,16.26,87.63,19.75,80.24,'2025-12-01','2025-12-01 14:54:52'),(584,18,'asset',19,8.90,56.25,5.87,77.94,20.68,72.69,22.34,90.73,'2025-12-01','2025-12-01 14:54:52'),(585,17,'asset',19,4.95,30.35,4.96,52.69,15.94,42.90,21.20,62.96,'2025-12-01','2025-12-01 14:54:52'),(586,16,'asset',19,6.73,66.69,7.49,50.70,18.08,84.69,24.36,60.77,'2025-12-01','2025-12-01 14:54:52'),(587,14,'asset',19,5.50,46.11,5.99,55.87,16.60,61.03,22.49,66.46,'2025-12-01','2025-12-01 14:54:52'),(588,13,'asset',19,7.89,50.78,6.79,50.80,19.47,66.40,23.49,60.88,'2025-12-01','2025-12-01 14:54:52'),(589,12,'asset',19,6.38,52.69,8.86,64.90,17.66,68.59,26.08,76.39,'2025-12-01','2025-12-01 14:54:52'),(590,11,'asset',19,7.47,65.59,8.35,60.19,18.96,83.43,25.44,71.21,'2025-12-01','2025-12-01 14:54:52'),(591,10,'asset',19,6.42,68.81,7.61,58.96,17.70,87.13,24.51,69.86,'2025-12-01','2025-12-01 14:54:52'),(592,9,'asset',19,7.35,39.55,6.18,71.78,18.82,53.48,22.73,83.96,'2025-12-01','2025-12-01 14:54:52'),(593,8,'asset',19,8.84,43.71,4.09,66.97,20.61,58.27,20.11,78.67,'2025-12-01','2025-12-01 14:54:52'),(594,7,'asset',19,8.05,27.79,7.04,53.71,19.66,39.96,23.80,64.08,'2025-12-01','2025-12-01 14:54:52'),(595,6,'asset',19,6.34,47.33,5.62,44.73,17.61,62.43,22.03,54.20,'2025-12-01','2025-12-01 14:54:52'),(596,5,'asset',19,6.99,49.51,8.12,57.64,18.39,64.94,25.15,68.40,'2025-12-01','2025-12-01 14:54:52'),(597,4,'asset',19,3.00,63.18,8.89,62.32,13.60,80.66,26.11,73.55,'2025-12-01','2025-12-01 14:54:52'),(598,3,'asset',19,5.05,47.09,9.37,42.63,16.06,62.15,26.71,51.89,'2025-12-01','2025-12-01 14:54:52'),(599,2,'asset',19,5.86,52.59,7.79,59.85,17.03,68.48,24.74,70.84,'2025-12-01','2025-12-01 14:54:52'),(600,1,'asset',19,4.92,61.21,8.69,46.87,15.90,78.39,25.86,56.56,'2025-12-01','2025-12-01 14:54:52'),(601,33,'asset',20,12.01,36.46,12.67,33.96,24.41,49.93,30.84,42.36,'2025-12-01','2025-12-01 14:54:52'),(602,32,'asset',20,7.91,57.08,17.46,68.20,19.49,73.64,36.83,80.02,'2025-12-01','2025-12-01 14:54:52'),(603,31,'asset',20,7.30,54.46,23.41,67.06,18.76,70.63,44.26,78.77,'2025-12-01','2025-12-01 14:54:52'),(604,29,'asset',20,6.57,40.23,21.25,36.99,17.88,54.26,41.56,45.69,'2025-12-01','2025-12-01 14:54:52'),(605,28,'asset',20,12.58,61.18,22.22,47.65,25.10,78.36,42.78,57.42,'2025-12-01','2025-12-01 14:54:52'),(606,27,'asset',20,11.23,40.77,13.84,47.03,23.48,54.89,32.30,56.73,'2025-12-01','2025-12-01 14:54:52'),(607,26,'asset',20,11.11,44.65,24.08,46.67,23.33,59.35,45.10,56.34,'2025-12-01','2025-12-01 14:54:52'),(608,25,'asset',20,10.29,46.04,14.06,56.20,22.35,60.95,32.58,66.82,'2025-12-01','2025-12-01 14:54:52'),(609,24,'asset',20,6.45,62.44,10.14,66.91,17.74,79.81,27.68,78.60,'2025-12-01','2025-12-01 14:54:52'),(610,23,'asset',20,11.40,58.43,16.63,33.41,23.68,75.19,35.79,41.75,'2025-12-01','2025-12-01 14:54:52'),(611,22,'asset',20,6.24,37.47,11.78,42.86,17.49,51.09,29.73,52.15,'2025-12-01','2025-12-01 14:54:52'),(612,20,'asset',20,4.70,54.48,22.30,52.25,15.64,70.65,42.88,62.48,'2025-12-01','2025-12-01 14:54:52'),(613,19,'asset',20,7.69,76.79,9.70,68.68,19.23,96.31,27.13,80.55,'2025-12-01','2025-12-01 14:54:52'),(614,18,'asset',20,13.10,62.38,14.98,78.25,25.72,79.74,33.73,91.08,'2025-12-01','2025-12-01 14:54:52'),(615,17,'asset',20,7.28,33.66,12.64,52.91,18.74,46.71,30.80,63.20,'2025-12-01','2025-12-01 14:54:52'),(616,16,'asset',20,9.90,73.97,19.10,50.90,21.88,93.07,38.88,60.99,'2025-12-01','2025-12-01 14:54:52'),(617,14,'asset',20,8.10,51.14,15.27,56.10,19.72,66.81,34.09,66.71,'2025-12-01','2025-12-01 14:54:52'),(618,13,'asset',20,11.61,56.32,17.30,51.01,23.93,72.77,36.63,61.11,'2025-12-01','2025-12-01 14:54:52'),(619,12,'asset',20,9.38,58.44,22.60,65.16,21.26,75.21,43.25,76.68,'2025-12-01','2025-12-01 14:54:52'),(620,11,'asset',20,11.00,72.75,21.30,60.43,23.20,91.66,41.63,71.47,'2025-12-01','2025-12-01 14:54:52'),(621,10,'asset',20,9.44,76.32,19.40,59.20,21.33,95.77,39.25,70.12,'2025-12-01','2025-12-01 14:54:52'),(622,9,'asset',20,10.82,43.87,15.76,72.07,22.98,58.45,34.70,84.28,'2025-12-01','2025-12-01 14:54:52'),(623,8,'asset',20,13.00,48.48,10.43,67.24,25.60,63.75,28.04,78.96,'2025-12-01','2025-12-01 14:54:52'),(624,7,'asset',20,11.85,30.83,17.95,53.93,24.22,43.45,37.44,64.32,'2025-12-01','2025-12-01 14:54:52'),(625,6,'asset',20,9.33,52.49,14.34,44.91,21.20,68.36,32.93,54.40,'2025-12-01','2025-12-01 14:54:52'),(626,5,'asset',20,10.28,54.91,20.71,57.88,22.34,71.15,40.89,68.67,'2025-12-01','2025-12-01 14:54:52'),(627,4,'asset',20,4.42,70.08,22.67,62.57,15.30,88.59,43.34,73.83,'2025-12-01','2025-12-01 14:54:52'),(628,3,'asset',20,7.43,52.22,23.88,42.80,18.92,68.05,44.85,52.08,'2025-12-01','2025-12-01 14:54:52'),(629,2,'asset',20,8.62,58.33,19.86,60.09,20.34,75.08,39.83,71.10,'2025-12-01','2025-12-01 14:54:52'),(630,1,'asset',20,7.25,67.89,22.15,47.06,18.70,86.07,42.69,56.77,'2025-12-01','2025-12-01 14:54:52'),(631,33,'asset',21,18.38,39.58,20.55,34.09,32.06,53.52,40.69,42.50,'2025-12-01','2025-12-01 14:54:52'),(632,32,'asset',21,12.10,61.97,28.30,68.48,24.52,79.27,50.38,80.33,'2025-12-01','2025-12-01 14:54:52'),(633,31,'asset',21,11.18,59.12,37.94,67.33,23.42,75.99,62.43,79.06,'2025-12-01','2025-12-01 14:54:52'),(634,29,'asset',21,10.06,43.67,34.44,37.14,22.07,58.22,58.05,45.85,'2025-12-01','2025-12-01 14:54:52'),(635,28,'asset',21,19.24,66.42,36.02,47.84,33.09,84.38,60.03,57.62,'2025-12-01','2025-12-01 14:54:52'),(636,27,'asset',21,17.18,44.26,22.44,47.22,30.62,58.90,43.05,56.94,'2025-12-01','2025-12-01 14:54:52'),(637,26,'asset',21,16.99,48.47,39.04,46.85,30.39,63.74,63.80,56.54,'2025-12-01','2025-12-01 14:54:52'),(638,25,'asset',21,15.75,49.99,22.80,56.43,28.90,65.49,43.50,67.07,'2025-12-01','2025-12-01 14:54:52'),(639,24,'asset',21,9.86,67.79,16.44,67.18,21.83,85.96,35.55,78.90,'2025-12-01','2025-12-01 14:54:52'),(640,23,'asset',21,17.44,63.44,26.97,33.54,30.93,80.96,48.71,41.89,'2025-12-01','2025-12-01 14:54:52'),(641,22,'asset',21,9.54,40.68,19.10,43.04,21.45,54.78,38.88,52.34,'2025-12-01','2025-12-01 14:54:52'),(642,20,'asset',21,7.19,59.14,36.16,52.46,18.63,76.01,60.20,62.71,'2025-12-01','2025-12-01 14:54:52'),(643,19,'asset',21,11.76,83.37,15.72,68.95,24.11,103.88,34.65,80.85,'2025-12-01','2025-12-01 14:54:52'),(644,18,'asset',21,20.04,67.73,24.28,78.57,34.05,85.89,45.35,91.43,'2025-12-01','2025-12-01 14:54:52'),(645,17,'asset',21,11.14,36.54,20.49,53.12,23.37,50.02,40.61,63.43,'2025-12-01','2025-12-01 14:54:52'),(646,16,'asset',21,15.15,80.30,30.97,51.11,28.18,100.35,53.71,61.22,'2025-12-01','2025-12-01 14:54:52'),(647,14,'asset',21,12.39,55.52,24.76,56.33,24.87,71.85,45.95,66.96,'2025-12-01','2025-12-01 14:54:52'),(648,13,'asset',21,17.76,61.14,28.05,51.21,31.31,78.31,50.06,61.33,'2025-12-01','2025-12-01 14:54:52'),(649,12,'asset',21,14.36,63.45,36.64,65.42,27.23,80.97,60.80,76.96,'2025-12-01','2025-12-01 14:54:52'),(650,11,'asset',21,16.83,78.98,34.52,60.67,30.20,98.83,58.15,71.74,'2025-12-01','2025-12-01 14:54:52'),(651,10,'asset',21,14.45,82.85,31.46,59.44,27.34,103.28,54.33,70.38,'2025-12-01','2025-12-01 14:54:52'),(652,9,'asset',21,16.55,47.63,25.54,72.37,29.86,62.77,46.93,84.61,'2025-12-01','2025-12-01 14:54:52'),(653,8,'asset',21,19.90,52.63,16.90,67.51,33.88,68.52,36.13,79.26,'2025-12-01','2025-12-01 14:54:52'),(654,7,'asset',21,18.13,33.47,29.10,54.15,31.76,46.49,51.38,64.57,'2025-12-01','2025-12-01 14:54:52'),(655,6,'asset',21,14.27,56.99,23.24,45.09,27.12,73.54,44.05,54.60,'2025-12-01','2025-12-01 14:54:52'),(656,5,'asset',21,15.73,59.61,33.57,58.11,28.88,76.55,56.96,68.92,'2025-12-01','2025-12-01 14:54:52'),(657,4,'asset',21,6.76,76.08,36.75,62.82,18.11,95.49,60.94,74.10,'2025-12-01','2025-12-01 14:54:52'),(658,3,'asset',21,11.38,56.70,38.72,42.97,23.66,73.21,63.40,52.27,'2025-12-01','2025-12-01 14:54:52'),(659,2,'asset',21,13.19,63.32,32.19,60.33,25.83,80.82,55.24,71.36,'2025-12-01','2025-12-01 14:54:52'),(660,1,'asset',21,11.09,73.71,35.90,47.25,23.31,92.77,59.88,56.98,'2025-12-01','2025-12-01 14:54:52'),(661,33,'asset',22,26.84,42.02,28.06,34.23,42.21,56.32,50.08,42.65,'2025-12-01','2025-12-01 14:54:52'),(662,32,'asset',22,17.67,65.80,38.65,68.75,31.20,83.67,63.31,80.63,'2025-12-01','2025-12-01 14:54:52'),(663,31,'asset',22,16.32,62.77,51.82,67.60,29.58,80.19,79.78,79.36,'2025-12-01','2025-12-01 14:54:52'),(664,29,'asset',22,14.69,46.37,47.04,37.29,27.63,61.33,73.80,46.02,'2025-12-01','2025-12-01 14:54:52'),(665,28,'asset',22,28.10,70.52,49.19,48.03,43.72,89.10,76.49,57.83,'2025-12-01','2025-12-01 14:54:52'),(666,27,'asset',22,25.08,47.00,30.65,47.41,40.10,62.05,53.31,57.15,'2025-12-01','2025-12-01 14:54:52'),(667,26,'asset',22,24.82,51.47,53.32,47.04,39.78,67.19,81.65,56.74,'2025-12-01','2025-12-01 14:54:52'),(668,25,'asset',22,23.00,53.08,31.13,56.66,37.60,69.04,53.91,67.33,'2025-12-01','2025-12-01 14:54:52'),(669,24,'asset',22,14.40,71.98,22.45,67.45,27.28,90.78,43.06,79.20,'2025-12-01','2025-12-01 14:54:52'),(670,23,'asset',22,25.47,67.36,36.83,33.68,40.56,85.46,61.04,42.05,'2025-12-01','2025-12-01 14:54:52'),(671,22,'asset',22,13.93,43.20,26.09,43.21,26.72,57.68,47.61,52.53,'2025-12-01','2025-12-01 14:54:52'),(672,20,'asset',22,10.49,62.80,49.38,52.67,22.59,80.22,76.73,62.94,'2025-12-01','2025-12-01 14:54:52'),(673,19,'asset',22,17.18,88.52,21.47,69.23,30.62,109.80,41.84,81.15,'2025-12-01','2025-12-01 14:54:52'),(674,18,'asset',22,29.27,71.91,33.16,78.89,45.12,90.70,56.45,91.78,'2025-12-01','2025-12-01 14:54:52'),(675,17,'asset',22,16.27,38.80,27.99,53.33,29.52,52.62,49.99,63.66,'2025-12-01','2025-12-01 14:54:52'),(676,16,'asset',22,22.12,85.26,42.29,51.31,36.54,106.05,67.86,61.44,'2025-12-01','2025-12-01 14:54:52'),(677,14,'asset',22,18.10,58.95,33.81,56.55,31.72,75.79,57.26,67.21,'2025-12-01','2025-12-01 14:54:52'),(678,13,'asset',22,25.93,64.92,38.31,51.42,41.12,82.66,62.89,61.56,'2025-12-01','2025-12-01 14:54:52'),(679,12,'asset',22,20.97,67.37,50.04,65.69,35.16,85.48,77.55,77.26,'2025-12-01','2025-12-01 14:54:52'),(680,11,'asset',22,24.57,83.86,47.15,60.92,39.48,104.44,73.94,72.01,'2025-12-01','2025-12-01 14:54:52'),(681,10,'asset',22,21.09,87.97,42.96,59.68,35.31,109.17,68.70,70.65,'2025-12-01','2025-12-01 14:54:52'),(682,9,'asset',22,24.17,50.57,34.88,72.66,39.00,66.16,58.60,84.93,'2025-12-01','2025-12-01 14:54:52'),(683,8,'asset',22,29.05,55.89,23.09,67.78,44.86,72.27,43.86,79.56,'2025-12-01','2025-12-01 14:54:52'),(684,7,'asset',22,26.47,35.54,39.74,54.36,41.76,48.87,64.68,64.80,'2025-12-01','2025-12-01 14:54:52'),(685,6,'asset',22,20.84,60.51,31.74,45.27,35.01,77.59,54.68,54.80,'2025-12-01','2025-12-01 14:54:52'),(686,5,'asset',22,22.97,63.30,45.85,58.34,37.56,80.80,72.31,69.17,'2025-12-01','2025-12-01 14:54:52'),(687,4,'asset',22,9.87,80.78,50.19,63.07,21.84,100.90,77.74,74.38,'2025-12-01','2025-12-01 14:54:52'),(688,3,'asset',22,16.61,60.20,52.88,43.15,29.93,77.23,81.10,52.47,'2025-12-01','2025-12-01 14:54:52'),(689,2,'asset',22,19.26,67.23,43.97,60.57,33.11,85.31,69.96,71.63,'2025-12-01','2025-12-01 14:54:52'),(690,1,'asset',22,16.19,78.26,49.03,47.44,29.43,98.00,76.29,57.18,'2025-12-01','2025-12-01 14:54:52'),(691,33,'asset',23,36.82,43.63,34.71,34.37,54.18,58.17,58.39,42.81,'2025-12-01','2025-12-01 14:54:52'),(692,32,'asset',23,24.25,68.32,47.81,69.02,39.10,86.57,74.76,80.92,'2025-12-01','2025-12-01 14:54:52'),(693,31,'asset',23,22.39,65.17,64.10,67.87,36.87,82.95,95.13,79.66,'2025-12-01','2025-12-01 14:54:52'),(694,29,'asset',23,20.15,48.14,58.19,37.44,34.18,63.36,87.74,46.18,'2025-12-01','2025-12-01 14:54:52'),(695,28,'asset',23,38.55,73.22,60.85,48.22,56.26,92.20,91.06,58.04,'2025-12-01','2025-12-01 14:54:52'),(696,27,'asset',23,34.41,48.79,37.91,47.60,51.29,64.11,62.39,57.36,'2025-12-01','2025-12-01 14:54:52'),(697,26,'asset',23,34.04,53.44,65.95,47.23,50.85,69.46,97.44,56.95,'2025-12-01','2025-12-01 14:54:52'),(698,25,'asset',23,31.55,55.11,38.51,56.88,47.86,71.38,63.14,67.57,'2025-12-01','2025-12-01 14:54:52'),(699,24,'asset',23,19.76,74.73,27.77,67.72,33.71,93.94,49.71,79.49,'2025-12-01','2025-12-01 14:54:52'),(700,23,'asset',23,34.94,69.94,45.56,33.81,51.93,88.43,71.95,42.19,'2025-12-01','2025-12-01 14:54:52'),(701,22,'asset',23,19.12,44.85,32.27,43.38,32.94,59.58,55.34,52.72,'2025-12-01','2025-12-01 14:54:52'),(702,20,'asset',23,14.40,65.20,61.09,52.88,27.28,82.98,91.36,63.17,'2025-12-01','2025-12-01 14:54:52'),(703,19,'asset',23,23.56,91.91,26.56,69.51,38.27,113.70,48.20,81.46,'2025-12-01','2025-12-01 14:54:52'),(704,18,'asset',23,40.15,74.66,41.01,79.20,58.18,93.86,66.26,92.12,'2025-12-01','2025-12-01 14:54:52'),(705,17,'asset',23,22.32,40.29,34.62,53.55,36.78,54.33,58.28,63.91,'2025-12-01','2025-12-01 14:54:52'),(706,16,'asset',23,30.35,88.53,52.32,51.52,46.42,109.81,80.40,61.67,'2025-12-01','2025-12-01 14:54:52'),(707,14,'asset',23,24.83,61.20,41.82,56.78,39.80,78.38,67.28,67.46,'2025-12-01','2025-12-01 14:54:52'),(708,13,'asset',23,35.57,67.41,47.38,51.62,52.68,85.52,74.23,61.78,'2025-12-01','2025-12-01 14:54:52'),(709,12,'asset',23,28.76,69.95,61.90,65.95,44.51,88.44,92.38,77.55,'2025-12-01','2025-12-01 14:54:52'),(710,11,'asset',23,33.71,87.07,58.32,61.16,50.45,108.13,87.90,72.28,'2025-12-01','2025-12-01 14:54:52'),(711,10,'asset',23,28.94,91.34,53.14,59.92,44.73,113.04,81.43,70.91,'2025-12-01','2025-12-01 14:54:52'),(712,9,'asset',23,33.16,52.51,43.15,72.95,49.79,68.39,68.94,85.25,'2025-12-01','2025-12-01 14:54:52'),(713,8,'asset',23,39.86,58.02,28.56,68.05,57.83,74.72,50.70,79.86,'2025-12-01','2025-12-01 14:54:52'),(714,7,'asset',23,36.31,36.89,49.15,54.58,53.57,50.42,76.44,65.04,'2025-12-01','2025-12-01 14:54:52'),(715,6,'asset',23,28.58,62.82,39.27,45.45,44.30,80.24,64.09,55.00,'2025-12-01','2025-12-01 14:54:52'),(716,5,'asset',23,31.52,65.72,56.71,58.58,47.82,83.58,85.89,69.44,'2025-12-01','2025-12-01 14:54:52'),(717,4,'asset',23,13.54,83.87,62.08,63.33,26.25,104.45,92.60,74.66,'2025-12-01','2025-12-01 14:54:52'),(718,3,'asset',23,22.79,62.50,65.41,43.32,37.35,79.88,96.76,52.65,'2025-12-01','2025-12-01 14:54:52'),(719,2,'asset',23,26.42,69.81,54.38,60.82,41.70,88.28,82.98,71.90,'2025-12-01','2025-12-01 14:54:52'),(720,1,'asset',23,22.21,81.26,60.65,47.63,36.65,101.45,90.81,57.39,'2025-12-01','2025-12-01 14:54:52'),(1024,9,'cloud_host',0,16.51,79.28,35.90,40.94,29.81,99.17,59.88,50.03,'2025-12-01','2025-12-01 14:55:07'),(1025,8,'cloud_host',0,30.48,37.38,75.54,44.87,46.58,50.99,109.43,54.36,'2025-12-01','2025-12-01 14:55:07'),(1026,7,'cloud_host',0,37.12,72.40,57.40,65.77,54.54,91.26,86.75,77.35,'2025-12-01','2025-12-01 14:55:07'),(1027,6,'cloud_host',0,26.75,43.19,56.07,29.84,42.10,57.67,85.09,37.82,'2025-12-01','2025-12-01 14:55:07'),(1028,5,'cloud_host',0,46.08,68.87,55.38,39.59,65.30,87.20,84.23,48.55,'2025-12-01','2025-12-01 14:55:07'),(1029,4,'cloud_host',0,41.56,81.29,50.18,62.05,59.87,101.48,77.73,73.26,'2025-12-01','2025-12-01 14:55:07'),(1030,3,'cloud_host',0,29.50,72.00,31.06,31.93,45.40,90.80,53.83,40.12,'2025-12-01','2025-12-01 14:55:07'),(1031,2,'cloud_host',0,36.95,89.92,35.25,31.24,54.34,111.41,59.06,39.36,'2025-12-01','2025-12-01 14:55:07'),(1032,1,'cloud_host',0,37.30,93.77,42.90,37.19,54.76,115.84,68.63,45.91,'2025-12-01','2025-12-01 14:55:07'),(1033,9,'cloud_host',1,20.14,78.40,38.86,41.12,34.17,98.16,63.58,50.23,'2025-12-01','2025-12-01 14:55:07'),(1034,8,'cloud_host',1,37.19,36.96,81.77,45.07,54.63,50.50,117.21,54.58,'2025-12-01','2025-12-01 14:55:07'),(1035,7,'cloud_host',1,45.30,71.58,62.13,66.06,64.36,90.32,92.66,77.67,'2025-12-01','2025-12-01 14:55:07'),(1036,6,'cloud_host',1,32.64,42.70,60.70,29.97,49.17,57.11,90.88,37.97,'2025-12-01','2025-12-01 14:55:07'),(1037,5,'cloud_host',1,56.24,68.10,59.94,39.76,77.49,86.32,89.93,48.74,'2025-12-01','2025-12-01 14:55:07'),(1038,4,'cloud_host',1,50.72,80.38,54.32,62.33,70.86,100.44,82.90,73.56,'2025-12-01','2025-12-01 14:55:07'),(1039,3,'cloud_host',1,36.01,71.19,33.62,32.07,53.21,89.87,57.03,40.28,'2025-12-01','2025-12-01 14:55:07'),(1040,2,'cloud_host',1,45.09,88.91,38.16,31.37,64.11,110.25,62.70,39.51,'2025-12-01','2025-12-01 14:55:07'),(1041,1,'cloud_host',1,45.52,92.72,46.44,37.36,64.62,114.63,73.05,46.10,'2025-12-01','2025-12-01 14:55:07'),(1042,9,'cloud_host',2,23.54,75.79,40.11,41.29,38.25,95.16,65.14,50.42,'2025-12-01','2025-12-01 14:55:07'),(1043,8,'cloud_host',2,43.46,35.73,84.39,45.26,62.15,49.09,120.49,54.79,'2025-12-01','2025-12-01 14:55:07'),(1044,7,'cloud_host',2,52.93,69.21,64.13,66.35,73.52,87.59,95.16,77.99,'2025-12-01','2025-12-01 14:55:07'),(1045,6,'cloud_host',2,38.14,41.29,62.65,30.10,55.77,55.48,93.31,38.11,'2025-12-01','2025-12-01 14:55:07'),(1046,5,'cloud_host',2,65.71,65.83,61.87,39.93,88.85,83.70,92.34,48.92,'2025-12-01','2025-12-01 14:55:07'),(1047,4,'cloud_host',2,59.26,77.71,56.07,62.60,81.11,97.37,85.09,73.86,'2025-12-01','2025-12-01 14:55:07'),(1048,3,'cloud_host',2,42.07,68.83,34.70,32.21,60.48,87.15,58.38,40.43,'2025-12-01','2025-12-01 14:55:07'),(1049,2,'cloud_host',2,52.68,85.95,39.39,31.51,73.22,106.84,64.24,39.66,'2025-12-01','2025-12-01 14:55:07'),(1050,1,'cloud_host',2,53.19,89.64,47.93,37.52,73.83,111.09,74.91,46.27,'2025-12-01','2025-12-01 14:55:07'),(1051,9,'cloud_host',3,26.46,71.64,39.56,41.47,41.75,90.39,64.45,50.62,'2025-12-01','2025-12-01 14:55:07'),(1052,8,'cloud_host',3,48.85,33.78,83.24,45.46,68.62,46.85,119.05,55.01,'2025-12-01','2025-12-01 14:55:07'),(1053,7,'cloud_host',3,59.50,65.42,63.25,66.63,81.40,83.23,94.06,78.29,'2025-12-01','2025-12-01 14:55:07'),(1054,6,'cloud_host',3,42.87,39.03,61.79,30.23,61.44,52.88,92.24,38.25,'2025-12-01','2025-12-01 14:55:07'),(1055,5,'cloud_host',3,73.86,62.23,61.02,40.11,98.63,79.56,91.28,49.12,'2025-12-01','2025-12-01 14:55:07'),(1056,4,'cloud_host',3,66.61,73.45,55.30,62.87,89.93,92.47,84.13,74.16,'2025-12-01','2025-12-01 14:55:07'),(1057,3,'cloud_host',3,47.29,65.06,34.22,32.35,66.75,82.82,57.78,40.59,'2025-12-01','2025-12-01 14:55:07'),(1058,2,'cloud_host',3,59.22,81.25,38.85,31.65,81.06,101.44,63.56,39.82,'2025-12-01','2025-12-01 14:55:07'),(1059,1,'cloud_host',3,59.79,84.73,47.27,37.68,81.75,105.44,74.09,46.45,'2025-12-01','2025-12-01 14:55:07'),(1060,9,'cloud_host',4,28.71,66.23,37.25,41.65,44.45,84.16,61.56,50.82,'2025-12-01','2025-12-01 14:55:07'),(1061,8,'cloud_host',4,53.01,31.23,78.38,45.66,73.61,43.91,112.98,55.23,'2025-12-01','2025-12-01 14:55:07'),(1062,7,'cloud_host',4,64.56,60.48,59.56,66.92,87.47,77.55,89.45,78.61,'2025-12-01','2025-12-01 14:55:07'),(1063,6,'cloud_host',4,46.52,36.08,58.18,30.36,65.82,49.49,87.73,38.40,'2025-12-01','2025-12-01 14:55:07'),(1064,5,'cloud_host',4,80.14,57.53,57.46,40.28,106.17,74.16,86.83,49.31,'2025-12-01','2025-12-01 14:55:07'),(1065,4,'cloud_host',4,72.28,67.91,52.07,63.14,96.74,86.10,80.09,74.45,'2025-12-01','2025-12-01 14:55:07'),(1066,3,'cloud_host',4,51.32,60.15,32.22,32.49,71.58,77.17,55.28,40.74,'2025-12-01','2025-12-01 14:55:07'),(1067,2,'cloud_host',4,64.26,75.12,36.58,31.78,87.11,94.39,60.73,39.96,'2025-12-01','2025-12-01 14:55:07'),(1068,1,'cloud_host',4,64.88,78.33,44.51,37.85,87.86,98.08,70.64,46.64,'2025-12-01','2025-12-01 14:55:07'),(1069,9,'cloud_host',5,30.14,59.93,33.34,41.83,46.17,76.92,56.68,51.01,'2025-12-01','2025-12-01 14:55:07'),(1070,8,'cloud_host',5,55.65,28.25,70.15,45.85,76.78,40.49,102.69,55.44,'2025-12-01','2025-12-01 14:55:07'),(1071,7,'cloud_host',5,67.78,54.72,53.30,67.21,91.34,70.93,81.63,78.93,'2025-12-01','2025-12-01 14:55:07'),(1072,6,'cloud_host',5,48.84,32.64,52.07,30.49,68.61,45.54,80.09,38.54,'2025-12-01','2025-12-01 14:55:07'),(1073,5,'cloud_host',5,84.14,52.05,51.42,40.45,110.97,67.86,79.28,49.50,'2025-12-01','2025-12-01 14:55:07'),(1074,4,'cloud_host',5,75.88,61.44,46.60,63.41,101.06,78.66,73.25,74.75,'2025-12-01','2025-12-01 14:55:07'),(1075,3,'cloud_host',5,53.87,54.42,28.84,32.63,74.64,70.58,51.05,40.89,'2025-12-01','2025-12-01 14:55:07'),(1076,2,'cloud_host',5,67.46,67.96,32.74,31.92,90.95,86.15,55.93,40.11,'2025-12-01','2025-12-01 14:55:07'),(1077,1,'cloud_host',5,68.11,70.87,39.84,38.01,91.73,89.50,64.80,46.81,'2025-12-01','2025-12-01 14:55:07'),(1078,9,'cloud_host',6,30.65,53.14,28.08,42.01,46.78,69.11,50.10,51.21,'2025-12-01','2025-12-01 14:55:07'),(1079,8,'cloud_host',6,56.60,25.05,59.09,46.05,77.92,36.81,88.86,55.66,'2025-12-01','2025-12-01 14:55:07'),(1080,7,'cloud_host',6,68.94,48.52,44.90,67.50,92.73,63.80,71.13,79.25,'2025-12-01','2025-12-01 14:55:07'),(1081,6,'cloud_host',6,49.67,28.95,43.86,30.62,69.60,41.29,69.83,38.68,'2025-12-01','2025-12-01 14:55:07'),(1082,5,'cloud_host',6,85.58,46.16,43.32,40.63,112.70,61.08,69.15,49.69,'2025-12-01','2025-12-01 14:55:07'),(1083,4,'cloud_host',6,77.18,54.48,39.26,63.69,102.62,70.65,64.08,75.06,'2025-12-01','2025-12-01 14:55:07'),(1084,3,'cloud_host',6,54.79,48.26,24.29,32.77,75.75,63.50,45.36,41.05,'2025-12-01','2025-12-01 14:55:07'),(1085,2,'cloud_host',6,68.61,60.27,27.58,32.06,92.33,77.31,49.48,40.27,'2025-12-01','2025-12-01 14:55:07'),(1086,1,'cloud_host',6,69.28,62.85,33.56,38.17,93.14,80.28,56.95,46.99,'2025-12-01','2025-12-01 14:55:07'),(1087,9,'cloud_host',7,30.22,46.34,21.84,42.19,46.26,61.29,42.30,51.41,'2025-12-01','2025-12-01 14:55:07'),(1088,8,'cloud_host',7,55.80,21.85,45.95,46.25,76.96,33.13,72.44,55.88,'2025-12-01','2025-12-01 14:55:07'),(1089,7,'cloud_host',7,67.96,42.31,34.92,67.79,91.55,56.66,58.65,79.57,'2025-12-01','2025-12-01 14:55:07'),(1090,6,'cloud_host',7,48.96,25.24,34.11,30.76,68.75,37.03,57.64,38.84,'2025-12-01','2025-12-01 14:55:07'),(1091,5,'cloud_host',7,84.36,40.25,33.69,40.80,111.23,54.29,57.11,49.88,'2025-12-01','2025-12-01 14:55:07'),(1092,4,'cloud_host',7,76.08,47.51,30.53,63.96,101.30,62.64,53.16,75.36,'2025-12-01','2025-12-01 14:55:07'),(1093,3,'cloud_host',7,54.01,42.08,18.89,32.91,74.81,56.39,38.61,41.20,'2025-12-01','2025-12-01 14:55:07'),(1094,2,'cloud_host',7,67.64,52.55,21.45,32.20,91.17,68.43,41.81,40.42,'2025-12-01','2025-12-01 14:55:07'),(1095,1,'cloud_host',7,68.29,54.80,26.10,38.33,91.95,71.02,47.63,47.16,'2025-12-01','2025-12-01 14:55:07'),(1096,9,'cloud_host',8,28.86,39.97,15.03,42.37,44.63,53.97,33.79,51.61,'2025-12-01','2025-12-01 14:55:07'),(1097,8,'cloud_host',8,53.29,18.85,31.62,46.44,73.95,29.68,54.53,56.08,'2025-12-01','2025-12-01 14:55:07'),(1098,7,'cloud_host',8,64.90,36.50,24.03,68.08,87.88,49.98,45.04,79.89,'2025-12-01','2025-12-01 14:55:07'),(1099,6,'cloud_host',8,46.76,21.77,23.47,30.89,66.11,33.04,44.34,38.98,'2025-12-01','2025-12-01 14:55:07'),(1100,5,'cloud_host',8,80.57,34.72,23.18,40.98,106.68,47.93,43.98,50.08,'2025-12-01','2025-12-01 14:55:07'),(1101,4,'cloud_host',8,72.66,40.98,21.01,64.23,97.19,55.13,41.26,75.65,'2025-12-01','2025-12-01 14:55:07'),(1102,3,'cloud_host',8,51.59,36.30,13.00,33.05,71.91,49.75,31.25,41.36,'2025-12-01','2025-12-01 14:55:07'),(1103,2,'cloud_host',8,64.60,45.33,14.76,32.33,87.52,60.13,33.45,40.56,'2025-12-01','2025-12-01 14:55:07'),(1104,1,'cloud_host',8,65.22,47.28,17.96,38.50,88.26,62.37,37.45,47.35,'2025-12-01','2025-12-01 14:55:07'),(1105,9,'cloud_host',9,26.67,34.47,8.11,42.55,42.00,47.64,25.14,51.81,'2025-12-01','2025-12-01 14:55:07'),(1106,8,'cloud_host',9,49.25,16.25,17.06,46.64,69.10,26.69,36.33,56.30,'2025-12-01','2025-12-01 14:55:07'),(1107,7,'cloud_host',9,59.98,31.48,12.96,68.36,81.98,44.20,31.20,80.20,'2025-12-01','2025-12-01 14:55:07'),(1108,6,'cloud_host',9,43.22,18.78,12.66,31.02,61.86,29.60,30.83,39.12,'2025-12-01','2025-12-01 14:55:07'),(1109,5,'cloud_host',9,74.46,29.94,12.50,41.15,99.35,42.43,30.63,50.27,'2025-12-01','2025-12-01 14:55:07'),(1110,4,'cloud_host',9,67.15,35.35,11.33,64.50,90.58,48.65,29.16,75.95,'2025-12-01','2025-12-01 14:55:07'),(1111,3,'cloud_host',9,47.67,31.31,7.01,33.19,67.20,44.01,23.76,41.51,'2025-12-01','2025-12-01 14:55:07'),(1112,2,'cloud_host',9,59.70,39.10,7.96,32.47,81.64,52.97,24.95,40.72,'2025-12-01','2025-12-01 14:55:07'),(1113,1,'cloud_host',9,60.28,40.77,9.69,38.66,82.34,54.89,27.11,47.53,'2025-12-01','2025-12-01 14:55:07'),(1114,9,'cloud_host',10,23.80,30.21,1.54,42.73,38.56,42.74,16.93,52.00,'2025-12-01','2025-12-01 14:55:07'),(1115,8,'cloud_host',10,43.94,14.24,3.24,46.84,62.73,24.38,19.05,56.52,'2025-12-01','2025-12-01 14:55:07'),(1116,7,'cloud_host',10,53.52,27.59,2.46,68.65,74.22,39.73,18.08,80.52,'2025-12-01','2025-12-01 14:55:07'),(1117,6,'cloud_host',10,38.57,16.46,2.40,31.15,56.28,26.93,18.00,39.27,'2025-12-01','2025-12-01 14:55:07'),(1118,5,'cloud_host',10,66.44,26.24,2.37,41.32,89.73,38.18,17.96,50.45,'2025-12-01','2025-12-01 14:55:07'),(1119,4,'cloud_host',10,59.92,30.97,2.15,64.78,81.90,43.62,17.69,76.26,'2025-12-01','2025-12-01 14:55:07'),(1120,3,'cloud_host',10,42.54,27.43,1.33,33.33,61.05,39.54,16.66,41.66,'2025-12-01','2025-12-01 14:55:07'),(1121,2,'cloud_host',10,53.27,34.26,1.51,32.61,73.92,47.40,16.89,40.87,'2025-12-01','2025-12-01 14:55:07'),(1122,1,'cloud_host',10,53.79,35.73,1.84,38.82,74.55,49.09,17.30,47.70,'2025-12-01','2025-12-01 14:55:07'),(1123,9,'cloud_host',11,20.44,27.47,-4.23,42.91,34.53,39.59,9.71,52.20,'2025-12-01','2025-12-01 14:55:07'),(1124,8,'cloud_host',11,37.74,12.95,-8.91,47.03,55.29,22.89,3.86,56.73,'2025-12-01','2025-12-01 14:55:07'),(1125,7,'cloud_host',11,45.96,25.08,-6.77,68.94,65.15,36.84,6.54,80.83,'2025-12-01','2025-12-01 14:55:07'),(1126,6,'cloud_host',11,33.12,14.96,-6.61,31.28,49.74,25.20,6.74,39.41,'2025-12-01','2025-12-01 14:55:07'),(1127,5,'cloud_host',11,57.06,23.86,-6.53,41.50,78.47,35.44,6.84,50.65,'2025-12-01','2025-12-01 14:55:07'),(1128,4,'cloud_host',11,51.46,28.16,-5.92,65.05,71.75,40.38,7.60,76.56,'2025-12-01','2025-12-01 14:55:07'),(1129,3,'cloud_host',11,36.53,24.95,-3.66,33.47,53.84,36.69,10.43,41.82,'2025-12-01','2025-12-01 14:55:07'),(1130,2,'cloud_host',11,45.75,31.15,-4.16,32.74,64.90,43.82,9.80,41.01,'2025-12-01','2025-12-01 14:55:07'),(1131,1,'cloud_host',11,46.19,32.49,-5.06,38.99,65.43,45.36,8.68,47.89,'2025-12-01','2025-12-01 14:55:07'),(1132,9,'cloud_host',12,16.81,26.43,-8.82,43.09,30.17,38.39,3.98,52.40,'2025-12-01','2025-12-01 14:55:07'),(1133,8,'cloud_host',12,31.04,12.46,-18.56,47.23,47.25,22.33,-8.20,56.95,'2025-12-01','2025-12-01 14:55:07'),(1134,7,'cloud_host',12,37.81,24.14,-14.10,69.23,55.37,35.76,-2.63,81.15,'2025-12-01','2025-12-01 14:55:07'),(1135,6,'cloud_host',12,27.24,14.40,-13.78,31.41,42.69,24.56,-2.23,39.55,'2025-12-01','2025-12-01 14:55:07'),(1136,5,'cloud_host',12,46.93,22.96,-13.61,41.67,66.32,34.40,-2.01,50.84,'2025-12-01','2025-12-01 14:55:07'),(1137,4,'cloud_host',12,42.33,27.10,-12.33,65.32,60.80,39.17,-0.41,76.85,'2025-12-01','2025-12-01 14:55:07'),(1138,3,'cloud_host',12,30.05,24.01,-7.63,33.61,46.06,35.61,5.46,41.97,'2025-12-01','2025-12-01 14:55:07'),(1139,2,'cloud_host',12,37.63,29.98,-8.66,32.88,55.16,42.48,4.18,41.17,'2025-12-01','2025-12-01 14:55:07'),(1140,1,'cloud_host',12,37.99,31.26,-10.54,39.15,55.59,43.95,1.83,48.07,'2025-12-01','2025-12-01 14:55:07'),(1141,9,'cloud_host',13,13.16,27.18,-11.92,43.27,25.79,39.26,0.10,52.60,'2025-12-01','2025-12-01 14:55:07'),(1142,8,'cloud_host',13,24.31,12.81,-25.07,47.43,39.17,22.73,-16.34,57.17,'2025-12-01','2025-12-01 14:55:07'),(1143,7,'cloud_host',13,29.61,24.81,-19.05,69.52,45.53,36.53,-8.81,81.47,'2025-12-01','2025-12-01 14:55:07'),(1144,6,'cloud_host',13,21.33,14.80,-18.61,31.54,35.60,25.02,-8.26,39.69,'2025-12-01','2025-12-01 14:55:07'),(1145,5,'cloud_host',13,36.75,23.61,-18.38,41.84,54.10,35.15,-7.98,51.02,'2025-12-01','2025-12-01 14:55:07'),(1146,4,'cloud_host',13,33.15,27.86,-16.66,65.59,49.78,40.04,-5.83,77.15,'2025-12-01','2025-12-01 14:55:07'),(1147,3,'cloud_host',13,23.53,24.68,-10.31,33.75,38.24,36.38,2.11,42.13,'2025-12-01','2025-12-01 14:55:07'),(1148,2,'cloud_host',13,29.47,30.82,-11.70,33.02,45.36,43.44,0.38,41.32,'2025-12-01','2025-12-01 14:55:07'),(1149,1,'cloud_host',13,29.75,32.14,-14.24,39.31,45.70,44.96,-2.80,48.24,'2025-12-01','2025-12-01 14:55:07'),(1150,9,'cloud_host',14,9.74,29.64,-13.31,43.45,21.69,42.09,-1.64,52.80,'2025-12-01','2025-12-01 14:55:07'),(1151,8,'cloud_host',14,17.99,13.98,-28.01,47.62,31.59,24.08,-20.01,57.38,'2025-12-01','2025-12-01 14:55:07'),(1152,7,'cloud_host',14,21.91,27.07,-21.28,69.81,36.29,39.13,-11.60,81.79,'2025-12-01','2025-12-01 14:55:07'),(1153,6,'cloud_host',14,15.79,16.15,-20.79,31.67,28.95,26.57,-10.99,39.84,'2025-12-01','2025-12-01 14:55:07'),(1154,5,'cloud_host',14,27.20,25.75,-20.53,42.02,42.64,37.61,-10.66,51.22,'2025-12-01','2025-12-01 14:55:07'),(1155,4,'cloud_host',14,24.53,30.39,-18.61,65.86,39.44,42.95,-8.26,77.45,'2025-12-01','2025-12-01 14:55:07'),(1156,3,'cloud_host',14,17.42,26.92,-11.51,33.89,30.90,38.96,0.61,42.28,'2025-12-01','2025-12-01 14:55:07'),(1157,2,'cloud_host',14,21.81,33.62,-13.07,33.15,36.17,46.66,-1.34,41.47,'2025-12-01','2025-12-01 14:55:07'),(1158,1,'cloud_host',14,22.02,35.06,-15.91,39.48,36.42,48.32,-4.89,48.43,'2025-12-01','2025-12-01 14:55:07'),(1159,9,'cloud_host',15,6.78,33.67,-12.91,43.63,18.14,46.72,-1.14,52.99,'2025-12-01','2025-12-01 14:55:07'),(1160,8,'cloud_host',15,12.51,15.87,-27.17,47.82,25.01,26.25,-18.96,57.60,'2025-12-01','2025-12-01 14:55:07'),(1161,7,'cloud_host',15,15.24,30.75,-20.64,70.10,28.29,43.36,-10.80,82.11,'2025-12-01','2025-12-01 14:55:07'),(1162,6,'cloud_host',15,10.98,18.34,-20.17,31.80,23.18,29.09,-10.21,39.98,'2025-12-01','2025-12-01 14:55:07'),(1163,5,'cloud_host',15,18.92,29.25,-19.92,42.19,32.70,41.64,-9.90,51.41,'2025-12-01','2025-12-01 14:55:07'),(1164,4,'cloud_host',15,17.06,34.52,-18.05,66.14,30.47,47.70,-7.56,77.75,'2025-12-01','2025-12-01 14:55:07'),(1165,3,'cloud_host',15,12.11,30.58,-11.17,34.03,24.53,43.17,1.04,42.43,'2025-12-01','2025-12-01 14:55:07'),(1166,2,'cloud_host',15,15.17,38.19,-12.68,33.29,28.20,51.92,-0.85,41.62,'2025-12-01','2025-12-01 14:55:07'),(1167,1,'cloud_host',15,15.31,39.82,-15.43,39.64,28.37,53.79,-4.29,48.60,'2025-12-01','2025-12-01 14:55:07'),(1168,9,'cloud_host',16,4.46,38.99,-10.74,43.81,15.35,52.84,1.58,53.19,'2025-12-01','2025-12-01 14:55:07'),(1169,8,'cloud_host',16,8.24,18.38,-22.61,48.02,19.89,29.14,-13.26,57.82,'2025-12-01','2025-12-01 14:55:07'),(1170,7,'cloud_host',16,10.04,35.60,-17.18,70.38,22.05,48.94,-6.48,82.42,'2025-12-01','2025-12-01 14:55:07'),(1171,6,'cloud_host',16,7.23,21.24,-16.78,31.93,18.68,32.43,-5.98,40.12,'2025-12-01','2025-12-01 14:55:07'),(1172,5,'cloud_host',16,12.46,33.87,-16.57,42.36,24.95,46.95,-5.71,51.60,'2025-12-01','2025-12-01 14:55:07'),(1173,4,'cloud_host',16,11.23,39.97,-15.02,66.41,23.48,53.97,-3.78,78.05,'2025-12-01','2025-12-01 14:55:07'),(1174,3,'cloud_host',16,7.98,35.41,-9.29,34.17,19.58,48.72,3.39,42.59,'2025-12-01','2025-12-01 14:55:07'),(1175,2,'cloud_host',16,9.99,44.22,-10.55,33.43,21.99,58.85,1.81,41.77,'2025-12-01','2025-12-01 14:55:07'),(1176,1,'cloud_host',16,10.08,46.11,-12.84,39.80,22.10,61.03,-1.05,48.78,'2025-12-01','2025-12-01 14:55:07'),(1177,9,'cloud_host',17,2.96,45.24,-6.96,43.99,13.55,60.03,6.30,53.39,'2025-12-01','2025-12-01 14:55:07'),(1178,8,'cloud_host',17,5.46,21.33,-14.64,48.21,16.55,32.53,-3.30,58.03,'2025-12-01','2025-12-01 14:55:07'),(1179,7,'cloud_host',17,6.65,41.31,-11.12,70.67,17.98,55.51,1.10,82.74,'2025-12-01','2025-12-01 14:55:07'),(1180,6,'cloud_host',17,4.79,24.64,-10.86,32.06,15.75,36.34,1.43,40.27,'2025-12-01','2025-12-01 14:55:07'),(1181,5,'cloud_host',17,8.26,39.30,-10.73,42.54,19.91,53.20,1.59,51.79,'2025-12-01','2025-12-01 14:55:07'),(1182,4,'cloud_host',17,7.45,46.38,-9.72,66.68,18.94,61.34,2.85,78.35,'2025-12-01','2025-12-01 14:55:07'),(1183,3,'cloud_host',17,5.29,41.08,-6.02,34.31,16.35,55.24,7.48,42.74,'2025-12-01','2025-12-01 14:55:07'),(1184,2,'cloud_host',17,6.62,51.30,-6.83,33.56,17.94,67.00,6.46,41.92,'2025-12-01','2025-12-01 14:55:07'),(1185,1,'cloud_host',17,6.69,53.50,-8.31,39.97,18.03,69.53,4.61,48.97,'2025-12-01','2025-12-01 14:55:07'),(1186,9,'cloud_host',18,2.37,52.00,-1.80,44.17,12.84,67.80,12.75,53.59,'2025-12-01','2025-12-01 14:55:07'),(1187,8,'cloud_host',18,4.37,24.52,-3.79,48.41,15.24,36.20,10.26,58.25,'2025-12-01','2025-12-01 14:55:07'),(1188,7,'cloud_host',18,5.32,47.48,-2.88,70.96,16.38,62.60,11.40,83.06,'2025-12-01','2025-12-01 14:55:07'),(1189,6,'cloud_host',18,3.83,28.33,-2.81,32.20,14.60,40.58,11.49,40.42,'2025-12-01','2025-12-01 14:55:07'),(1190,5,'cloud_host',18,6.60,45.17,-2.78,42.71,17.92,59.95,11.53,51.98,'2025-12-01','2025-12-01 14:55:07'),(1191,4,'cloud_host',18,5.96,53.31,-2.52,66.95,17.15,69.31,11.85,78.65,'2025-12-01','2025-12-01 14:55:07'),(1192,3,'cloud_host',18,4.23,47.22,-1.56,34.45,15.08,62.30,13.05,42.90,'2025-12-01','2025-12-01 14:55:07'),(1193,2,'cloud_host',18,5.29,58.97,-1.77,33.70,16.35,75.82,12.79,42.07,'2025-12-01','2025-12-01 14:55:07'),(1194,1,'cloud_host',18,5.35,61.50,-2.15,40.13,16.42,78.73,12.31,49.14,'2025-12-01','2025-12-01 14:55:07'),(1195,9,'cloud_host',19,2.72,58.82,4.38,44.35,13.26,75.64,20.48,53.79,'2025-12-01','2025-12-01 14:55:07'),(1196,8,'cloud_host',19,5.03,27.73,9.21,48.61,16.04,39.89,26.51,58.47,'2025-12-01','2025-12-01 14:55:07'),(1197,7,'cloud_host',19,6.12,53.71,7.00,71.25,17.34,69.77,23.75,83.38,'2025-12-01','2025-12-01 14:55:07'),(1198,6,'cloud_host',19,4.41,32.04,6.83,32.33,15.29,44.85,23.54,40.56,'2025-12-01','2025-12-01 14:55:07'),(1199,5,'cloud_host',19,7.60,51.09,6.75,42.89,19.12,66.75,23.44,52.18,'2025-12-01','2025-12-01 14:55:07'),(1200,4,'cloud_host',19,6.86,60.31,6.12,67.23,18.23,77.36,22.65,78.95,'2025-12-01','2025-12-01 14:55:07'),(1201,3,'cloud_host',19,4.87,53.42,3.79,34.59,15.84,69.43,19.74,43.05,'2025-12-01','2025-12-01 14:55:07'),(1202,2,'cloud_host',19,6.09,66.71,4.30,33.84,17.31,84.72,20.38,42.22,'2025-12-01','2025-12-01 14:55:07'),(1203,1,'cloud_host',19,6.15,69.56,5.23,40.29,17.38,87.99,21.54,49.32,'2025-12-01','2025-12-01 14:55:07'),(1204,9,'cloud_host',20,4.01,65.24,11.16,44.53,14.81,83.03,28.95,53.98,'2025-12-01','2025-12-01 14:55:07'),(1205,8,'cloud_host',20,7.40,30.76,23.48,48.80,18.88,43.37,44.35,58.68,'2025-12-01','2025-12-01 14:55:07'),(1206,7,'cloud_host',20,9.01,59.57,17.84,71.54,20.81,76.51,37.30,83.69,'2025-12-01','2025-12-01 14:55:07'),(1207,6,'cloud_host',20,6.49,35.54,17.43,32.46,17.79,48.87,36.79,40.71,'2025-12-01','2025-12-01 14:55:07'),(1208,5,'cloud_host',20,11.19,56.67,17.21,43.06,23.43,73.17,36.51,52.37,'2025-12-01','2025-12-01 14:55:07'),(1209,4,'cloud_host',20,10.09,66.89,15.60,67.50,22.11,84.92,34.50,79.25,'2025-12-01','2025-12-01 14:55:07'),(1210,3,'cloud_host',20,7.16,59.24,9.65,34.73,18.59,76.13,27.06,43.20,'2025-12-01','2025-12-01 14:55:07'),(1211,2,'cloud_host',20,8.97,73.99,10.96,33.98,20.76,93.09,28.70,42.38,'2025-12-01','2025-12-01 14:55:07'),(1212,1,'cloud_host',20,9.06,77.16,13.33,40.45,20.87,96.73,31.66,49.50,'2025-12-01','2025-12-01 14:55:07'),(1213,9,'cloud_host',21,6.13,70.82,18.09,44.71,17.36,89.44,37.61,54.18,'2025-12-01','2025-12-01 14:55:07'),(1214,8,'cloud_host',21,11.32,33.39,38.06,49.00,23.58,46.40,62.58,58.90,'2025-12-01','2025-12-01 14:55:07'),(1215,7,'cloud_host',21,13.79,64.67,28.92,71.83,26.55,82.37,51.15,84.01,'2025-12-01','2025-12-01 14:55:07'),(1216,6,'cloud_host',21,9.94,38.58,28.25,32.59,21.93,52.37,50.31,40.85,'2025-12-01','2025-12-01 14:55:07'),(1217,5,'cloud_host',21,17.12,61.52,27.90,43.23,30.54,78.75,49.88,52.55,'2025-12-01','2025-12-01 14:55:07'),(1218,4,'cloud_host',21,15.44,72.61,25.29,67.77,28.53,91.50,46.61,79.55,'2025-12-01','2025-12-01 14:55:07'),(1219,3,'cloud_host',21,10.96,64.32,15.65,34.87,23.15,81.97,34.56,43.36,'2025-12-01','2025-12-01 14:55:07'),(1220,2,'cloud_host',21,13.72,80.32,17.76,34.11,26.46,100.37,37.20,42.52,'2025-12-01','2025-12-01 14:55:07'),(1221,1,'cloud_host',21,13.86,83.76,21.62,40.62,26.63,104.32,42.03,49.68,'2025-12-01','2025-12-01 14:55:07'),(1222,9,'cloud_host',22,8.95,75.20,24.70,44.89,20.74,94.48,45.88,54.38,'2025-12-01','2025-12-01 14:55:07'),(1223,8,'cloud_host',22,16.53,35.46,51.98,49.20,29.84,48.78,79.98,59.12,'2025-12-01','2025-12-01 14:55:07'),(1224,7,'cloud_host',22,20.13,68.67,39.50,72.11,34.16,86.97,64.38,84.32,'2025-12-01','2025-12-01 14:55:07'),(1225,6,'cloud_host',22,14.51,40.96,38.58,32.72,27.41,55.10,63.23,40.99,'2025-12-01','2025-12-01 14:55:07'),(1226,5,'cloud_host',22,24.99,65.32,38.10,43.41,39.99,83.12,62.63,52.75,'2025-12-01','2025-12-01 14:55:07'),(1227,4,'cloud_host',22,22.54,77.10,34.53,68.04,37.05,96.67,58.16,79.84,'2025-12-01','2025-12-01 14:55:07'),(1228,3,'cloud_host',22,16.00,68.29,21.37,35.01,29.20,86.53,41.71,43.51,'2025-12-01','2025-12-01 14:55:07'),(1229,2,'cloud_host',22,20.04,85.29,24.26,34.25,34.05,106.08,45.33,42.68,'2025-12-01','2025-12-01 14:55:07'),(1230,1,'cloud_host',22,20.23,88.94,29.52,40.78,34.28,110.28,51.90,49.86,'2025-12-01','2025-12-01 14:55:07'),(1231,9,'cloud_host',23,12.28,78.08,30.55,45.06,24.74,97.79,53.19,54.57,'2025-12-01','2025-12-01 14:55:07'),(1232,8,'cloud_host',23,22.68,36.81,64.29,49.39,37.22,50.33,95.36,59.33,'2025-12-01','2025-12-01 14:55:07'),(1233,7,'cloud_host',23,27.62,71.30,48.86,72.40,43.14,90.00,76.08,84.64,'2025-12-01','2025-12-01 14:55:07'),(1234,6,'cloud_host',23,19.90,42.53,47.73,32.85,33.88,56.91,74.66,41.14,'2025-12-01','2025-12-01 14:55:07'),(1235,5,'cloud_host',23,34.29,67.82,47.13,43.58,51.15,85.99,73.91,52.94,'2025-12-01','2025-12-01 14:55:07'),(1236,4,'cloud_host',23,30.92,80.05,42.71,68.31,47.10,100.06,68.39,80.14,'2025-12-01','2025-12-01 14:55:07'),(1237,3,'cloud_host',23,21.95,70.91,26.43,35.15,36.34,89.55,48.04,43.67,'2025-12-01','2025-12-01 14:55:07'),(1238,2,'cloud_host',23,27.49,88.55,30.01,34.39,42.99,109.83,52.51,42.83,'2025-12-01','2025-12-01 14:55:07'),(1239,1,'cloud_host',23,27.76,92.34,36.51,40.94,43.31,114.19,60.64,50.03,'2025-12-01','2025-12-01 14:55:07'),(1279,11,'cloud_vm',0,54.76,38.03,75.47,38.47,75.71,51.73,109.34,47.32,'2025-12-01','2025-12-01 14:55:22'),(1280,10,'cloud_vm',0,26.51,79.74,36.07,29.50,41.81,99.70,60.09,37.45,'2025-12-01','2025-12-01 14:55:22'),(1281,9,'cloud_vm',0,53.73,55.75,66.55,62.77,74.48,72.11,98.19,74.05,'2025-12-01','2025-12-01 14:55:22'),(1282,8,'cloud_vm',0,33.43,95.77,67.73,42.69,50.12,118.14,99.66,51.96,'2025-12-01','2025-12-01 14:55:22'),(1283,7,'cloud_vm',0,18.24,87.36,46.01,35.42,31.89,108.46,72.51,43.96,'2025-12-01','2025-12-01 14:55:22'),(1284,6,'cloud_vm',0,53.49,47.14,30.32,54.99,74.19,62.21,52.90,65.49,'2025-12-01','2025-12-01 14:55:22'),(1285,5,'cloud_vm',0,21.48,52.12,53.63,58.59,35.78,67.94,82.04,69.45,'2025-12-01','2025-12-01 14:55:22'),(1286,4,'cloud_vm',0,37.01,68.90,53.04,40.05,54.41,87.24,81.30,49.06,'2025-12-01','2025-12-01 14:55:22'),(1287,3,'cloud_vm',0,16.11,38.77,49.61,33.26,29.33,52.59,77.01,41.59,'2025-12-01','2025-12-01 14:55:22'),(1288,2,'cloud_vm',0,53.54,38.98,51.91,41.36,74.25,52.83,79.89,50.50,'2025-12-01','2025-12-01 14:55:22'),(1289,1,'cloud_vm',0,30.11,91.94,41.06,65.44,46.13,113.73,66.33,76.98,'2025-12-01','2025-12-01 14:55:22'),(1290,11,'cloud_vm',1,66.83,37.60,81.69,38.63,90.20,51.24,117.11,47.49,'2025-12-01','2025-12-01 14:55:22'),(1291,10,'cloud_vm',1,32.35,78.85,39.05,29.63,48.82,98.68,63.81,37.59,'2025-12-01','2025-12-01 14:55:22'),(1292,9,'cloud_vm',1,65.57,55.13,72.04,63.04,88.68,71.40,105.05,74.34,'2025-12-01','2025-12-01 14:55:22'),(1293,8,'cloud_vm',1,40.80,94.70,73.32,42.88,58.96,116.91,106.65,52.17,'2025-12-01','2025-12-01 14:55:22'),(1294,7,'cloud_vm',1,22.26,86.38,49.81,35.57,36.71,107.34,77.26,44.13,'2025-12-01','2025-12-01 14:55:22'),(1295,6,'cloud_vm',1,65.28,46.61,32.82,55.23,88.34,61.60,56.03,65.75,'2025-12-01','2025-12-01 14:55:22'),(1296,5,'cloud_vm',1,26.21,51.53,58.05,58.84,41.45,67.26,87.56,69.72,'2025-12-01','2025-12-01 14:55:22'),(1297,4,'cloud_vm',1,45.16,68.13,57.42,40.23,64.19,86.35,86.78,49.25,'2025-12-01','2025-12-01 14:55:22'),(1298,3,'cloud_vm',1,19.66,38.34,53.70,33.41,33.59,52.09,82.13,41.75,'2025-12-01','2025-12-01 14:55:22'),(1299,2,'cloud_vm',1,65.34,38.54,56.20,41.54,88.41,52.32,85.25,50.69,'2025-12-01','2025-12-01 14:55:22'),(1300,1,'cloud_vm',1,36.74,90.91,44.45,65.72,54.09,112.55,70.56,77.29,'2025-12-01','2025-12-01 14:55:22'),(1301,11,'cloud_vm',2,78.08,36.35,84.32,38.80,103.70,49.80,120.40,47.68,'2025-12-01','2025-12-01 14:55:22'),(1302,10,'cloud_vm',2,37.80,76.23,40.30,29.76,55.36,95.66,65.38,37.74,'2025-12-01','2025-12-01 14:55:22'),(1303,9,'cloud_vm',2,76.62,53.30,74.35,63.32,101.94,69.30,107.94,74.65,'2025-12-01','2025-12-01 14:55:22'),(1304,8,'cloud_vm',2,47.67,91.55,75.67,43.07,67.20,113.28,109.59,52.38,'2025-12-01','2025-12-01 14:55:22'),(1305,7,'cloud_vm',2,26.01,83.51,51.41,35.73,41.21,104.04,79.26,44.30,'2025-12-01','2025-12-01 14:55:22'),(1306,6,'cloud_vm',2,76.28,45.06,33.87,55.47,101.54,59.82,57.34,66.02,'2025-12-01','2025-12-01 14:55:22'),(1307,5,'cloud_vm',2,30.62,49.82,59.92,59.10,46.74,65.29,89.90,70.01,'2025-12-01','2025-12-01 14:55:22'),(1308,4,'cloud_vm',2,52.77,65.87,59.26,40.40,73.32,83.75,89.08,49.44,'2025-12-01','2025-12-01 14:55:22'),(1309,3,'cloud_vm',2,22.98,37.06,55.42,33.55,37.58,50.62,84.28,41.91,'2025-12-01','2025-12-01 14:55:22'),(1310,2,'cloud_vm',2,76.35,37.26,58.00,41.73,101.62,50.85,87.50,50.90,'2025-12-01','2025-12-01 14:55:22'),(1311,1,'cloud_vm',2,42.93,87.89,45.88,66.01,61.52,109.07,72.35,77.61,'2025-12-01','2025-12-01 14:55:22'),(1312,11,'cloud_vm',3,87.77,34.36,83.16,38.97,115.32,47.51,118.95,47.87,'2025-12-01','2025-12-01 14:55:22'),(1313,10,'cloud_vm',3,42.49,72.06,39.75,29.89,60.99,90.87,64.69,37.88,'2025-12-01','2025-12-01 14:55:22'),(1314,9,'cloud_vm',3,86.12,50.38,73.33,63.59,113.34,65.94,106.66,74.95,'2025-12-01','2025-12-01 14:55:22'),(1315,8,'cloud_vm',3,53.59,86.54,74.63,43.25,74.31,107.52,108.29,52.58,'2025-12-01','2025-12-01 14:55:22'),(1316,7,'cloud_vm',3,29.24,78.94,50.70,35.88,45.09,98.78,78.38,44.47,'2025-12-01','2025-12-01 14:55:22'),(1317,6,'cloud_vm',3,85.74,42.59,33.41,55.71,112.89,56.98,56.76,66.28,'2025-12-01','2025-12-01 14:55:22'),(1318,5,'cloud_vm',3,34.42,47.09,59.10,59.36,51.30,62.15,88.88,70.30,'2025-12-01','2025-12-01 14:55:22'),(1319,4,'cloud_vm',3,59.32,62.26,58.45,40.58,81.18,79.60,88.06,49.64,'2025-12-01','2025-12-01 14:55:22'),(1320,3,'cloud_vm',3,25.83,35.04,54.66,33.70,41.00,48.30,83.33,42.07,'2025-12-01','2025-12-01 14:55:22'),(1321,2,'cloud_vm',3,85.82,35.22,57.21,41.91,112.98,48.50,86.51,51.10,'2025-12-01','2025-12-01 14:55:22'),(1322,1,'cloud_vm',3,48.26,83.08,45.25,66.30,67.91,103.54,71.56,77.93,'2025-12-01','2025-12-01 14:55:22'),(1323,11,'cloud_vm',4,95.24,31.77,78.31,39.14,124.29,44.54,112.89,48.05,'2025-12-01','2025-12-01 14:55:22'),(1324,10,'cloud_vm',4,46.10,66.62,37.43,30.02,65.32,84.61,61.79,38.02,'2025-12-01','2025-12-01 14:55:22'),(1325,9,'cloud_vm',4,93.45,46.58,69.05,63.87,122.14,61.57,101.31,75.26,'2025-12-01','2025-12-01 14:55:22'),(1326,8,'cloud_vm',4,58.15,80.01,70.28,43.44,79.78,100.01,102.85,52.78,'2025-12-01','2025-12-01 14:55:22'),(1327,7,'cloud_vm',4,31.73,72.98,47.74,36.04,48.08,91.93,74.68,44.64,'2025-12-01','2025-12-01 14:55:22'),(1328,6,'cloud_vm',4,93.04,39.38,31.46,55.95,121.65,53.29,54.33,66.55,'2025-12-01','2025-12-01 14:55:22'),(1329,5,'cloud_vm',4,37.35,43.54,55.65,59.61,54.82,58.07,84.56,70.57,'2025-12-01','2025-12-01 14:55:22'),(1330,4,'cloud_vm',4,64.37,57.56,55.04,40.75,87.24,74.19,83.80,49.83,'2025-12-01','2025-12-01 14:55:22'),(1331,3,'cloud_vm',4,28.03,32.39,51.47,33.84,43.64,45.25,79.34,42.22,'2025-12-01','2025-12-01 14:55:22'),(1332,2,'cloud_vm',4,93.12,32.56,53.87,42.09,121.74,45.44,82.34,51.30,'2025-12-01','2025-12-01 14:55:22'),(1333,1,'cloud_vm',4,52.36,76.81,42.61,66.58,72.83,96.33,68.26,78.24,'2025-12-01','2025-12-01 14:55:22'),(1334,11,'cloud_vm',5,99.99,28.74,70.08,39.31,129.99,41.05,102.60,48.24,'2025-12-01','2025-12-01 14:55:22'),(1335,10,'cloud_vm',5,48.40,60.27,33.50,30.14,68.08,77.31,56.88,38.15,'2025-12-01','2025-12-01 14:55:22'),(1336,9,'cloud_vm',5,98.11,42.14,61.80,64.14,127.73,56.46,92.25,75.55,'2025-12-01','2025-12-01 14:55:22'),(1337,8,'cloud_vm',5,61.04,72.39,62.90,43.63,83.25,91.25,93.63,52.99,'2025-12-01','2025-12-01 14:55:22'),(1338,7,'cloud_vm',5,33.31,66.03,42.73,36.19,49.97,83.93,68.41,44.81,'2025-12-01','2025-12-01 14:55:22'),(1339,6,'cloud_vm',5,97.68,35.63,28.15,56.19,127.22,48.97,50.19,66.81,'2025-12-01','2025-12-01 14:55:22'),(1340,5,'cloud_vm',5,39.21,39.39,49.80,59.87,57.05,53.30,77.25,70.86,'2025-12-01','2025-12-01 14:55:22'),(1341,4,'cloud_vm',5,67.57,52.08,49.26,40.93,91.08,67.89,76.58,50.02,'2025-12-01','2025-12-01 14:55:22'),(1342,3,'cloud_vm',5,29.42,29.31,46.07,33.99,45.30,41.71,72.59,42.39,'2025-12-01','2025-12-01 14:55:22'),(1343,2,'cloud_vm',5,97.76,29.46,48.21,42.27,127.31,41.88,75.26,51.50,'2025-12-01','2025-12-01 14:55:22'),(1344,1,'cloud_vm',5,54.97,69.49,38.13,66.87,75.96,87.91,62.66,78.56,'2025-12-01','2025-12-01 14:55:22'),(1345,11,'cloud_vm',6,101.70,25.49,59.04,39.48,132.04,37.31,88.80,48.43,'2025-12-01','2025-12-01 14:55:22'),(1346,10,'cloud_vm',6,49.23,53.45,28.22,30.27,69.08,69.47,50.28,38.30,'2025-12-01','2025-12-01 14:55:22'),(1347,9,'cloud_vm',6,99.79,37.37,52.06,64.42,129.75,50.98,80.08,75.86,'2025-12-01','2025-12-01 14:55:22'),(1348,8,'cloud_vm',6,62.09,64.19,52.98,43.82,84.51,81.82,81.23,53.20,'2025-12-01','2025-12-01 14:55:22'),(1349,7,'cloud_vm',6,33.88,58.55,35.99,36.35,50.66,75.33,59.99,44.99,'2025-12-01','2025-12-01 14:55:22'),(1350,6,'cloud_vm',6,99.34,31.59,23.72,56.43,129.21,44.33,44.65,67.07,'2025-12-01','2025-12-01 14:55:22'),(1351,5,'cloud_vm',6,39.88,34.93,41.95,60.13,57.86,48.17,67.44,71.14,'2025-12-01','2025-12-01 14:55:22'),(1352,4,'cloud_vm',6,68.73,46.18,41.49,41.11,92.48,61.11,66.86,50.22,'2025-12-01','2025-12-01 14:55:22'),(1353,3,'cloud_vm',6,29.93,25.99,38.81,34.13,45.92,37.89,63.51,42.54,'2025-12-01','2025-12-01 14:55:22'),(1354,2,'cloud_vm',6,99.43,26.12,40.61,42.45,129.32,38.04,65.76,51.70,'2025-12-01','2025-12-01 14:55:22'),(1355,1,'cloud_vm',6,55.91,61.63,32.12,67.16,77.09,78.87,55.15,78.88,'2025-12-01','2025-12-01 14:55:22'),(1356,11,'cloud_vm',7,100.25,22.23,45.91,39.65,130.30,33.56,72.39,48.62,'2025-12-01','2025-12-01 14:55:22'),(1357,10,'cloud_vm',7,48.53,46.60,21.94,30.40,68.24,61.59,42.43,38.44,'2025-12-01','2025-12-01 14:55:22'),(1358,9,'cloud_vm',7,98.37,32.58,40.49,64.69,128.04,45.47,65.61,76.16,'2025-12-01','2025-12-01 14:55:22'),(1359,8,'cloud_vm',7,61.20,55.97,41.20,44.00,83.44,72.37,66.50,53.40,'2025-12-01','2025-12-01 14:55:22'),(1360,7,'cloud_vm',7,33.39,51.06,27.99,36.50,50.07,66.72,49.99,45.15,'2025-12-01','2025-12-01 14:55:22'),(1361,6,'cloud_vm',7,97.93,27.55,18.44,56.67,127.52,39.68,38.05,67.34,'2025-12-01','2025-12-01 14:55:22'),(1362,5,'cloud_vm',7,39.32,30.46,32.63,60.39,57.18,43.03,55.79,71.43,'2025-12-01','2025-12-01 14:55:22'),(1363,4,'cloud_vm',7,67.75,40.27,32.27,41.28,91.30,54.31,55.34,50.41,'2025-12-01','2025-12-01 14:55:22'),(1364,3,'cloud_vm',7,29.50,22.66,30.18,34.28,45.40,34.06,52.73,42.71,'2025-12-01','2025-12-01 14:55:22'),(1365,2,'cloud_vm',7,98.02,22.78,31.58,42.63,127.62,34.20,54.48,51.89,'2025-12-01','2025-12-01 14:55:22'),(1366,1,'cloud_vm',7,55.12,53.74,24.98,67.45,76.14,69.80,46.23,79.20,'2025-12-01','2025-12-01 14:55:22'),(1367,11,'cloud_vm',8,95.74,19.17,31.59,39.82,124.89,30.05,54.49,48.80,'2025-12-01','2025-12-01 14:55:22'),(1368,10,'cloud_vm',8,46.35,40.20,15.10,30.53,65.62,54.23,33.88,38.58,'2025-12-01','2025-12-01 14:55:22'),(1369,9,'cloud_vm',8,93.95,28.11,27.86,64.97,122.74,40.33,49.83,76.47,'2025-12-01','2025-12-01 14:55:22'),(1370,8,'cloud_vm',8,58.45,48.29,28.35,44.19,80.14,63.53,50.44,53.61,'2025-12-01','2025-12-01 14:55:22'),(1371,7,'cloud_vm',8,31.89,44.04,19.26,36.66,48.27,58.65,39.08,45.33,'2025-12-01','2025-12-01 14:55:22'),(1372,6,'cloud_vm',8,93.53,23.76,12.69,56.92,122.24,35.32,30.86,67.61,'2025-12-01','2025-12-01 14:55:22'),(1373,5,'cloud_vm',8,37.55,26.28,22.45,60.64,55.06,38.22,43.06,71.70,'2025-12-01','2025-12-01 14:55:22'),(1374,4,'cloud_vm',8,64.71,34.74,22.20,41.46,87.65,47.95,42.75,50.61,'2025-12-01','2025-12-01 14:55:22'),(1375,3,'cloud_vm',8,28.17,19.55,20.77,34.43,43.80,30.48,40.96,42.87,'2025-12-01','2025-12-01 14:55:22'),(1376,2,'cloud_vm',8,93.61,19.65,21.73,42.81,122.33,30.60,42.16,52.09,'2025-12-01','2025-12-01 14:55:22'),(1377,1,'cloud_vm',8,52.64,46.36,17.19,67.73,73.17,61.31,36.49,79.50,'2025-12-01','2025-12-01 14:55:22'),(1378,11,'cloud_vm',9,88.48,16.54,17.04,39.98,116.18,27.02,36.30,48.98,'2025-12-01','2025-12-01 14:55:22'),(1379,10,'cloud_vm',9,42.83,34.67,8.14,30.66,61.40,47.87,25.18,38.73,'2025-12-01','2025-12-01 14:55:22'),(1380,9,'cloud_vm',9,86.82,24.24,15.03,65.24,114.18,35.88,33.79,76.76,'2025-12-01','2025-12-01 14:55:22'),(1381,8,'cloud_vm',9,54.02,41.64,15.29,44.38,74.82,55.89,34.11,53.82,'2025-12-01','2025-12-01 14:55:22'),(1382,7,'cloud_vm',9,29.48,37.99,10.39,36.81,45.38,51.69,27.99,45.49,'2025-12-01','2025-12-01 14:55:22'),(1383,6,'cloud_vm',9,86.44,20.50,6.85,57.16,113.73,31.58,23.56,67.88,'2025-12-01','2025-12-01 14:55:22'),(1384,5,'cloud_vm',9,34.70,22.66,12.11,60.90,51.64,34.06,30.14,71.99,'2025-12-01','2025-12-01 14:55:22'),(1385,4,'cloud_vm',9,59.80,29.96,11.98,41.63,81.76,42.45,29.98,50.79,'2025-12-01','2025-12-01 14:55:22'),(1386,3,'cloud_vm',9,26.04,16.86,11.20,34.57,41.25,27.39,29.00,43.03,'2025-12-01','2025-12-01 14:55:22'),(1387,2,'cloud_vm',9,86.52,16.95,11.72,43.00,113.82,27.49,29.65,52.30,'2025-12-01','2025-12-01 14:55:22'),(1388,1,'cloud_vm',9,48.65,39.98,9.27,68.02,68.38,53.98,26.59,79.82,'2025-12-01','2025-12-01 14:55:22'),(1389,11,'cloud_vm',10,78.96,14.49,3.23,40.15,104.75,24.66,19.04,49.17,'2025-12-01','2025-12-01 14:55:22'),(1390,10,'cloud_vm',10,38.22,30.38,1.55,30.79,55.86,42.94,16.94,38.87,'2025-12-01','2025-12-01 14:55:22'),(1391,9,'cloud_vm',10,77.47,21.24,2.85,65.52,102.96,32.43,18.56,77.07,'2025-12-01','2025-12-01 14:55:22'),(1392,8,'cloud_vm',10,48.20,36.49,2.90,44.57,67.84,49.96,18.63,54.03,'2025-12-01','2025-12-01 14:55:22'),(1393,7,'cloud_vm',10,26.30,33.29,1.97,36.97,41.56,46.28,17.46,45.67,'2025-12-01','2025-12-01 14:55:22'),(1394,6,'cloud_vm',10,77.13,17.96,1.30,57.40,102.56,28.65,16.63,68.14,'2025-12-01','2025-12-01 14:55:22'),(1395,5,'cloud_vm',10,30.97,19.86,2.30,61.16,47.16,30.84,17.88,72.28,'2025-12-01','2025-12-01 14:55:22'),(1396,4,'cloud_vm',10,53.36,26.25,2.27,41.81,74.03,38.19,17.84,50.99,'2025-12-01','2025-12-01 14:55:22'),(1397,3,'cloud_vm',10,23.23,14.77,2.13,34.72,37.88,24.99,17.66,43.19,'2025-12-01','2025-12-01 14:55:22'),(1398,2,'cloud_vm',10,77.20,14.85,2.22,43.18,102.64,25.08,17.78,52.50,'2025-12-01','2025-12-01 14:55:22'),(1399,1,'cloud_vm',10,43.41,35.03,1.76,68.31,62.09,48.28,17.20,80.14,'2025-12-01','2025-12-01 14:55:22'),(1400,11,'cloud_vm',11,67.80,13.18,-8.90,40.32,91.36,23.16,3.88,49.35,'2025-12-01','2025-12-01 14:55:22'),(1401,10,'cloud_vm',11,32.82,27.63,-4.25,30.92,49.38,39.77,9.69,39.01,'2025-12-01','2025-12-01 14:55:22'),(1402,9,'cloud_vm',11,66.53,19.32,-7.85,65.79,89.84,30.22,5.19,77.37,'2025-12-01','2025-12-01 14:55:22'),(1403,8,'cloud_vm',11,41.40,33.18,-7.99,44.75,59.68,46.16,5.01,54.23,'2025-12-01','2025-12-01 14:55:22'),(1404,7,'cloud_vm',11,22.59,30.27,-5.43,37.12,37.11,42.81,8.21,45.83,'2025-12-01','2025-12-01 14:55:22'),(1405,6,'cloud_vm',11,66.24,16.33,-3.58,57.64,89.49,26.78,10.53,68.40,'2025-12-01','2025-12-01 14:55:22'),(1406,5,'cloud_vm',11,26.59,18.06,-6.32,61.41,41.91,28.77,7.10,72.55,'2025-12-01','2025-12-01 14:55:22'),(1407,4,'cloud_vm',11,45.82,23.87,-6.25,41.98,64.98,35.45,7.19,51.18,'2025-12-01','2025-12-01 14:55:22'),(1408,3,'cloud_vm',11,19.95,13.43,-5.85,34.86,33.94,23.44,7.69,43.35,'2025-12-01','2025-12-01 14:55:22'),(1409,2,'cloud_vm',11,66.30,13.50,-6.12,43.36,89.56,23.53,7.35,52.70,'2025-12-01','2025-12-01 14:55:22'),(1410,1,'cloud_vm',11,37.28,31.86,-4.84,68.59,54.74,44.64,8.95,80.45,'2025-12-01','2025-12-01 14:55:22'),(1411,11,'cloud_vm',12,55.77,12.68,-18.54,40.49,76.92,22.58,-8.18,49.54,'2025-12-01','2025-12-01 14:55:22'),(1412,10,'cloud_vm',12,27.00,26.59,-8.86,31.05,42.40,38.58,3.93,39.16,'2025-12-01','2025-12-01 14:55:22'),(1413,9,'cloud_vm',12,54.73,18.59,-16.35,66.07,75.68,29.38,-5.44,77.68,'2025-12-01','2025-12-01 14:55:22'),(1414,8,'cloud_vm',12,34.05,31.93,-16.64,44.94,50.86,44.72,-5.80,54.43,'2025-12-01','2025-12-01 14:55:22'),(1415,7,'cloud_vm',12,18.58,29.13,-11.31,37.28,32.30,41.50,0.86,46.01,'2025-12-01','2025-12-01 14:55:22'),(1416,6,'cloud_vm',12,54.48,15.72,-7.45,57.88,75.38,26.08,5.69,68.67,'2025-12-01','2025-12-01 14:55:22'),(1417,5,'cloud_vm',12,21.87,17.38,-13.18,61.67,36.24,27.99,-1.48,72.84,'2025-12-01','2025-12-01 14:55:22'),(1418,4,'cloud_vm',12,37.69,22.97,-13.03,42.16,55.23,34.42,-1.29,51.38,'2025-12-01','2025-12-01 14:55:22'),(1419,3,'cloud_vm',12,16.41,12.93,-12.19,35.01,29.69,22.87,-0.24,43.51,'2025-12-01','2025-12-01 14:55:22'),(1420,2,'cloud_vm',12,54.53,13.00,-12.76,43.54,75.44,22.95,-0.95,52.89,'2025-12-01','2025-12-01 14:55:22'),(1421,1,'cloud_vm',12,30.66,30.66,-10.09,68.88,46.79,43.26,2.39,80.77,'2025-12-01','2025-12-01 14:55:22'),(1422,11,'cloud_vm',13,43.68,13.03,-25.05,40.66,62.42,22.98,-16.31,49.73,'2025-12-01','2025-12-01 14:55:22'),(1423,10,'cloud_vm',13,21.14,27.33,-11.97,31.18,35.37,39.43,0.04,39.30,'2025-12-01','2025-12-01 14:55:22'),(1424,9,'cloud_vm',13,42.86,19.11,-22.09,66.35,61.43,29.98,-12.61,77.99,'2025-12-01','2025-12-01 14:55:22'),(1425,8,'cloud_vm',13,26.66,32.83,-22.48,45.13,41.99,45.75,-13.10,54.64,'2025-12-01','2025-12-01 14:55:22'),(1426,7,'cloud_vm',13,14.55,29.94,-15.27,37.44,27.46,42.43,-4.09,46.18,'2025-12-01','2025-12-01 14:55:22'),(1427,6,'cloud_vm',13,42.67,16.16,-10.06,58.12,61.20,26.58,2.43,68.93,'2025-12-01','2025-12-01 14:55:22'),(1428,5,'cloud_vm',13,17.13,17.86,-17.80,61.93,30.56,28.54,-7.25,73.12,'2025-12-01','2025-12-01 14:55:22'),(1429,4,'cloud_vm',13,29.52,23.62,-17.61,42.34,45.42,35.16,-7.01,51.57,'2025-12-01','2025-12-01 14:55:22'),(1430,3,'cloud_vm',13,12.85,13.29,-16.47,35.16,25.42,23.28,-5.59,43.68,'2025-12-01','2025-12-01 14:55:22'),(1431,2,'cloud_vm',13,42.70,13.36,-17.23,43.72,61.24,23.36,-6.54,53.09,'2025-12-01','2025-12-01 14:55:22'),(1432,1,'cloud_vm',13,24.01,31.51,-13.63,69.17,38.81,44.24,-2.04,81.09,'2025-12-01','2025-12-01 14:55:22'),(1433,11,'cloud_vm',14,32.32,14.22,-27.98,40.83,48.78,24.35,-19.98,49.91,'2025-12-01','2025-12-01 14:55:22'),(1434,10,'cloud_vm',14,15.65,29.81,-13.37,31.31,28.78,42.28,-1.71,39.44,'2025-12-01','2025-12-01 14:55:22'),(1435,9,'cloud_vm',14,31.72,20.84,-24.68,66.62,48.06,31.97,-15.85,78.28,'2025-12-01','2025-12-01 14:55:22'),(1436,8,'cloud_vm',14,19.73,35.81,-25.11,45.31,33.68,49.18,-16.39,54.84,'2025-12-01','2025-12-01 14:55:22'),(1437,7,'cloud_vm',14,10.77,32.66,-17.06,37.59,22.92,45.56,-6.33,46.35,'2025-12-01','2025-12-01 14:55:22'),(1438,6,'cloud_vm',14,31.58,17.62,-11.24,58.36,47.90,28.26,0.95,69.20,'2025-12-01','2025-12-01 14:55:22'),(1439,5,'cloud_vm',14,12.68,19.49,-19.89,62.18,25.22,30.41,-9.86,73.40,'2025-12-01','2025-12-01 14:55:22'),(1440,4,'cloud_vm',14,21.85,25.76,-19.67,42.51,36.22,37.62,-9.59,51.76,'2025-12-01','2025-12-01 14:55:22'),(1441,3,'cloud_vm',14,9.51,14.50,-18.39,35.30,21.41,24.68,-7.99,43.83,'2025-12-01','2025-12-01 14:55:22'),(1442,2,'cloud_vm',14,31.60,14.57,-19.25,43.90,47.92,24.76,-9.06,53.29,'2025-12-01','2025-12-01 14:55:22'),(1443,1,'cloud_vm',14,17.77,34.38,-15.22,69.45,31.32,47.54,-4.03,81.40,'2025-12-01','2025-12-01 14:55:22'),(1444,11,'cloud_vm',15,22.48,16.15,-27.14,41.00,36.98,26.57,-18.93,50.10,'2025-12-01','2025-12-01 14:55:22'),(1445,10,'cloud_vm',15,10.88,33.86,-12.97,31.44,23.06,46.94,-1.21,39.58,'2025-12-01','2025-12-01 14:55:22'),(1446,9,'cloud_vm',15,22.06,23.68,-23.93,66.90,36.47,35.23,-14.91,78.59,'2025-12-01','2025-12-01 14:55:22'),(1447,8,'cloud_vm',15,13.72,40.67,-24.36,45.50,26.46,54.77,-15.45,55.05,'2025-12-01','2025-12-01 14:55:22'),(1448,7,'cloud_vm',15,7.49,37.10,-16.55,37.75,18.99,50.67,-5.69,46.53,'2025-12-01','2025-12-01 14:55:22'),(1449,6,'cloud_vm',15,21.96,20.02,-10.90,58.60,36.35,31.02,1.38,69.46,'2025-12-01','2025-12-01 14:55:22'),(1450,5,'cloud_vm',15,8.82,22.13,-19.29,62.44,20.58,33.45,-9.11,73.68,'2025-12-01','2025-12-01 14:55:22'),(1451,4,'cloud_vm',15,15.19,29.26,-19.08,42.69,28.23,41.65,-8.85,51.96,'2025-12-01','2025-12-01 14:55:22'),(1452,3,'cloud_vm',15,6.61,16.47,-17.84,35.45,17.93,26.94,-7.30,44.00,'2025-12-01','2025-12-01 14:55:22'),(1453,2,'cloud_vm',15,21.98,16.55,-18.67,44.08,36.38,27.03,-8.34,53.49,'2025-12-01','2025-12-01 14:55:22'),(1454,1,'cloud_vm',15,12.36,39.05,-14.77,69.74,24.83,52.91,-3.46,81.71,'2025-12-01','2025-12-01 14:55:22'),(1455,11,'cloud_vm',16,14.80,18.70,-22.59,41.16,27.76,29.51,-13.24,50.28,'2025-12-01','2025-12-01 14:55:22'),(1456,10,'cloud_vm',16,7.17,39.21,-10.80,31.57,18.60,53.09,1.50,39.73,'2025-12-01','2025-12-01 14:55:22'),(1457,9,'cloud_vm',16,14.53,27.42,-19.92,67.17,27.44,39.53,-9.90,78.89,'2025-12-01','2025-12-01 14:55:22'),(1458,8,'cloud_vm',16,9.04,47.10,-20.27,45.69,20.85,62.17,-10.34,55.26,'2025-12-01','2025-12-01 14:55:22'),(1459,7,'cloud_vm',16,4.93,42.96,-13.77,37.90,15.92,57.40,-2.21,46.69,'2025-12-01','2025-12-01 14:55:22'),(1460,6,'cloud_vm',16,14.46,23.18,-9.07,58.84,27.35,34.66,3.66,69.72,'2025-12-01','2025-12-01 14:55:22'),(1461,5,'cloud_vm',16,5.81,25.63,-16.05,62.70,16.97,37.47,-5.06,73.97,'2025-12-01','2025-12-01 14:55:22'),(1462,4,'cloud_vm',16,10.00,33.88,-15.87,42.86,22.00,46.96,-4.84,52.15,'2025-12-01','2025-12-01 14:55:22'),(1463,3,'cloud_vm',16,4.36,19.07,-14.85,35.59,15.23,29.93,-3.56,44.15,'2025-12-01','2025-12-01 14:55:22'),(1464,2,'cloud_vm',16,14.47,19.17,-15.54,44.27,27.36,30.05,-4.43,53.70,'2025-12-01','2025-12-01 14:55:22'),(1465,1,'cloud_vm',16,8.14,45.21,-12.29,70.03,19.77,59.99,-0.36,82.03,'2025-12-01','2025-12-01 14:55:22'),(1466,11,'cloud_vm',17,9.82,21.70,-14.62,41.33,21.78,32.96,-3.28,50.46,'2025-12-01','2025-12-01 14:55:22'),(1467,10,'cloud_vm',17,4.75,45.50,-6.99,31.70,15.70,60.33,6.26,39.87,'2025-12-01','2025-12-01 14:55:22'),(1468,9,'cloud_vm',17,9.63,31.81,-12.89,67.45,21.56,44.58,-1.11,79.20,'2025-12-01','2025-12-01 14:55:22'),(1469,8,'cloud_vm',17,5.99,54.65,-13.12,45.88,17.19,70.85,-1.40,55.47,'2025-12-01','2025-12-01 14:55:22'),(1470,7,'cloud_vm',17,3.27,49.85,-8.92,38.06,13.92,65.33,3.85,46.87,'2025-12-01','2025-12-01 14:55:22'),(1471,6,'cloud_vm',17,9.59,26.90,-5.87,59.09,21.51,38.94,7.66,70.00,'2025-12-01','2025-12-01 14:55:22'),(1472,5,'cloud_vm',17,3.85,29.74,-10.39,62.95,14.62,42.20,2.01,74.25,'2025-12-01','2025-12-01 14:55:22'),(1473,4,'cloud_vm',17,6.63,39.32,-10.28,43.04,17.96,53.22,2.15,52.34,'2025-12-01','2025-12-01 14:55:22'),(1474,3,'cloud_vm',17,2.89,22.12,-9.61,35.74,13.47,33.44,2.99,44.31,'2025-12-01','2025-12-01 14:55:22'),(1475,2,'cloud_vm',17,9.60,22.24,-10.06,44.45,21.52,33.58,2.43,53.90,'2025-12-01','2025-12-01 14:55:22'),(1476,1,'cloud_vm',17,5.40,52.46,-7.96,70.31,16.48,68.33,5.05,82.34,'2025-12-01','2025-12-01 14:55:22'),(1477,11,'cloud_vm',18,7.85,24.94,-3.78,41.50,19.42,36.68,10.28,50.65,'2025-12-01','2025-12-01 14:55:22'),(1478,10,'cloud_vm',18,3.80,52.30,-1.81,31.83,14.56,68.15,12.74,40.01,'2025-12-01','2025-12-01 14:55:22'),(1479,9,'cloud_vm',18,7.70,36.57,-3.34,67.72,19.24,50.06,10.83,79.49,'2025-12-01','2025-12-01 14:55:22'),(1480,8,'cloud_vm',18,4.79,62.81,-3.40,46.06,15.75,80.23,10.75,55.67,'2025-12-01','2025-12-01 14:55:22'),(1481,7,'cloud_vm',18,2.61,57.30,-2.31,38.21,13.13,73.90,12.11,47.03,'2025-12-01','2025-12-01 14:55:22'),(1482,6,'cloud_vm',18,7.67,30.92,-1.52,59.33,19.20,43.56,13.10,70.26,'2025-12-01','2025-12-01 14:55:22'),(1483,5,'cloud_vm',18,3.08,34.18,-2.69,63.21,13.70,47.31,11.64,74.53,'2025-12-01','2025-12-01 14:55:22'),(1484,4,'cloud_vm',18,5.30,45.19,-2.66,43.21,16.36,59.97,11.68,52.53,'2025-12-01','2025-12-01 14:55:22'),(1485,3,'cloud_vm',18,2.31,25.43,-2.49,35.89,12.77,37.24,11.89,44.48,'2025-12-01','2025-12-01 14:55:22'),(1486,2,'cloud_vm',18,7.67,25.56,-2.60,44.63,19.20,37.39,11.75,54.09,'2025-12-01','2025-12-01 14:55:22'),(1487,1,'cloud_vm',18,4.31,60.30,-2.06,70.60,15.17,77.35,12.43,82.66,'2025-12-01','2025-12-01 14:55:22'),(1488,11,'cloud_vm',19,9.03,28.21,9.20,41.67,20.84,40.44,26.50,50.84,'2025-12-01','2025-12-01 14:55:22'),(1489,10,'cloud_vm',19,4.37,59.16,4.40,31.96,15.24,76.03,20.50,40.16,'2025-12-01','2025-12-01 14:55:22'),(1490,9,'cloud_vm',19,8.86,41.36,8.11,68.00,20.63,55.56,25.14,79.80,'2025-12-01','2025-12-01 14:55:22'),(1491,8,'cloud_vm',19,5.52,71.05,8.26,46.25,16.62,89.71,25.33,55.88,'2025-12-01','2025-12-01 14:55:22'),(1492,7,'cloud_vm',19,3.01,64.81,5.61,38.37,13.61,82.53,22.01,47.21,'2025-12-01','2025-12-01 14:55:22'),(1493,6,'cloud_vm',19,8.82,34.97,3.70,59.57,20.58,48.22,19.63,70.53,'2025-12-01','2025-12-01 14:55:22'),(1494,5,'cloud_vm',19,3.54,38.66,6.54,63.47,14.25,52.46,23.18,74.82,'2025-12-01','2025-12-01 14:55:22'),(1495,4,'cloud_vm',19,6.11,51.12,6.47,43.39,17.33,66.79,23.09,52.73,'2025-12-01','2025-12-01 14:55:22'),(1496,3,'cloud_vm',19,2.66,28.76,6.05,36.03,13.19,41.07,22.56,44.63,'2025-12-01','2025-12-01 14:55:22'),(1497,2,'cloud_vm',19,8.83,28.92,6.33,44.81,20.60,41.26,22.91,54.29,'2025-12-01','2025-12-01 14:55:22'),(1498,1,'cloud_vm',19,4.97,68.21,5.01,70.89,15.96,86.44,21.26,82.98,'2025-12-01','2025-12-01 14:55:22'),(1499,11,'cloud_vm',20,13.29,31.29,23.46,41.84,25.95,43.98,44.33,51.02,'2025-12-01','2025-12-01 14:55:22'),(1500,10,'cloud_vm',20,6.44,65.61,11.21,32.08,17.73,83.45,29.01,40.29,'2025-12-01','2025-12-01 14:55:22'),(1501,9,'cloud_vm',20,13.04,45.87,20.68,68.27,25.65,60.75,40.85,80.10,'2025-12-01','2025-12-01 14:55:22'),(1502,8,'cloud_vm',20,8.12,78.80,21.05,46.44,19.74,98.62,41.31,56.08,'2025-12-01','2025-12-01 14:55:22'),(1503,7,'cloud_vm',20,4.43,71.88,14.30,38.52,15.32,90.66,32.88,47.37,'2025-12-01','2025-12-01 14:55:22'),(1504,6,'cloud_vm',20,12.99,38.79,9.42,59.81,25.59,52.61,26.78,70.79,'2025-12-01','2025-12-01 14:55:22'),(1505,5,'cloud_vm',20,5.21,42.88,16.67,63.73,16.25,57.31,35.84,75.10,'2025-12-01','2025-12-01 14:55:22'),(1506,4,'cloud_vm',20,8.98,56.70,16.48,43.57,20.78,73.21,35.60,52.93,'2025-12-01','2025-12-01 14:55:22'),(1507,3,'cloud_vm',20,3.91,31.90,15.42,36.18,14.69,44.69,34.28,44.80,'2025-12-01','2025-12-01 14:55:22'),(1508,2,'cloud_vm',20,13.00,32.07,16.13,44.99,25.60,44.88,35.16,54.49,'2025-12-01','2025-12-01 14:55:22'),(1509,1,'cloud_vm',20,7.31,75.66,12.76,71.18,18.77,95.01,30.95,83.30,'2025-12-01','2025-12-01 14:55:22'),(1510,11,'cloud_vm',21,20.34,33.97,38.03,42.01,34.41,47.07,62.54,51.21,'2025-12-01','2025-12-01 14:55:22'),(1511,10,'cloud_vm',21,9.85,71.23,18.17,32.21,21.82,89.91,37.71,40.43,'2025-12-01','2025-12-01 14:55:22'),(1512,9,'cloud_vm',21,19.96,49.80,33.53,68.55,33.95,65.27,56.91,80.41,'2025-12-01','2025-12-01 14:55:22'),(1513,8,'cloud_vm',21,12.42,85.55,34.13,46.63,24.90,106.38,57.66,56.29,'2025-12-01','2025-12-01 14:55:22'),(1514,7,'cloud_vm',21,6.78,78.04,23.18,38.68,18.14,97.75,43.98,47.55,'2025-12-01','2025-12-01 14:55:22'),(1515,6,'cloud_vm',21,19.87,42.11,15.28,60.05,33.84,56.43,34.10,71.06,'2025-12-01','2025-12-01 14:55:22'),(1516,5,'cloud_vm',21,7.98,46.56,27.02,63.98,19.58,61.54,48.78,75.38,'2025-12-01','2025-12-01 14:55:22'),(1517,4,'cloud_vm',21,13.75,61.55,26.72,43.74,26.50,78.78,48.40,53.11,'2025-12-01','2025-12-01 14:55:22'),(1518,3,'cloud_vm',21,5.99,34.63,24.99,36.32,17.19,47.82,46.24,44.95,'2025-12-01','2025-12-01 14:55:22'),(1519,2,'cloud_vm',21,19.89,34.82,26.16,45.17,33.87,48.04,47.70,54.69,'2025-12-01','2025-12-01 14:55:22'),(1520,1,'cloud_vm',21,11.18,82.13,20.69,71.46,23.42,102.45,40.86,83.61,'2025-12-01','2025-12-01 14:55:22'),(1521,11,'cloud_vm',22,29.70,36.07,51.93,42.18,45.64,49.48,79.91,51.40,'2025-12-01','2025-12-01 14:55:22'),(1522,10,'cloud_vm',22,14.38,75.63,24.82,32.34,27.26,94.97,46.03,40.57,'2025-12-01','2025-12-01 14:55:22'),(1523,9,'cloud_vm',22,29.14,52.88,45.79,68.82,44.97,68.81,72.24,80.70,'2025-12-01','2025-12-01 14:55:22'),(1524,8,'cloud_vm',22,18.13,90.84,46.61,46.81,31.76,112.47,73.26,56.49,'2025-12-01','2025-12-01 14:55:22'),(1525,7,'cloud_vm',22,9.89,82.86,31.66,38.83,21.87,103.29,54.58,47.71,'2025-12-01','2025-12-01 14:55:22'),(1526,6,'cloud_vm',22,29.01,44.71,20.86,60.29,44.81,59.42,41.08,71.32,'2025-12-01','2025-12-01 14:55:22'),(1527,5,'cloud_vm',22,11.65,49.43,36.90,64.24,23.98,64.84,61.13,75.66,'2025-12-01','2025-12-01 14:55:22'),(1528,4,'cloud_vm',22,20.07,65.36,36.50,43.92,34.08,83.16,60.63,53.31,'2025-12-01','2025-12-01 14:55:22'),(1529,3,'cloud_vm',22,8.74,36.78,34.13,36.47,20.49,50.30,57.66,45.12,'2025-12-01','2025-12-01 14:55:22'),(1530,2,'cloud_vm',22,29.04,36.97,35.72,45.35,44.85,50.52,59.65,54.89,'2025-12-01','2025-12-01 14:55:22'),(1531,1,'cloud_vm',22,16.33,87.21,28.25,71.75,29.60,108.29,50.31,83.93,'2025-12-01','2025-12-01 14:55:22'),(1532,11,'cloud_vm',23,40.75,37.45,64.24,42.35,58.90,51.07,95.30,51.59,'2025-12-01','2025-12-01 14:55:22'),(1533,10,'cloud_vm',23,19.73,78.53,30.70,32.47,33.68,98.31,53.38,40.72,'2025-12-01','2025-12-01 14:55:22'),(1534,9,'cloud_vm',23,39.98,54.90,56.64,69.10,57.98,71.14,85.80,81.01,'2025-12-01','2025-12-01 14:55:22'),(1535,8,'cloud_vm',23,24.88,94.32,57.65,47.00,39.86,116.47,87.06,56.70,'2025-12-01','2025-12-01 14:55:22'),(1536,7,'cloud_vm',23,13.57,86.03,39.16,38.99,26.28,106.93,63.95,47.89,'2025-12-01','2025-12-01 14:55:22'),(1537,6,'cloud_vm',23,39.80,46.42,25.80,60.53,57.76,61.38,47.25,71.58,'2025-12-01','2025-12-01 14:55:22'),(1538,5,'cloud_vm',23,15.98,51.32,45.65,64.50,29.18,67.02,72.06,75.95,'2025-12-01','2025-12-01 14:55:22'),(1539,4,'cloud_vm',23,27.54,67.86,45.15,44.09,43.05,86.04,71.44,53.50,'2025-12-01','2025-12-01 14:55:22'),(1540,3,'cloud_vm',23,11.99,38.18,42.22,36.61,24.39,51.91,67.78,45.27,'2025-12-01','2025-12-01 14:55:22'),(1541,2,'cloud_vm',23,39.84,38.38,44.19,45.54,57.81,52.14,70.24,55.09,'2025-12-01','2025-12-01 14:55:22'),(1542,1,'cloud_vm',23,22.40,90.55,34.95,72.04,36.88,112.13,58.69,84.24,'2025-12-01','2025-12-01 14:55:22');
/*!40000 ALTER TABLE `resource_history` ENABLE KEYS */;
UNLOCK TABLES;

--
-- Table structure for table `resource_monitor`
--

DROP TABLE IF EXISTS `resource_monitor`;
/*!40101 SET @saved_cs_client     = @@character_set_client */;
/*!50503 SET character_set_client = utf8mb4 */;
CREATE TABLE `resource_monitor` (
  `id` bigint NOT NULL AUTO_INCREMENT,
  `device_id` bigint NOT NULL COMMENT '设备ID',
  `device_name` varchar(100) COLLATE utf8mb4_unicode_ci DEFAULT NULL COMMENT '设备名称',
  `device_type` varchar(50) COLLATE utf8mb4_unicode_ci DEFAULT NULL COMMENT '设备类型(physical/virtual/container)',
  `cpu_usage` decimal(5,2) DEFAULT '0.00' COMMENT 'CPU使用率',
  `cpu_cores` int DEFAULT '0' COMMENT 'CPU核心数',
  `cpu_load` decimal(5,2) DEFAULT '0.00' COMMENT 'CPU负载',
  `memory_usage` decimal(5,2) DEFAULT '0.00' COMMENT '内存使用率',
  `memory_used` decimal(20,2) DEFAULT '0.00' COMMENT '已用内存(GB)',
  `memory_total` decimal(20,2) DEFAULT '0.00' COMMENT '总内存(GB)',
  `network_usage` decimal(5,2) DEFAULT '0.00' COMMENT '网络使用率',
  `network_in` decimal(20,2) DEFAULT '0.00' COMMENT '网络入流量(Gbps)',
  `network_out` decimal(20,2) DEFAULT '0.00' COMMENT '网络出流量(Gbps)',
  `storage_usage` decimal(5,2) DEFAULT '0.00' COMMENT '存储使用率',
  `storage_used` decimal(20,2) DEFAULT '0.00' COMMENT '已用存储(PB)',
  `storage_total` decimal(20,2) DEFAULT '0.00' COMMENT '总存储(PB)',
  `record_time` datetime DEFAULT CURRENT_TIMESTAMP COMMENT '记录时间',
  `created_at` datetime DEFAULT CURRENT_TIMESTAMP,
  PRIMARY KEY (`id`),
  KEY `idx_device_id` (`device_id`),
  KEY `idx_record_time` (`record_time`)
) ENGINE=InnoDB DEFAULT CHARSET=utf8mb4 COLLATE=utf8mb4_unicode_ci COMMENT='资源监控数据表';
/*!40101 SET character_set_client = @saved_cs_client */;

--
-- Dumping data for table `resource_monitor`
--

LOCK TABLES `resource_monitor` WRITE;
/*!40000 ALTER TABLE `resource_monitor` DISABLE KEYS */;
/*!40000 ALTER TABLE `resource_monitor` ENABLE KEYS */;
UNLOCK TABLES;

--
-- Table structure for table `resource_pool`
--

DROP TABLE IF EXISTS `resource_pool`;
/*!40101 SET @saved_cs_client     = @@character_set_client */;
/*!50503 SET character_set_client = utf8mb4 */;
CREATE TABLE `resource_pool` (
  `id` bigint NOT NULL AUTO_INCREMENT,
  `pool_name` varchar(100) COLLATE utf8mb4_unicode_ci NOT NULL COMMENT '资源池名称',
  `cpu_total` int DEFAULT '0' COMMENT 'CPU总核心数',
  `memory_total` decimal(20,2) DEFAULT '0.00' COMMENT '内存总量(TB)',
  `storage_total` decimal(20,2) DEFAULT '0.00' COMMENT '存储总量(PB)',
  `bandwidth_total` decimal(20,2) DEFAULT '0.00' COMMENT '带宽总量(Gbps)',
  `created_at` datetime DEFAULT CURRENT_TIMESTAMP,
  `updated_at` datetime DEFAULT CURRENT_TIMESTAMP ON UPDATE CURRENT_TIMESTAMP,
  PRIMARY KEY (`id`)
) ENGINE=InnoDB DEFAULT CHARSET=utf8mb4 COLLATE=utf8mb4_unicode_ci COMMENT='资源池配置表';
/*!40101 SET character_set_client = @saved_cs_client */;

--
-- Dumping data for table `resource_pool`
--

LOCK TABLES `resource_pool` WRITE;
/*!40000 ALTER TABLE `resource_pool` DISABLE KEYS */;
/*!40000 ALTER TABLE `resource_pool` ENABLE KEYS */;
UNLOCK TABLES;

--
-- Table structure for table `sys_permission`
--

DROP TABLE IF EXISTS `sys_permission`;
/*!40101 SET @saved_cs_client     = @@character_set_client */;
/*!50503 SET character_set_client = utf8mb4 */;
CREATE TABLE `sys_permission` (
  `id` bigint NOT NULL AUTO_INCREMENT,
  `permission_name` varchar(100) NOT NULL,
  `permission_code` varchar(100) NOT NULL,
  `parent_id` bigint DEFAULT '0',
  `type` varchar(20) DEFAULT NULL,
  `path` varchar(255) DEFAULT NULL,
  `icon` varchar(100) DEFAULT NULL,
  `sort_order` int DEFAULT '0',
  `status` int DEFAULT '1',
  `create_time` datetime DEFAULT CURRENT_TIMESTAMP,
  `update_time` datetime DEFAULT CURRENT_TIMESTAMP ON UPDATE CURRENT_TIMESTAMP,
  `deleted` int DEFAULT '0',
  PRIMARY KEY (`id`),
  UNIQUE KEY `permission_code` (`permission_code`)
) ENGINE=InnoDB AUTO_INCREMENT=43 DEFAULT CHARSET=utf8mb4 COLLATE=utf8mb4_0900_ai_ci;
/*!40101 SET character_set_client = @saved_cs_client */;

--
-- Dumping data for table `sys_permission`
--

LOCK TABLES `sys_permission` WRITE;
/*!40000 ALTER TABLE `sys_permission` DISABLE KEYS */;
INSERT INTO `sys_permission` VALUES (1,'总览','dashboard',0,'menu','/总览.html','fas fa-tachometer-alt',1,1,'2025-11-30 01:56:48','2025-11-30 01:56:48',0),(2,'视图','view',0,'menu','/视图.html','fas fa-chart-pie',2,1,'2025-11-30 01:56:48','2025-11-30 01:56:48',0),(3,'告警中心','alarm',0,'menu','/告警中心.html','fas fa-bell',3,1,'2025-11-30 01:56:48','2025-11-30 01:56:48',0),(4,'设备管理','device',0,'menu','/设备管理.html','fas fa-server',4,1,'2025-11-30 01:56:48','2025-11-30 01:56:48',0),(5,'网络拓扑','topology',0,'menu','/网络拓扑.html','fas fa-project-diagram',5,1,'2025-11-30 01:56:48','2025-11-30 01:56:48',0),(6,'统计报表','report',0,'menu','/统计报表.html','fas fa-chart-bar',6,1,'2025-11-30 01:56:48','2025-11-30 01:56:48',0),(7,'运维工具','ops_tools',0,'menu','/运维工具.html','fas fa-tools',7,1,'2025-11-30 01:56:48','2025-11-30 01:56:48',0),(8,'大屏展示','screen',0,'menu','/大屏展示.html','fas fa-desktop',8,1,'2025-11-30 01:56:48','2025-11-30 01:56:48',0),(9,'业务管理','business',0,'menu','/业务管理.html','fas fa-briefcase',9,1,'2025-11-30 01:56:48','2025-11-30 01:56:48',0),(10,'网络管理','network',0,'menu','/网络管理.html','fas fa-network-wired',10,1,'2025-11-30 01:56:48','2025-11-30 01:56:48',0),(11,'视频管理','video',0,'menu','/视频管理.html','fas fa-video',11,1,'2025-11-30 01:56:48','2025-11-30 01:56:48',0),(12,'机房管理','datacenter',0,'menu','/机房管理.html','fas fa-warehouse',12,1,'2025-11-30 01:56:48','2025-11-30 01:56:48',0),(13,'资产管理','asset',0,'menu','/资产管理.html','fas fa-boxes',13,1,'2025-11-30 01:56:48','2025-11-30 01:56:48',0),(14,'运维管理','ops',0,'menu','/运维管理.html','fas fa-cogs',14,1,'2025-11-30 01:56:48','2025-11-30 01:56:48',0),(15,'日志管理','log',0,'menu','/日志管理.html','fas fa-file-alt',15,1,'2025-11-30 01:56:48','2025-11-30 01:56:48',0),(16,'智能预测管理','prediction',0,'menu','/智能预测管理.html','fas fa-brain',16,1,'2025-11-30 01:56:48','2025-11-30 01:56:48',0),(17,'云平台','cloud',0,'menu','/云平台.html','fas fa-cloud',17,1,'2025-11-30 01:56:48','2025-11-30 01:56:48',0),(18,'设置','settings',0,'menu','/设置.html','fas fa-cog',18,1,'2025-11-30 01:56:48','2025-11-30 01:56:48',0),(19,'对接配置','integration',0,'menu','/对接配置.html','fas fa-plug',19,1,'2025-11-30 01:56:48','2025-11-30 01:56:48',0),(20,'用户管理','settings:user',18,'menu','/设置.html#user','fas fa-users',1,1,'2025-11-30 01:57:03','2025-11-30 01:57:03',0),(21,'角色管理','settings:role',18,'menu','/设置.html#role','fas fa-user-tag',2,1,'2025-11-30 01:57:03','2025-11-30 01:57:03',0),(22,'系统配置','settings:config',18,'menu','/设置.html#config','fas fa-sliders-h',3,1,'2025-11-30 01:57:03','2025-11-30 01:57:03',0),(23,'检测模板设置','settings:template',18,'menu','/设置.html#template','fas fa-clipboard-list',4,1,'2025-11-30 01:57:03','2025-11-30 01:57:03',0),(24,'查看用户','settings:user:view',20,'button',NULL,NULL,1,1,'2025-11-30 01:57:03','2025-11-30 01:57:03',0),(25,'新增用户','settings:user:add',20,'button',NULL,NULL,2,1,'2025-11-30 01:57:03','2025-11-30 01:57:03',0),(26,'编辑用户','settings:user:edit',20,'button',NULL,NULL,3,1,'2025-11-30 01:57:03','2025-11-30 01:57:03',0),(27,'删除用户','settings:user:delete',20,'button',NULL,NULL,4,1,'2025-11-30 01:57:03','2025-11-30 01:57:03',0),(28,'导入用户','settings:user:import',20,'button',NULL,NULL,5,1,'2025-11-30 01:57:03','2025-11-30 01:57:03',0),(29,'查看角色','settings:role:view',21,'button',NULL,NULL,1,1,'2025-11-30 01:57:03','2025-11-30 01:57:03',0),(30,'新增角色','settings:role:add',21,'button',NULL,NULL,2,1,'2025-11-30 01:57:03','2025-11-30 01:57:03',0),(31,'编辑角色','settings:role:edit',21,'button',NULL,NULL,3,1,'2025-11-30 01:57:03','2025-11-30 01:57:03',0),(32,'删除角色','settings:role:delete',21,'button',NULL,NULL,4,1,'2025-11-30 01:57:03','2025-11-30 01:57:03',0),(33,'分配权限','settings:role:assign',21,'button',NULL,NULL,5,1,'2025-11-30 01:57:03','2025-11-30 01:57:03',0),(34,'华为云','cloud:huawei',17,'menu','/云平台.html#huawei','fas fa-cloud',1,1,'2025-11-30 01:57:03','2025-11-30 01:57:03',0),(35,'阿里云','cloud:aliyun',17,'menu','/云平台.html#aliyun','fas fa-cloud',2,1,'2025-11-30 01:57:03','2025-11-30 01:57:03',0),(36,'查看告警','alarm:view',3,'button',NULL,NULL,1,1,'2025-11-30 01:57:03','2025-11-30 01:57:03',0),(37,'处理告警','alarm:handle',3,'button',NULL,NULL,2,1,'2025-11-30 01:57:03','2025-11-30 01:57:03',0),(38,'删除告警','alarm:delete',3,'button',NULL,NULL,3,1,'2025-11-30 01:57:03','2025-11-30 01:57:03',0),(39,'查看设备','device:view',4,'button',NULL,NULL,1,1,'2025-11-30 01:57:03','2025-11-30 01:57:03',0),(40,'新增设备','device:add',4,'button',NULL,NULL,2,1,'2025-11-30 01:57:03','2025-11-30 01:57:03',0),(41,'编辑设备','device:edit',4,'button',NULL,NULL,3,1,'2025-11-30 01:57:03','2025-11-30 01:57:03',0),(42,'删除设备','device:delete',4,'button',NULL,NULL,4,1,'2025-11-30 01:57:03','2025-11-30 01:57:03',0);
/*!40000 ALTER TABLE `sys_permission` ENABLE KEYS */;
UNLOCK TABLES;

--
-- Table structure for table `sys_role`
--

DROP TABLE IF EXISTS `sys_role`;
/*!40101 SET @saved_cs_client     = @@character_set_client */;
/*!50503 SET character_set_client = utf8mb4 */;
CREATE TABLE `sys_role` (
  `id` bigint NOT NULL AUTO_INCREMENT,
  `role_name` varchar(50) NOT NULL,
  `role_code` varchar(50) NOT NULL,
  `description` varchar(255) DEFAULT NULL,
  `status` int DEFAULT '1',
  `sort_order` int DEFAULT '0',
  `create_time` datetime DEFAULT CURRENT_TIMESTAMP,
  `update_time` datetime DEFAULT CURRENT_TIMESTAMP ON UPDATE CURRENT_TIMESTAMP,
  `deleted` int DEFAULT '0',
  PRIMARY KEY (`id`),
  UNIQUE KEY `role_code` (`role_code`)
) ENGINE=InnoDB AUTO_INCREMENT=10 DEFAULT CHARSET=utf8mb4 COLLATE=utf8mb4_0900_ai_ci;
/*!40101 SET character_set_client = @saved_cs_client */;

--
-- Dumping data for table `sys_role`
--

LOCK TABLES `sys_role` WRITE;
/*!40000 ALTER TABLE `sys_role` DISABLE KEYS */;
INSERT INTO `sys_role` VALUES (1,'超级管理员123','super_admin','拥有系统所有权限123',1,1,'2025-11-30 00:11:35','2025-12-09 16:47:16',0),(2,'系统管理员','admin','管理系统配置和用户 - Playwright测试成功！',1,2,'2025-11-30 00:11:35','2025-12-09 17:02:28',0),(3,'运维工程师','ops_engineer','负责系统运维和监控',1,3,'2025-11-30 00:11:35','2025-12-09 15:17:23',0),(4,'网络工程师','network_engineer','负责网络设备管理',1,4,'2025-11-30 00:11:35','2025-11-30 00:11:35',0),(5,'普通用户','user','普通用户，只有查看权限',1,5,'2025-11-30 00:11:35','2025-12-09 16:40:25',0),(6,'访客','guest','访客用户，权限受限',1,6,'2025-11-30 00:11:35','2025-11-30 00:11:35',0),(7,'测试角色','test_role',NULL,1,0,'2025-11-30 02:06:03','2025-11-30 02:07:23',1),(9,'测试角色2-已修改','test_role_2','这是修改后的描述',1,88,'2025-12-09 16:33:13','2025-12-09 16:34:58',1);
/*!40000 ALTER TABLE `sys_role` ENABLE KEYS */;
UNLOCK TABLES;

--
-- Table structure for table `sys_role_permission`
--

DROP TABLE IF EXISTS `sys_role_permission`;
/*!40101 SET @saved_cs_client     = @@character_set_client */;
/*!50503 SET character_set_client = utf8mb4 */;
CREATE TABLE `sys_role_permission` (
  `id` bigint NOT NULL AUTO_INCREMENT,
  `role_id` bigint NOT NULL,
  `permission_id` bigint NOT NULL,
  `create_time` datetime DEFAULT CURRENT_TIMESTAMP,
  PRIMARY KEY (`id`),
  KEY `idx_role_id` (`role_id`),
  KEY `idx_permission_id` (`permission_id`)
) ENGINE=InnoDB AUTO_INCREMENT=297 DEFAULT CHARSET=utf8mb4 COLLATE=utf8mb4_0900_ai_ci;
/*!40101 SET character_set_client = @saved_cs_client */;

--
-- Dumping data for table `sys_role_permission`
--

LOCK TABLES `sys_role_permission` WRITE;
/*!40000 ALTER TABLE `sys_role_permission` DISABLE KEYS */;
INSERT INTO `sys_role_permission` VALUES (64,2,1,'2025-11-30 01:57:35'),(65,2,2,'2025-11-30 01:57:35'),(66,2,3,'2025-11-30 01:57:35'),(67,2,4,'2025-11-30 01:57:35'),(68,2,5,'2025-11-30 01:57:35'),(69,2,6,'2025-11-30 01:57:35'),(70,2,7,'2025-11-30 01:57:35'),(71,2,8,'2025-11-30 01:57:35'),(72,2,9,'2025-11-30 01:57:35'),(73,2,10,'2025-11-30 01:57:35'),(74,2,11,'2025-11-30 01:57:35'),(75,2,12,'2025-11-30 01:57:35'),(76,2,13,'2025-11-30 01:57:35'),(77,2,14,'2025-11-30 01:57:35'),(78,2,15,'2025-11-30 01:57:35'),(79,2,16,'2025-11-30 01:57:35'),(80,2,17,'2025-11-30 01:57:35'),(81,2,18,'2025-11-30 01:57:35'),(82,2,19,'2025-11-30 01:57:35'),(83,2,20,'2025-11-30 01:57:35'),(84,2,21,'2025-11-30 01:57:35'),(85,2,22,'2025-11-30 01:57:35'),(86,2,23,'2025-11-30 01:57:35'),(87,2,24,'2025-11-30 01:57:35'),(88,2,25,'2025-11-30 01:57:35'),(89,2,26,'2025-11-30 01:57:35'),(90,2,29,'2025-11-30 01:57:35'),(91,2,30,'2025-11-30 01:57:35'),(92,2,31,'2025-11-30 01:57:35'),(93,2,32,'2025-11-30 01:57:35'),(94,2,33,'2025-11-30 01:57:35'),(95,2,34,'2025-11-30 01:57:35'),(96,2,35,'2025-11-30 01:57:35'),(97,2,36,'2025-11-30 01:57:35'),(98,2,37,'2025-11-30 01:57:35'),(99,2,38,'2025-11-30 01:57:35'),(100,2,39,'2025-11-30 01:57:35'),(101,2,40,'2025-11-30 01:57:35'),(102,2,41,'2025-11-30 01:57:35'),(103,2,42,'2025-11-30 01:57:35'),(158,4,3,'2025-11-30 01:57:46'),(159,4,36,'2025-11-30 01:57:46'),(160,4,1,'2025-11-30 01:57:46'),(161,4,4,'2025-11-30 01:57:46'),(162,4,41,'2025-11-30 01:57:46'),(163,4,39,'2025-11-30 01:57:46'),(164,4,10,'2025-11-30 01:57:46'),(165,4,5,'2025-11-30 01:57:46'),(166,4,2,'2025-11-30 01:57:46'),(173,5,3,'2025-11-30 01:57:51'),(174,5,36,'2025-11-30 01:57:51'),(175,5,1,'2025-11-30 01:57:51'),(176,5,39,'2025-11-30 01:57:51'),(177,5,2,'2025-11-30 01:57:51'),(180,6,1,'2025-11-30 01:57:56'),(181,6,2,'2025-11-30 01:57:56'),(259,1,1,'2025-12-09 16:09:23'),(260,1,36,'2025-12-09 16:09:23'),(261,1,37,'2025-12-09 16:09:23'),(262,1,38,'2025-12-09 16:09:23'),(263,1,39,'2025-12-09 16:09:23'),(264,1,40,'2025-12-09 16:09:23'),(265,1,41,'2025-12-09 16:09:23'),(266,1,42,'2025-12-09 16:09:23'),(267,1,5,'2025-12-09 16:09:23'),(268,1,6,'2025-12-09 16:09:23'),(269,1,7,'2025-12-09 16:09:23'),(270,1,8,'2025-12-09 16:09:23'),(271,1,9,'2025-12-09 16:09:23'),(272,1,10,'2025-12-09 16:09:23'),(273,1,11,'2025-12-09 16:09:23'),(274,1,12,'2025-12-09 16:09:23'),(275,1,13,'2025-12-09 16:09:23'),(276,1,14,'2025-12-09 16:09:23'),(277,1,15,'2025-12-09 16:09:23'),(278,1,16,'2025-12-09 16:09:23'),(279,1,34,'2025-12-09 16:09:23'),(280,1,35,'2025-12-09 16:09:23'),(281,1,24,'2025-12-09 16:09:23'),(282,1,25,'2025-12-09 16:09:23'),(283,1,26,'2025-12-09 16:09:23'),(284,1,27,'2025-12-09 16:09:23'),(285,1,28,'2025-12-09 16:09:23'),(286,1,29,'2025-12-09 16:09:23'),(287,1,30,'2025-12-09 16:09:23'),(288,1,31,'2025-12-09 16:09:23'),(289,1,22,'2025-12-09 16:09:23'),(290,1,23,'2025-12-09 16:09:23'),(291,1,19,'2025-12-09 16:09:23'),(292,3,1,'2025-12-09 16:37:13'),(293,3,2,'2025-12-09 16:37:13'),(294,3,3,'2025-12-09 16:37:13'),(295,3,4,'2025-12-09 16:37:13'),(296,3,5,'2025-12-09 16:37:13');
/*!40000 ALTER TABLE `sys_role_permission` ENABLE KEYS */;
UNLOCK TABLES;

--
-- Table structure for table `sys_user`
--

DROP TABLE IF EXISTS `sys_user`;
/*!40101 SET @saved_cs_client     = @@character_set_client */;
/*!50503 SET character_set_client = utf8mb4 */;
CREATE TABLE `sys_user` (
  `id` bigint NOT NULL AUTO_INCREMENT,
  `username` varchar(50) NOT NULL,
  `password` varchar(255) NOT NULL,
  `email` varchar(100) DEFAULT NULL,
  `phone` varchar(20) DEFAULT NULL,
  `real_name` varchar(50) DEFAULT NULL,
  `role` varchar(20) DEFAULT 'user',
  `status` int DEFAULT '1',
  `avatar` varchar(500) DEFAULT NULL,
  `last_login_time` datetime DEFAULT NULL,
  `last_login_ip` varchar(50) DEFAULT NULL,
  `login_attempts` int DEFAULT '0',
  `locked_until` datetime DEFAULT NULL,
  `password_updated_at` datetime DEFAULT NULL,
  `create_time` datetime DEFAULT CURRENT_TIMESTAMP,
  `update_time` datetime DEFAULT CURRENT_TIMESTAMP ON UPDATE CURRENT_TIMESTAMP,
  `deleted` int DEFAULT '0',
  PRIMARY KEY (`id`),
  UNIQUE KEY `username` (`username`)
) ENGINE=InnoDB AUTO_INCREMENT=22 DEFAULT CHARSET=utf8mb4 COLLATE=utf8mb4_0900_ai_ci;
/*!40101 SET character_set_client = @saved_cs_client */;

--
-- Dumping data for table `sys_user`
--

LOCK TABLES `sys_user` WRITE;
/*!40000 ALTER TABLE `sys_user` DISABLE KEYS */;
INSERT INTO `sys_user` VALUES (1,'admin','1f98525965578bd055caa7a297aa80e2','admin@example.com',NULL,'???','admin',1,'/api/upload/2025/12/10/4a961055ee404c648a0fe314b950ae36.png',NULL,NULL,0,NULL,NULL,'2025-11-28 20:52:32','2025-12-12 13:08:46',0),(2,'zhangsan','1f98525965578bd055caa7a297aa80e2','zhangsan@example.com','13800138001','张三123','ops_engineer',1,NULL,NULL,NULL,0,NULL,NULL,'2025-11-30 00:11:46','2025-11-30 00:35:28',0),(3,'lisi','1f98525965578bd055caa7a297aa80e2','lisi@example.com','13800138002','李四','network_engineer',1,NULL,NULL,NULL,0,NULL,NULL,'2025-11-30 00:11:46','2025-11-30 00:11:46',0),(4,'wangwu','1f98525965578bd055caa7a297aa80e2','wangwu@example.com','13800138003','王五','user',1,NULL,NULL,NULL,0,NULL,NULL,'2025-11-30 00:11:46','2025-11-30 00:11:46',0),(5,'zhaoliu','1f98525965578bd055caa7a297aa80e2','zhaoliu@example.com','13800138004','赵六','admin',1,NULL,NULL,NULL,0,NULL,NULL,'2025-11-30 00:11:46','2025-11-30 00:11:46',0),(6,'sunqi','1f98525965578bd055caa7a297aa80e2','sunqi@example.com','13800138005','孙七','user',0,NULL,NULL,NULL,0,NULL,NULL,'2025-11-30 00:11:46','2025-11-30 00:11:46',0),(7,'zhouba','1f98525965578bd055caa7a297aa80e2','zhouba@example.com','13800138006','周八','guest',1,NULL,NULL,NULL,0,NULL,NULL,'2025-11-30 00:11:46','2025-11-30 00:11:46',0),(8,'testuser1','1f98525965578bd055caa7a297aa80e2',NULL,NULL,'测试用户1','user',1,NULL,NULL,NULL,0,NULL,'2025-11-30 00:40:25','2025-11-30 00:40:25','2025-11-30 00:40:50',1),(10,'sd','b7708198c22c15691989f8f4f1572522',NULL,NULL,'d','user',1,NULL,NULL,NULL,0,NULL,'2025-11-30 00:43:42','2025-11-30 00:43:42','2025-11-30 00:43:42',0),(12,'ds','b7708198c22c15691989f8f4f1572522',NULL,NULL,'d','user',1,NULL,NULL,NULL,0,NULL,'2025-11-30 00:54:39','2025-11-30 00:54:39','2025-11-30 00:54:39',0),(14,'newuser123','b7708198c22c15691989f8f4f1572522',NULL,NULL,'新测试用户','user',1,'/api/upload/2025/11/30/554337d07b854c65bf604df8030dd2af.png',NULL,NULL,0,NULL,'2025-11-30 01:00:05','2025-11-30 01:00:05','2025-11-30 01:54:27',0),(15,'sddsfasf','b7708198c22c15691989f8f4f1572522',NULL,NULL,'d','user',1,NULL,NULL,NULL,0,NULL,'2025-12-03 10:35:10','2025-12-03 10:35:10','2025-12-03 10:53:00',1),(16,'adsfgg','b7708198c22c15691989f8f4f1572522',NULL,NULL,'gda','user',1,NULL,NULL,NULL,0,NULL,'2025-12-03 10:52:29','2025-12-03 10:52:29','2025-12-03 10:53:04',1),(17,'adsga','b7708198c22c15691989f8f4f1572522',NULL,NULL,'asdg','user',1,NULL,NULL,NULL,0,NULL,'2025-12-03 10:52:55','2025-12-03 10:52:55','2025-12-03 10:53:07',1),(18,'testuser2','f4fc8a416f8be148db91d57412cc34a0',NULL,NULL,'测试用户2','user',1,NULL,NULL,NULL,0,NULL,'2025-12-03 11:28:37','2025-12-03 11:28:37','2025-12-03 11:28:37',0),(19,'testuser3','01e5f6764e66960ce87631ed8507009d',NULL,NULL,'测试用户3','user',1,NULL,NULL,NULL,0,NULL,'2025-12-03 11:28:49','2025-12-03 11:28:49','2025-12-03 11:28:49',0),(20,'testuser999','aff8c7c4f8d9fab3bb7322ea79cc5170','test999@example.com','13800138999','娴嬭瘯鐢ㄦ埛','user',1,NULL,NULL,NULL,0,NULL,'2025-12-09 15:11:44','2025-12-09 15:11:44','2025-12-09 15:11:44',0),(21,'testuser_strong','a61107572992f7185ab1cefbcd88282c','strong@test.com',NULL,'测试用户强','user',1,NULL,NULL,NULL,0,NULL,'2025-12-09 17:43:55','2025-12-09 17:43:55','2025-12-09 17:43:55',0);
/*!40000 ALTER TABLE `sys_user` ENABLE KEYS */;
UNLOCK TABLES;

--
-- Table structure for table `sys_user_group`
--

DROP TABLE IF EXISTS `sys_user_group`;
/*!40101 SET @saved_cs_client     = @@character_set_client */;
/*!50503 SET character_set_client = utf8mb4 */;
CREATE TABLE `sys_user_group` (
  `id` bigint NOT NULL AUTO_INCREMENT,
  `group_name` varchar(100) NOT NULL,
  `group_code` varchar(50) DEFAULT NULL,
  `description` varchar(500) DEFAULT NULL,
  `status` int DEFAULT '1',
  `sort_order` int DEFAULT '0',
  `create_by` bigint DEFAULT NULL,
  `create_time` datetime DEFAULT CURRENT_TIMESTAMP,
  `update_by` bigint DEFAULT NULL,
  `update_time` datetime DEFAULT CURRENT_TIMESTAMP ON UPDATE CURRENT_TIMESTAMP,
  `deleted` int DEFAULT '0',
  `remark` varchar(500) DEFAULT NULL,
  PRIMARY KEY (`id`),
  UNIQUE KEY `group_code` (`group_code`)
) ENGINE=InnoDB DEFAULT CHARSET=utf8mb4 COLLATE=utf8mb4_0900_ai_ci;
/*!40101 SET character_set_client = @saved_cs_client */;

--
-- Dumping data for table `sys_user_group`
--

LOCK TABLES `sys_user_group` WRITE;
/*!40000 ALTER TABLE `sys_user_group` DISABLE KEYS */;
/*!40000 ALTER TABLE `sys_user_group` ENABLE KEYS */;
UNLOCK TABLES;

--
-- Table structure for table `sys_user_group_relation`
--

DROP TABLE IF EXISTS `sys_user_group_relation`;
/*!40101 SET @saved_cs_client     = @@character_set_client */;
/*!50503 SET character_set_client = utf8mb4 */;
CREATE TABLE `sys_user_group_relation` (
  `id` bigint NOT NULL AUTO_INCREMENT,
  `user_id` bigint NOT NULL,
  `group_id` bigint NOT NULL,
  `create_by` bigint DEFAULT NULL,
  `create_time` datetime DEFAULT CURRENT_TIMESTAMP,
  `deleted` int DEFAULT '0',
  PRIMARY KEY (`id`),
  KEY `idx_user_id` (`user_id`),
  KEY `idx_group_id` (`group_id`)
) ENGINE=InnoDB DEFAULT CHARSET=utf8mb4 COLLATE=utf8mb4_0900_ai_ci;
/*!40101 SET character_set_client = @saved_cs_client */;

--
-- Dumping data for table `sys_user_group_relation`
--

LOCK TABLES `sys_user_group_relation` WRITE;
/*!40000 ALTER TABLE `sys_user_group_relation` DISABLE KEYS */;
/*!40000 ALTER TABLE `sys_user_group_relation` ENABLE KEYS */;
UNLOCK TABLES;

--
-- Table structure for table `sys_user_role`
--

DROP TABLE IF EXISTS `sys_user_role`;
/*!40101 SET @saved_cs_client     = @@character_set_client */;
/*!50503 SET character_set_client = utf8mb4 */;
CREATE TABLE `sys_user_role` (
  `id` bigint NOT NULL AUTO_INCREMENT,
  `user_id` bigint NOT NULL,
  `role_id` bigint NOT NULL,
  `create_time` datetime DEFAULT CURRENT_TIMESTAMP,
  PRIMARY KEY (`id`),
  KEY `idx_user_id` (`user_id`),
  KEY `idx_role_id` (`role_id`)
) ENGINE=InnoDB AUTO_INCREMENT=8 DEFAULT CHARSET=utf8mb4 COLLATE=utf8mb4_0900_ai_ci;
/*!40101 SET character_set_client = @saved_cs_client */;

--
-- Dumping data for table `sys_user_role`
--

LOCK TABLES `sys_user_role` WRITE;
/*!40000 ALTER TABLE `sys_user_role` DISABLE KEYS */;
INSERT INTO `sys_user_role` VALUES (1,1,1,'2025-11-30 00:11:53'),(2,2,3,'2025-11-30 00:11:53'),(3,3,4,'2025-11-30 00:11:53'),(4,4,5,'2025-11-30 00:11:53'),(5,5,2,'2025-11-30 00:11:53'),(6,6,5,'2025-11-30 00:11:53'),(7,7,6,'2025-11-30 00:11:53');
/*!40000 ALTER TABLE `sys_user_role` ENABLE KEYS */;
UNLOCK TABLES;

--
-- Table structure for table `system_config`
--

DROP TABLE IF EXISTS `system_config`;
/*!40101 SET @saved_cs_client     = @@character_set_client */;
/*!50503 SET character_set_client = utf8mb4 */;
CREATE TABLE `system_config` (
  `id` bigint NOT NULL AUTO_INCREMENT,
  `config_key` varchar(100) NOT NULL,
  `config_value` text,
  `config_type` varchar(20) DEFAULT NULL,
  `category` varchar(50) DEFAULT NULL,
  `description` varchar(500) DEFAULT NULL,
  `is_system` int DEFAULT '0',
  `create_time` datetime DEFAULT CURRENT_TIMESTAMP,
  `update_time` datetime DEFAULT CURRENT_TIMESTAMP ON UPDATE CURRENT_TIMESTAMP,
  PRIMARY KEY (`id`)
) ENGINE=InnoDB AUTO_INCREMENT=38 DEFAULT CHARSET=utf8mb4 COLLATE=utf8mb4_0900_ai_ci;
/*!40101 SET character_set_client = @saved_cs_client */;

--
-- Dumping data for table `system_config`
--

LOCK TABLES `system_config` WRITE;
/*!40000 ALTER TABLE `system_config` DISABLE KEYS */;
INSERT INTO `system_config` VALUES (1,'page_auto_refresh','false','boolean','system','页面长表格自动刷新',1,'2025-11-30 02:11:14','2025-11-30 02:11:14'),(2,'page_refresh_interval','30','number','system','页面更新时间间隔（秒）',1,'2025-11-30 02:11:14','2025-11-30 02:11:14'),(3,'enable_captcha','true','boolean','system','开启验证理由',1,'2025-11-30 02:11:14','2025-11-30 02:11:14'),(4,'enable_token_validation','true','boolean','system','开启Token验证',1,'2025-11-30 02:11:14','2025-11-30 02:11:14'),(5,'password_retention_days','30','number','system','系统自密码天数（天）',1,'2025-11-30 02:11:14','2025-11-30 02:11:14'),(6,'metrics_retention_days','90','number','system','指标数据保留天数（天）',1,'2025-11-30 02:11:14','2025-11-30 02:11:14'),(7,'backup_interval_days','7','number','system','备份时间间隔（天）',1,'2025-11-30 02:11:14','2025-11-30 02:11:14'),(8,'backup_push_url','','string','system','备份推送地址',1,'2025-11-30 02:11:14','2025-11-30 02:11:14'),(9,'login_attempts_limit','5','number','security','登录失败次数限制',1,'2025-11-30 02:11:14','2025-11-30 02:11:14'),(10,'account_lock_minutes','30','number','security','账户锁定时间（分钟）',1,'2025-11-30 02:11:14','2025-11-30 02:11:14'),(11,'password_min_length','6','number','security','密码最小长度',1,'2025-11-30 02:11:14','2025-11-30 02:11:14'),(12,'password_require_uppercase','false','boolean','security','密码需要大写字母',1,'2025-11-30 02:11:14','2025-11-30 02:11:14'),(13,'password_require_number','true','boolean','security','密码需要数字',1,'2025-11-30 02:11:14','2025-11-30 02:11:14'),(14,'password_require_special','false','boolean','security','密码需要特殊字符',1,'2025-11-30 02:11:14','2025-11-30 02:11:14'),(15,'session_timeout_minutes','120','number','security','会话超时时间（分钟）',1,'2025-11-30 02:11:14','2025-11-30 02:11:14'),(16,'enable_ip_whitelist','false','boolean','security','开启IP白名单',1,'2025-11-30 02:11:14','2025-11-30 02:11:14'),(17,'ip_whitelist','','string','security','IP白名单（逗号分隔）',1,'2025-11-30 02:11:14','2025-11-30 02:11:14'),(18,'system.autoRefresh','true','boolean','system',NULL,0,'2025-11-30 02:12:15','2025-11-30 02:12:15'),(19,'system.refreshInterval','30','string','system',NULL,0,'2025-11-30 02:12:15','2025-11-30 02:12:15'),(20,'system.requireLoginReason','true','boolean','system',NULL,0,'2025-11-30 02:12:15','2025-11-30 02:12:15'),(21,'system.requireToken','true','boolean','system',NULL,0,'2025-11-30 02:12:15','2025-11-30 02:12:15'),(22,'system.passwordRetentionDays','30','string','system',NULL,0,'2025-11-30 02:12:15','2025-11-30 02:12:15'),(23,'system.metricsRetentionDays','90','string','system',NULL,0,'2025-11-30 02:12:15','2025-11-30 02:12:15'),(24,'system.backupInterval','7','string','system',NULL,0,'2025-11-30 02:12:15','2025-11-30 02:12:15'),(25,'system.backupPushUrl','','string','system',NULL,0,'2025-11-30 02:12:15','2025-11-30 02:12:15'),(26,'security.minPasswordLength','12','string','security',NULL,0,'2025-11-30 02:12:41','2025-12-09 17:40:08'),(27,'security.maxPasswordLength','16','string','security',NULL,0,'2025-11-30 02:12:41','2025-12-03 10:34:14'),(28,'security.requireUppercase','true','string','security',NULL,0,'2025-11-30 02:12:41','2025-12-09 17:40:08'),(29,'security.requireLowercase','false','boolean','security',NULL,0,'2025-11-30 02:12:41','2025-12-03 10:34:14'),(30,'security.requireNumber','true','string','security',NULL,0,'2025-11-30 02:12:41','2025-12-09 17:40:08'),(31,'security.requireSpecialChar','true','string','security',NULL,0,'2025-11-30 02:12:41','2025-12-09 17:40:08'),(32,'security.enablePasswordExpiry','false','boolean','security',NULL,0,'2025-11-30 02:12:41','2025-12-03 10:34:14'),(33,'security.passwordExpiryDays','30','string','security',NULL,0,'2025-11-30 02:12:41','2025-12-03 10:34:14'),(34,'security.maxLoginAttempts','5','string','security',NULL,0,'2025-11-30 02:12:41','2025-12-09 17:40:08'),(35,'security.lockoutDuration','10','string','security',NULL,0,'2025-11-30 02:12:41','2025-12-03 10:34:14'),(36,'security.enableSessionTimeout','true','string','security',NULL,0,'2025-11-30 02:12:41','2025-12-09 17:40:08'),(37,'security.sessionTimeout','30','string','security',NULL,0,'2025-11-30 02:12:41','2025-12-09 17:40:08');
/*!40000 ALTER TABLE `system_config` ENABLE KEYS */;
UNLOCK TABLES;

--
-- Table structure for table `t_log_events`
--

DROP TABLE IF EXISTS `t_log_events`;
/*!40101 SET @saved_cs_client     = @@character_set_client */;
/*!50503 SET character_set_client = utf8mb4 */;
CREATE TABLE `t_log_events` (
  `id` int NOT NULL AUTO_INCREMENT,
  `event_name` varchar(100) NOT NULL,
  `event_color` varchar(20) DEFAULT NULL,
  `event_desc` varchar(500) DEFAULT NULL,
  `is_active` tinyint(1) DEFAULT '1',
  `created_at` datetime DEFAULT CURRENT_TIMESTAMP,
  `updated_at` datetime DEFAULT CURRENT_TIMESTAMP ON UPDATE CURRENT_TIMESTAMP,
  PRIMARY KEY (`id`)
) ENGINE=InnoDB AUTO_INCREMENT=6 DEFAULT CHARSET=utf8mb4 COLLATE=utf8mb4_0900_ai_ci;
/*!40101 SET character_set_client = @saved_cs_client */;

--
-- Dumping data for table `t_log_events`
--

LOCK TABLES `t_log_events` WRITE;
/*!40000 ALTER TABLE `t_log_events` DISABLE KEYS */;
INSERT INTO `t_log_events` VALUES (1,'登录失败','#ff4d4f','用户登录失败事件，可能存在暴力破解',1,'2025-11-29 16:41:34','2025-11-29 16:41:34'),(2,'系统错误','#ff7a45','系统级别错误，需要立即处理',1,'2025-11-29 16:41:34','2025-11-29 16:41:34'),(3,'配置变更','#1890ff','系统配置发生变更',1,'2025-11-29 16:41:34','2025-11-29 16:41:34'),(4,'端口状态变化','#52c41a','网络设备端口状态发生变化',1,'2025-11-29 16:41:34','2025-11-29 16:41:34'),(5,'接口告警','#faad14','接口异常告警事件',1,'2025-11-29 16:41:34','2025-11-29 16:41:34');
/*!40000 ALTER TABLE `t_log_events` ENABLE KEYS */;
UNLOCK TABLES;

--
-- Table structure for table `t_log_rule_event_map`
--

DROP TABLE IF EXISTS `t_log_rule_event_map`;
/*!40101 SET @saved_cs_client     = @@character_set_client */;
/*!50503 SET character_set_client = utf8mb4 */;
CREATE TABLE `t_log_rule_event_map` (
  `id` int NOT NULL AUTO_INCREMENT,
  `rule_id` int NOT NULL,
  `event_id` int NOT NULL,
  `created_at` datetime DEFAULT CURRENT_TIMESTAMP,
  PRIMARY KEY (`id`),
  KEY `rule_id` (`rule_id`),
  KEY `event_id` (`event_id`),
  CONSTRAINT `t_log_rule_event_map_ibfk_1` FOREIGN KEY (`rule_id`) REFERENCES `t_log_rules` (`id`) ON DELETE CASCADE,
  CONSTRAINT `t_log_rule_event_map_ibfk_2` FOREIGN KEY (`event_id`) REFERENCES `t_log_events` (`id`) ON DELETE CASCADE
) ENGINE=InnoDB AUTO_INCREMENT=7 DEFAULT CHARSET=utf8mb4 COLLATE=utf8mb4_unicode_ci;
/*!40101 SET character_set_client = @saved_cs_client */;

--
-- Dumping data for table `t_log_rule_event_map`
--

LOCK TABLES `t_log_rule_event_map` WRITE;
/*!40000 ALTER TABLE `t_log_rule_event_map` DISABLE KEYS */;
INSERT INTO `t_log_rule_event_map` VALUES (1,1,1,'2025-11-29 16:43:50'),(2,1,2,'2025-11-29 16:43:50'),(3,2,1,'2025-11-29 16:43:50'),(4,2,3,'2025-11-29 16:43:50'),(5,3,3,'2025-11-29 16:43:50'),(6,3,4,'2025-11-29 16:43:50');
/*!40000 ALTER TABLE `t_log_rule_event_map` ENABLE KEYS */;
UNLOCK TABLES;

--
-- Table structure for table `t_log_rules`
--

DROP TABLE IF EXISTS `t_log_rules`;
/*!40101 SET @saved_cs_client     = @@character_set_client */;
/*!50503 SET character_set_client = utf8mb4 */;
CREATE TABLE `t_log_rules` (
  `id` int NOT NULL AUTO_INCREMENT,
  `rule_name` varchar(100) NOT NULL,
  `log_type` varchar(50) DEFAULT NULL,
  `source_type` varchar(50) DEFAULT NULL,
  `source_ip_start` varchar(50) DEFAULT NULL,
  `source_ip_end` varchar(50) DEFAULT NULL,
  `filter_type` varchar(50) DEFAULT NULL,
  `filter_facility` varchar(100) DEFAULT NULL,
  `filter_severity` varchar(100) DEFAULT NULL,
  `filter_keywords` text,
  `effective_time_type` varchar(20) DEFAULT NULL,
  `effective_start_time` datetime DEFAULT NULL,
  `effective_end_time` datetime DEFAULT NULL,
  `is_enabled` tinyint(1) DEFAULT '1',
  `created_by` varchar(50) DEFAULT NULL,
  `created_at` datetime DEFAULT CURRENT_TIMESTAMP,
  `updated_at` datetime DEFAULT CURRENT_TIMESTAMP ON UPDATE CURRENT_TIMESTAMP,
  PRIMARY KEY (`id`)
) ENGINE=InnoDB AUTO_INCREMENT=6 DEFAULT CHARSET=utf8mb4 COLLATE=utf8mb4_0900_ai_ci;
/*!40101 SET character_set_client = @saved_cs_client */;

--
-- Dumping data for table `t_log_rules`
--

LOCK TABLES `t_log_rules` WRITE;
/*!40000 ALTER TABLE `t_log_rules` DISABLE KEYS */;
INSERT INTO `t_log_rules` VALUES (1,'核心交换机告警规则','Syslog','ip_range','192.168.1.1','192.168.1.254','include','0,1,2','0,1,2,3','error;failed;down','always',NULL,NULL,1,'admin','2025-11-29 16:41:44','2025-11-29 16:44:01'),(2,'服务器登录监控','Syslog','ip_range','10.0.0.1','10.0.0.100','include','4,10','4,5,6','login;ssh;authentication','always',NULL,NULL,1,'admin','2025-11-29 16:41:44','2025-11-29 16:44:01'),(3,'防火墙策略变更','Syslog','single_ip','192.168.100.1','192.168.100.1','include','0','5,6','policy;rule;config','scheduled',NULL,NULL,0,'admin','2025-11-29 16:41:44','2025-11-29 16:44:01');
/*!40000 ALTER TABLE `t_log_rules` ENABLE KEYS */;
UNLOCK TABLES;

--
-- Table structure for table `t_log_saved_filters`
--

DROP TABLE IF EXISTS `t_log_saved_filters`;
/*!40101 SET @saved_cs_client     = @@character_set_client */;
/*!50503 SET character_set_client = utf8mb4 */;
CREATE TABLE `t_log_saved_filters` (
  `id` int NOT NULL AUTO_INCREMENT,
  `filter_name` varchar(100) NOT NULL,
  `log_type` varchar(50) DEFAULT NULL,
  `source_ips` text,
  `facilities` varchar(100) DEFAULT NULL,
  `severities` varchar(100) DEFAULT NULL,
  `include_keywords` text,
  `exclude_keywords` text,
  `time_range` varchar(20) DEFAULT NULL,
  `start_time` varchar(50) DEFAULT NULL,
  `end_time` varchar(50) DEFAULT NULL,
  `created_by` varchar(50) DEFAULT NULL,
  `created_at` datetime DEFAULT CURRENT_TIMESTAMP,
  `updated_at` datetime DEFAULT CURRENT_TIMESTAMP ON UPDATE CURRENT_TIMESTAMP,
  PRIMARY KEY (`id`)
) ENGINE=InnoDB AUTO_INCREMENT=5 DEFAULT CHARSET=utf8mb4 COLLATE=utf8mb4_0900_ai_ci;
/*!40101 SET character_set_client = @saved_cs_client */;

--
-- Dumping data for table `t_log_saved_filters`
--

LOCK TABLES `t_log_saved_filters` WRITE;
/*!40000 ALTER TABLE `t_log_saved_filters` DISABLE KEYS */;
INSERT INTO `t_log_saved_filters` VALUES (1,'核心设备错误日志','Syslog','[\"192.168.1.1/32\"]',NULL,'0,1,2,3',NULL,'','today',NULL,NULL,'admin','2025-11-29 16:41:51','2025-11-29 17:18:43'),(2,'登录审计日志','syslog','[\"10.0.0.0/24\"]','4,10','4,5,6','login;logout;session',NULL,'week',NULL,NULL,'admin','2025-11-29 16:41:51','2025-11-29 16:41:51'),(3,'配置变更追踪','syslog',NULL,'0,1','5,6','config;change;modify',NULL,'month',NULL,NULL,'admin','2025-11-29 16:41:51','2025-11-29 16:41:51');
/*!40000 ALTER TABLE `t_log_saved_filters` ENABLE KEYS */;
UNLOCK TABLES;

--
-- Table structure for table `t_log_settings`
--

DROP TABLE IF EXISTS `t_log_settings`;
/*!40101 SET @saved_cs_client     = @@character_set_client */;
/*!50503 SET character_set_client = utf8mb4 */;
CREATE TABLE `t_log_settings` (
  `id` int NOT NULL AUTO_INCREMENT,
  `retention_days` int DEFAULT '30',
  `forward_server_ip` varchar(50) DEFAULT NULL,
  `forward_server_port` int DEFAULT NULL,
  `is_forward_enabled` tinyint(1) DEFAULT '0',
  `created_at` datetime DEFAULT CURRENT_TIMESTAMP,
  `updated_at` datetime DEFAULT CURRENT_TIMESTAMP ON UPDATE CURRENT_TIMESTAMP,
  PRIMARY KEY (`id`)
) ENGINE=InnoDB AUTO_INCREMENT=2 DEFAULT CHARSET=utf8mb4 COLLATE=utf8mb4_0900_ai_ci;
/*!40101 SET character_set_client = @saved_cs_client */;

--
-- Dumping data for table `t_log_settings`
--

LOCK TABLES `t_log_settings` WRITE;
/*!40000 ALTER TABLE `t_log_settings` DISABLE KEYS */;
INSERT INTO `t_log_settings` VALUES (1,60,'192.168.100.200',514,1,'2025-11-29 16:41:56','2025-11-29 17:02:44');
/*!40000 ALTER TABLE `t_log_settings` ENABLE KEYS */;
UNLOCK TABLES;

--
-- Table structure for table `t_log_syslog`
--

DROP TABLE IF EXISTS `t_log_syslog`;
/*!40101 SET @saved_cs_client     = @@character_set_client */;
/*!50503 SET character_set_client = utf8mb4 */;
CREATE TABLE `t_log_syslog` (
  `id` bigint NOT NULL AUTO_INCREMENT,
  `received_at` datetime DEFAULT NULL,
  `event_time` datetime DEFAULT NULL,
  `source_ip` varchar(50) DEFAULT NULL,
  `device_type` varchar(50) DEFAULT NULL,
  `facility` int DEFAULT NULL,
  `severity` int DEFAULT NULL,
  `hostname` varchar(100) DEFAULT NULL,
  `message` text,
  `matched_rule_id` int DEFAULT NULL,
  `matched_event_id` int DEFAULT NULL,
  `is_alert` tinyint(1) DEFAULT '0',
  `created_at` datetime DEFAULT CURRENT_TIMESTAMP,
  `updated_at` datetime DEFAULT CURRENT_TIMESTAMP ON UPDATE CURRENT_TIMESTAMP,
  PRIMARY KEY (`id`)
) ENGINE=InnoDB AUTO_INCREMENT=21 DEFAULT CHARSET=utf8mb4 COLLATE=utf8mb4_0900_ai_ci;
/*!40101 SET character_set_client = @saved_cs_client */;

--
-- Dumping data for table `t_log_syslog`
--

LOCK TABLES `t_log_syslog` WRITE;
/*!40000 ALTER TABLE `t_log_syslog` DISABLE KEYS */;
INSERT INTO `t_log_syslog` VALUES (1,'2025-11-29 16:42:11','2025-11-29 16:42:11','192.168.1.1','switch',0,3,'core-switch-01','Interface GigabitEthernet0/1 down, link failure detected',1,NULL,1,'2025-11-29 16:42:11','2025-11-29 16:57:51'),(2,'2025-11-29 16:37:11','2025-11-29 16:37:11','192.168.1.1','switch',0,4,'core-switch-01','Interface GigabitEthernet0/1 up, link restored',1,NULL,0,'2025-11-29 16:42:11','2025-11-29 16:57:51'),(3,'2025-11-29 16:32:11','2025-11-29 16:32:11','192.168.1.2','switch',0,2,'access-switch-01','Critical: Power supply 2 failed',1,NULL,1,'2025-11-29 16:42:11','2025-11-29 16:57:51'),(4,'2025-11-29 16:27:11','2025-11-29 16:27:11','10.0.0.5','server',4,4,'web-server-01','User admin logged in successfully from 192.168.10.100',2,NULL,0,'2025-11-29 16:42:11','2025-11-29 16:57:56'),(5,'2025-11-29 16:22:11','2025-11-29 16:22:11','10.0.0.5','server',4,3,'web-server-01','Failed password for admin from 192.168.10.200 port 22 ssh2',2,NULL,1,'2025-11-29 16:42:11','2025-11-29 16:57:56'),(6,'2025-11-29 16:17:11','2025-11-29 16:17:11','192.168.100.1','firewall',0,5,'firewall-01','Policy rule 101 modified by admin',3,NULL,0,'2025-11-29 16:42:11','2025-11-29 16:58:00'),(7,'2025-11-29 16:12:11','2025-11-29 16:12:11','192.168.1.3','router',0,6,'router-01','Configuration saved to startup-config',1,NULL,0,'2025-11-29 16:42:11','2025-11-29 16:57:51'),(8,'2025-11-29 16:07:11','2025-11-29 16:07:11','10.0.0.10','server',1,2,'db-server-01','Database connection pool exhausted, critical error',2,NULL,1,'2025-11-29 16:42:11','2025-11-29 16:57:56'),(9,'2025-11-29 16:02:11','2025-11-29 16:02:11','192.168.1.1','switch',0,7,'core-switch-01','Debug: STP topology change detected on port Gi0/24',1,NULL,0,'2025-11-29 16:42:11','2025-11-29 16:57:51'),(10,'2025-11-29 15:57:11','2025-11-29 15:57:11','10.0.0.15','server',10,3,'app-server-01','Authentication failed for user testuser',2,NULL,1,'2025-11-29 16:42:11','2025-11-29 16:57:56'),(11,'2025-11-29 15:52:26','2025-11-29 15:52:26','192.168.1.4','switch',0,4,'access-switch-02','Port Gi0/10 connected, MAC address learned',1,NULL,0,'2025-11-29 16:42:26','2025-11-29 16:57:51'),(12,'2025-11-29 15:42:26','2025-11-29 15:42:26','10.0.0.20','server',3,4,'mail-server-01','Email sent successfully to external domain',2,NULL,0,'2025-11-29 16:42:26','2025-11-29 16:57:56'),(13,'2025-11-29 14:42:26','2025-11-29 14:42:26','192.168.1.1','switch',0,3,'core-switch-01','VLAN 100 configuration mismatch detected',1,NULL,1,'2025-11-29 16:42:26','2025-11-29 16:57:51'),(14,'2025-11-29 13:42:26','2025-11-29 13:42:26','192.168.100.1','firewall',0,4,'firewall-01','Blocked 1024 connection attempts from 203.0.113.50',3,NULL,1,'2025-11-29 16:42:26','2025-11-29 16:58:00'),(15,'2025-11-29 12:42:26','2025-11-29 12:42:26','10.0.0.5','server',4,6,'web-server-01','Apache service restarted successfully',2,NULL,0,'2025-11-29 16:42:26','2025-11-29 16:57:56'),(16,'2025-11-29 11:42:26','2025-11-29 11:42:26','192.168.1.5','switch',0,5,'access-switch-03','Spanning tree topology converged',1,NULL,0,'2025-11-29 16:42:26','2025-11-29 16:57:51'),(17,'2025-11-29 10:42:26','2025-11-29 10:42:26','10.0.0.10','server',1,4,'db-server-01','Backup completed successfully, 15GB transferred',2,NULL,0,'2025-11-29 16:42:26','2025-11-29 16:57:56'),(18,'2025-11-29 09:42:26','2025-11-29 09:42:26','192.168.1.2','switch',0,3,'access-switch-01','Temperature warning: 45C threshold exceeded',1,NULL,1,'2025-11-29 16:42:26','2025-11-29 16:57:51'),(19,'2025-11-29 08:42:26','2025-11-29 08:42:26','192.168.1.3','router',0,4,'router-01','BGP peer 192.168.200.1 established',1,NULL,0,'2025-11-29 16:42:26','2025-11-29 16:57:51'),(20,'2025-11-28 16:42:26','2025-11-28 16:42:26','10.0.0.25','server',10,2,'ldap-server-01','Critical: LDAP service unresponsive',2,NULL,1,'2025-11-29 16:42:26','2025-11-29 16:57:56');
/*!40000 ALTER TABLE `t_log_syslog` ENABLE KEYS */;
UNLOCK TABLES;

--
-- Table structure for table `ticket_priority`
--

DROP TABLE IF EXISTS `ticket_priority`;
/*!40101 SET @saved_cs_client     = @@character_set_client */;
/*!50503 SET character_set_client = utf8mb4 */;
CREATE TABLE `ticket_priority` (
  `id` bigint NOT NULL AUTO_INCREMENT,
  `priority_key` varchar(20) NOT NULL,
  `priority_name` varchar(50) NOT NULL,
  `priority_desc` varchar(255) DEFAULT NULL,
  `priority_level` int DEFAULT NULL,
  `color_code` varchar(20) DEFAULT NULL,
  `sla_target_hours` decimal(5,1) DEFAULT NULL COMMENT 'SLA目标时间(小时)',
  `is_active` int DEFAULT '1',
  `sort_order` int DEFAULT '0',
  `created_by` varchar(50) DEFAULT NULL,
  `created_at` datetime DEFAULT CURRENT_TIMESTAMP,
  `updated_by` varchar(50) DEFAULT NULL,
  `updated_at` datetime DEFAULT CURRENT_TIMESTAMP ON UPDATE CURRENT_TIMESTAMP,
  `deleted_by` varchar(50) DEFAULT NULL,
  `deleted_at` datetime DEFAULT NULL,
  `deleted` int DEFAULT '0',
  PRIMARY KEY (`id`),
  UNIQUE KEY `priority_key` (`priority_key`)
) ENGINE=InnoDB AUTO_INCREMENT=6 DEFAULT CHARSET=utf8mb4 COLLATE=utf8mb4_0900_ai_ci;
/*!40101 SET character_set_client = @saved_cs_client */;

--
-- Dumping data for table `ticket_priority`
--

LOCK TABLES `ticket_priority` WRITE;
/*!40000 ALTER TABLE `ticket_priority` DISABLE KEYS */;
INSERT INTO `ticket_priority` VALUES (1,'urgent','紧急','需要立即处理的紧急问题',1,'#ff0000',1.0,1,1,NULL,'2025-11-29 15:16:52',NULL,'2025-12-02 12:48:54',NULL,NULL,0),(2,'high','高','高优先级，需尽快处理',2,'#ff6600',4.0,1,2,NULL,'2025-11-29 15:16:52',NULL,'2025-12-02 12:48:54',NULL,NULL,0),(3,'medium','中','中等优先级，正常处理',3,'#ffcc00',8.0,1,3,NULL,'2025-11-29 15:16:52',NULL,'2025-12-02 12:48:54',NULL,NULL,0),(4,'low','低','低优先级，可延后处理',4,'#00cc00',24.0,1,4,NULL,'2025-11-29 15:16:52',NULL,'2025-12-02 12:48:54',NULL,NULL,0),(5,'critical','P0-致命级别','P0-致命级别优先级',5,'#6c757d',NULL,1,0,'admin','2025-11-29 15:34:45','admin','2025-11-29 15:35:40','admin','2025-11-29 15:35:40',1);
/*!40000 ALTER TABLE `ticket_priority` ENABLE KEYS */;
UNLOCK TABLES;

--
-- Table structure for table `ticket_source`
--

DROP TABLE IF EXISTS `ticket_source`;
/*!40101 SET @saved_cs_client     = @@character_set_client */;
/*!50503 SET character_set_client = utf8mb4 */;
CREATE TABLE `ticket_source` (
  `id` bigint NOT NULL AUTO_INCREMENT,
  `source_key` varchar(50) NOT NULL,
  `source_name` varchar(50) NOT NULL,
  `source_desc` varchar(255) DEFAULT NULL,
  `icon_class` varchar(100) DEFAULT NULL,
  `is_active` int DEFAULT '1',
  `deleted` int DEFAULT '0',
  `sort_order` int DEFAULT '0',
  `created_by` varchar(50) DEFAULT NULL,
  `created_at` datetime DEFAULT CURRENT_TIMESTAMP,
  `updated_by` varchar(50) DEFAULT NULL,
  `updated_at` datetime DEFAULT CURRENT_TIMESTAMP ON UPDATE CURRENT_TIMESTAMP,
  `deleted_by` varchar(50) DEFAULT NULL,
  `deleted_at` datetime DEFAULT NULL,
  PRIMARY KEY (`id`),
  UNIQUE KEY `source_key` (`source_key`)
) ENGINE=InnoDB AUTO_INCREMENT=6 DEFAULT CHARSET=utf8mb4 COLLATE=utf8mb4_0900_ai_ci;
/*!40101 SET character_set_client = @saved_cs_client */;

--
-- Dumping data for table `ticket_source`
--

LOCK TABLES `ticket_source` WRITE;
/*!40000 ALTER TABLE `ticket_source` DISABLE KEYS */;
INSERT INTO `ticket_source` VALUES (1,'alert','告警触发','由监控告警自动创建','fa-bell',1,0,1,NULL,'2025-11-29 15:16:56',NULL,'2025-11-29 15:16:56',NULL,NULL),(2,'manual','人工创建','运维人员手动创建','fa-user',1,0,2,NULL,'2025-11-29 15:16:56',NULL,'2025-11-29 15:16:56',NULL,NULL),(3,'scheduled','计划任务','定期维护任务自动创建','fa-calendar',1,0,3,NULL,'2025-11-29 15:16:56',NULL,'2025-11-29 15:16:56',NULL,NULL),(4,'user','用户报告','终端用户报障创建','fa-users',1,0,4,NULL,'2025-11-29 15:16:56',NULL,'2025-11-29 15:16:56',NULL,NULL),(5,'api','外部API接口','通过API接口创建的工单',NULL,1,1,0,NULL,'2025-11-29 15:39:34','admin','2025-11-29 15:40:11','admin','2025-11-29 15:40:11');
/*!40000 ALTER TABLE `ticket_source` ENABLE KEYS */;
UNLOCK TABLES;

--
-- Table structure for table `ticket_type`
--

DROP TABLE IF EXISTS `ticket_type`;
/*!40101 SET @saved_cs_client     = @@character_set_client */;
/*!50503 SET character_set_client = utf8mb4 */;
CREATE TABLE `ticket_type` (
  `id` bigint NOT NULL AUTO_INCREMENT,
  `type_key` varchar(50) NOT NULL,
  `type_name` varchar(50) NOT NULL,
  `type_desc` varchar(255) DEFAULT NULL,
  `icon_class` varchar(100) DEFAULT NULL,
  `color_code` varchar(20) DEFAULT NULL,
  `is_active` int DEFAULT '1',
  `deleted` int DEFAULT '0',
  `sort_order` int DEFAULT '0',
  `created_by` varchar(50) DEFAULT NULL,
  `created_at` datetime DEFAULT CURRENT_TIMESTAMP,
  `updated_by` varchar(50) DEFAULT NULL,
  `updated_at` datetime DEFAULT CURRENT_TIMESTAMP ON UPDATE CURRENT_TIMESTAMP,
  `deleted_by` varchar(50) DEFAULT NULL,
  `deleted_at` datetime DEFAULT NULL,
  PRIMARY KEY (`id`),
  UNIQUE KEY `type_key` (`type_key`)
) ENGINE=InnoDB AUTO_INCREMENT=8 DEFAULT CHARSET=utf8mb4 COLLATE=utf8mb4_0900_ai_ci;
/*!40101 SET character_set_client = @saved_cs_client */;

--
-- Dumping data for table `ticket_type`
--

LOCK TABLES `ticket_type` WRITE;
/*!40000 ALTER TABLE `ticket_type` DISABLE KEYS */;
INSERT INTO `ticket_type` VALUES (1,'fault','故障','设备或系统故障需要修复','fa-exclamation-triangle','#dc3545',1,0,1,NULL,'2025-11-29 15:16:54',NULL,'2025-11-29 15:16:54',NULL,NULL),(2,'change','变更','配置变更或系统升级','fa-exchange-alt','#17a2b8',1,0,2,NULL,'2025-11-29 15:16:54',NULL,'2025-11-29 15:16:54',NULL,NULL),(3,'maintenance','维护','日常维护和巡检','fa-tools','#6c757d',1,0,3,NULL,'2025-11-29 15:16:54',NULL,'2025-11-29 15:16:54',NULL,NULL),(4,'request','服务请求','用户服务请求','fa-headset','#28a745',1,0,4,NULL,'2025-11-29 15:16:54',NULL,'2025-11-29 15:16:54',NULL,NULL),(5,'emergency','紧急事件处理','需立即响应的紧急事件',NULL,'#007bff',1,1,0,'admin','2025-11-29 15:38:11','admin','2025-11-29 15:38:52','admin','2025-11-29 15:38:52'),(6,'dsf','effd','df',NULL,'#007bff',1,1,0,'admin','2025-11-29 15:41:32','admin','2025-11-29 15:41:43','admin','2025-11-29 15:41:43'),(7,'df','d','d',NULL,'#007bff',1,1,0,'admin','2025-12-03 10:17:21','admin','2025-12-03 10:17:23','admin','2025-12-03 10:17:23');
/*!40000 ALTER TABLE `ticket_type` ENABLE KEYS */;
UNLOCK TABLES;

--
-- Table structure for table `ticket_upload_history`
--

DROP TABLE IF EXISTS `ticket_upload_history`;
/*!40101 SET @saved_cs_client     = @@character_set_client */;
/*!50503 SET character_set_client = utf8mb4 */;
CREATE TABLE `ticket_upload_history` (
  `id` bigint NOT NULL AUTO_INCREMENT,
  `file_name` varchar(255) NOT NULL,
  `file_size` bigint DEFAULT NULL,
  `file_type` varchar(20) DEFAULT NULL,
  `uploader_id` bigint DEFAULT NULL,
  `uploader_name` varchar(50) DEFAULT NULL,
  `status` varchar(20) DEFAULT 'processing',
  `total_count` int DEFAULT '0',
  `success_count` int DEFAULT '0',
  `fail_count` int DEFAULT '0',
  `error_message` text,
  `file_path` varchar(500) DEFAULT NULL,
  `created_at` datetime DEFAULT CURRENT_TIMESTAMP,
  `updated_at` datetime DEFAULT CURRENT_TIMESTAMP ON UPDATE CURRENT_TIMESTAMP,
  `deleted` tinyint(1) DEFAULT '0',
  PRIMARY KEY (`id`)
) ENGINE=InnoDB AUTO_INCREMENT=3 DEFAULT CHARSET=utf8mb4 COLLATE=utf8mb4_0900_ai_ci;
/*!40101 SET character_set_client = @saved_cs_client */;

--
-- Dumping data for table `ticket_upload_history`
--

LOCK TABLES `ticket_upload_history` WRITE;
/*!40000 ALTER TABLE `ticket_upload_history` DISABLE KEYS */;
INSERT INTO `ticket_upload_history` VALUES (1,'test_tickets.csv',228,'csv',1,NULL,'failed',3,0,3,'列数不足，至少需要6列（标题,描述,优先级,类型,来源,创建人）',NULL,'2025-11-29 16:13:48','2025-11-29 16:13:48',0),(2,'test_tickets2.csv',256,'csv',1,NULL,'completed',3,3,0,NULL,NULL,'2025-11-29 16:14:04','2025-11-29 16:14:04',0);
/*!40000 ALTER TABLE `ticket_upload_history` ENABLE KEYS */;
UNLOCK TABLES;

--
-- Table structure for table `view_device`
--

DROP TABLE IF EXISTS `view_device`;
/*!40101 SET @saved_cs_client     = @@character_set_client */;
/*!50503 SET character_set_client = utf8mb4 */;
CREATE TABLE `view_device` (
  `id` bigint NOT NULL AUTO_INCREMENT,
  `name` varchar(100) DEFAULT NULL,
  `device_type` varchar(50) DEFAULT NULL,
  `ip_address` varchar(50) DEFAULT NULL,
  `status` varchar(20) DEFAULT 'offline',
  `location` varchar(255) DEFAULT NULL,
  `manufacturer` varchar(100) DEFAULT NULL,
  `model` varchar(100) DEFAULT NULL,
  `description` text,
  `created_at` datetime DEFAULT CURRENT_TIMESTAMP,
  `updated_at` datetime DEFAULT CURRENT_TIMESTAMP ON UPDATE CURRENT_TIMESTAMP,
  `deleted` int DEFAULT '0',
  PRIMARY KEY (`id`)
) ENGINE=InnoDB DEFAULT CHARSET=utf8mb4 COLLATE=utf8mb4_0900_ai_ci;
/*!40101 SET character_set_client = @saved_cs_client */;

--
-- Dumping data for table `view_device`
--

LOCK TABLES `view_device` WRITE;
/*!40000 ALTER TABLE `view_device` DISABLE KEYS */;
/*!40000 ALTER TABLE `view_device` ENABLE KEYS */;
UNLOCK TABLES;

--
-- Dumping routines for database 'aiops_db'
--
SET @@SESSION.SQL_LOG_BIN = @MYSQLDUMP_TEMP_LOG_BIN;
/*!40103 SET TIME_ZONE=@OLD_TIME_ZONE */;

/*!40101 SET SQL_MODE=@OLD_SQL_MODE */;
/*!40014 SET FOREIGN_KEY_CHECKS=@OLD_FOREIGN_KEY_CHECKS */;
/*!40014 SET UNIQUE_CHECKS=@OLD_UNIQUE_CHECKS */;
/*!40101 SET CHARACTER_SET_CLIENT=@OLD_CHARACTER_SET_CLIENT */;
/*!40101 SET CHARACTER_SET_RESULTS=@OLD_CHARACTER_SET_RESULTS */;
/*!40101 SET COLLATION_CONNECTION=@OLD_COLLATION_CONNECTION */;
/*!40111 SET SQL_NOTES=@OLD_SQL_NOTES */;

-- Dump completed on 2025-12-12 13:21:20
